ID,question,category
1,"Provide a concise summary of the following text: 'For the first time in eight years, a TV legend returned to doing what he does best. Contestants told to ""come on down!"" on the April 1 edition of ""The Price Is Right"" encountered not host Drew Carey but another familiar face in charge of the proceedings. Instead, there was Bob Barker, who hosted the TV game show for 35 years before stepping down in 2007. Looking spry at 91, Barker handled the first price-guessing game of the show, the classic ""Lucky Seven,"" before turning hosting duties over to Carey, who finished up. Despite being away from the show for most of the past eight years, Barker didn't seem to miss a beat.' Provide only the summary as the response.",summarize
2,"Provide a concise summary of the following text: 'Five Americans who were monitored for three weeks at an Omaha, Nebraska, hospital after being exposed to Ebola in West Africa have been released, a Nebraska Medicine spokesman said in an email Wednesday. One of the five had a heart-related issue on Saturday and has been discharged but hasn't left the area, Taylor Wilson wrote. The others have already gone home. They were exposed to Ebola in Sierra Leone in March, but none developed the deadly virus. They are clinicians for Partners in Health, a Boston-based aid group. They all had contact with a colleague who was diagnosed with the disease and is being treated at the National Institutes of Health in Bethesda, Maryland. As of Monday, that health care worker is in fair condition. The Centers for Disease Control and Prevention in Atlanta has said the last of 17 patients who were being monitored are expected to be released by Thursday. More than 10,000 people have died in a West African epidemic of Ebola that dates to December 2013, according to the World Health Organization. Almost all the deaths have been in Guinea, Liberia and Sierra Leone. Ebola is spread by direct contact with the bodily fluids of an infected person.' Provide only the summary as the response.",summarize
3,"Provide a concise summary of the following text: 'Filipinos are being warned to be on guard for flash floods and landslides as tropical storm Maysak approached the Asian island nation Saturday. Just a few days ago, Maysak gained super typhoon status thanks to its sustained 150 mph winds. It has since lost a lot of steam as it has spun west in the Pacific Ocean. It's now classified as a tropical storm, according to the Philippine national weather service, which calls it a different name, Chedeng. It boasts steady winds of more than 70 mph (115 kph) and gusts up to 90 mph as of 5 p.m. (5 a.m. ET) Saturday. Still, that doesn't mean Maysak won't pack a wallop. Authorities took preemptive steps to keep people safe such as barring outdoor activities like swimming, surfing, diving and boating in some locales, as well as a number of precautionary evacuations. Gabriel Llave, a disaster official, told PNA that tourists who arrive Saturday in and around the coastal town of Aurora ""will not be accepted by the owners of hotels, resorts, inns and the like ... and will be advised to return to their respective places."" Aldczar Aurelio, a meteorologist with the Philippine Atmospheric, Geophysical and Astronomical Services Administration (PAGASA), said the storm was centered 200 miles southwest of Aurora province as of 5 p.m. (5 a.m. ET) and heading west at a 12.5 mph clip. It's expected to make landfall Sunday morning on the southeastern coast of Isabela province and be out of the Philippines by Monday. Ahead of the storm. Isabela Gov. Faustino Dry III warned Saturday that residents should act as if this will be ""no ordinary typhoon."" Dry told PNA, ""We do not know what the impact will be once it will make landfall.""' Provide only the summary as the response.",summarize
4,"Provide a concise summary of the following text: 'If you're famous and performing the American national anthem, be prepared to become a national hero or a national disgrace. Facts are facts.  Just ask Vince, Whitney, Roseanne, Jimi and Michael. Mötley Crüe's Vince Neil reminded us again this week of the dangers of tackling ""The Star-Spangled Banner."" Sure, he can shred it on ""Girls, Girls, Girls"" and ""Dr. Feelgood,"" but this is a different story -- a completely different story. To say Neil butchered the song before the Las Vegas Outlaws Arena Football League game would be unkind to those in the profession.  There's less carnage when butchers are done with their work. The late Whitney Houston set the modern standard for the national anthem at Super Bowl XXV.  In the early stages of the Gulf War in 1991, a patriotic America saluted her performance. Just six months earlier, comedian Roseanne Barr may have established the low-water mark. The crowd at the San Diego Padres game booed her rendition and President George H. W. Bush called it ""disgraceful."" There's nothing quite like getting the presidential thumbs down. One of the most controversial and beloved versions of ""The Star-Spangled Banner"" comes from 1969. Guitar slinger Jimi Hendrix inflamed mainstream America with his psychedelic take on the national anthem to the delight of the Woodstock generation. And then there's Michael Bolton's version.  Overly wrought songs are his specialty and he doesn't disappoint in that department when he sings at the American League Championship Series in 2003.  Bolton belts it out, but there's one little problem -- the words.  Can anyone say crib notes?' Provide only the summary as the response.",summarize
5,"Provide a concise summary of the following text: 'London (CNN)A 19-year-old man was charged Wednesday with terror offenses after he was arrested as he returned to Britain from Turkey, London's Metropolitan Police said. Yahya Rashid, a UK national from northwest London, was detained at Luton airport on Tuesday after he arrived on a flight from Istanbul, police said. He's been charged with engaging in conduct in preparation of acts of terrorism, and with engaging in conduct with the intention of assisting others to commit acts of terrorism. Both charges relate to the period between November 1 and March 31. Rashid is due to appear in Westminster Magistrates' Court on Wednesday, police said. CNN's Lindsay Isaac contributed to this report.' Provide only the summary as the response.",summarize
6,"Provide a concise summary of the following text: 'Atlanta (CNN)Robert Lewis Burns Jr., the original drummer in Southern rock band Lynyrd Skynyrd, died Friday night in a car crash, a Georgia State Patrol spokesman said. Burns, 64, died after his car hit a mailbox and a tree in Cartersville, spokesman James Tallent said. No other cars were involved in the crash, which occurred shortly before midnight. ""He was not restrained at the time of the crash,"" Tallent told CNN. The musician lived in northern Georgia. Burns was part of the genre-defining band's original lineup, which formed in Jacksonville, Florida, in 1965. Lead singer Ronnie Van Zant started Noble Five with Burns, guitarists Gary Rossington and Allen Collins and bassist Larry Junstrom in their hometown. It then made a name change in a reference to a high school gym teacher. Lynyrd Skynyrd changed members over the years as it produced rock anthems including ""Sweet Home Alabama"" and ""Freebird."" Burns left the band before its third studio album, ""Nuthin Fancy,"" in 1975, ""exhausted by touring,"" according to the band's Rock and Roll Hall of Fame biography. He was not involved in the 1977 plane crash that killed three members, including Van Zant. The band was inducted into the Rock and Roll Hall of Fame in 2006. Lynyrd Skynyrd still tours with Rossington, the only original member still in the band. ""Today I'm at a loss for words but I just remember Bob being a funny guy,"" Rossington said on the band's official Facebook page. ""My heart goes out to his family and God bless him and them in this sad time. He was a great great drummer."" People we've lost in 2015.' Provide only the summary as the response.",summarize
7,"Provide a concise summary of the following text: 'When singer Avril Lavigne went missing from the music scene, there was tons of speculation. Was she pregnant? In rehab? Going through a split from her husband, Nickelback front man Chad Kroeger? Focus on the mystery intensified in December after a fan Twitter account posted a direct message from Lavigne when she solicited prayers, saying she was ""having some health issues."" Now the Canadian singer has revealed to People magazine that she was bedridden for five months after contracting Lyme disease. ""I felt like I couldn't breathe, I couldn't talk, and I couldn't move,"" she told the magazine. ""I thought I was dying."" Lyme disease: What you should know. Lavigne believes that she was bitten by a tick last spring. What followed was months of lightheadedness and lethargy that doctors were initially unable to diagnose. The 30-year-old performer said she recuperated in her Ontario home, where her husband would use tour breaks to care for her and her mother moved in to assist. ""There were definitely times I couldn't shower for a full week because I could barely stand,"" she told People. ""It felt like having all your life sucked out of you."" Opinion: Why you should be afraid of Lyme disease. After her direct message about her health went viral, Lavigne was inundated with concern from fans. ""The get-well messages and videos they sent touched me so deeply,"" she said. Now declaring herself ""80 percent better,"" Lavigne is releasing a new single this month to support the 2015 Special Olympics and says that being ill was a ""wake-up call"" that has given her a new perspective. ""I really just want to enjoy life from here on out,"" she said.' Provide only the summary as the response.",summarize
8,"Provide a concise summary of the following text: '""Jake the dog and Finn the human. The fun will never end. Adventure Time."" So begins the dreamy theme song intro to the strangely addictive Cartoon Network TV show that's centered around psychedelic characters like the Ice King, Marceline the Vampire Queen and, of course, Jake and Finn. Now, mega-fans of the hit show can experience ""Adventure Time"" in the skies. Thai Smile, a subsidiary of Thailand flag carrier Thai Airways, on Thursday unveiled colorful new livery featuring Jake, Finn and the beloved Princess Bubblegum sprawled across an Airbus A320 at Bangkok's Suvarnabhumi International Airport. The interior of the plane also has an Adventure Time theme, with overhead bins, head rests and even air sickness bags covered in the faces of characters from the show. Airlines show off their new flying colors. The Adventure Time plane is the result of a partnership between Thai Airways subsidiary Thai Smile and Cartoon Network Amazone, a new water park near the Thai resort city of Pattaya featuring attractions based on shows that appear on the Turner Broadcasting System channel. Turner Broadcasting is a parent company of CNN. Check out these cool airline liveries. The inaugural Thai Smile Adventure Time flight takes place on April 4, heading from Bangkok to Phuket.' Provide only the summary as the response.",summarize
9,"Provide a concise summary of the following text: 'A high temperature of 63.5 degrees Fahrenheit might sound like a pleasant day in early spring -- unless you're in Antarctica. The chilly continent recorded the temperature (15.5 degrees Celsius) on March 24, possibly the highest ever recorded on Antarctica, according to the Weather Underground. The temperature was recorded at Argentina's Esperanza Base on the northern tip of the Antarctica Peninsula, according to CNN affiliate WTNH. (Note to map lovers: The Argentine base is not geographically part of the South American continent.) The World Meteorological Organization, a specialized United Nations agency, is in the process of setting up an international ad-hoc committee of about 10 blue-ribbon climatologists and meteorologists to begin collecting relevant evidence, said Randy Cerveny, the agency's lead rapporteur of weather and climate extremes and Arizona State University professor of geographical sciences. The committee will examine the equipment used to measure the temperature, whether it was in good working order, whether the correct monitoring procedures were followed, whether the equipment was placed in the correct location and whether the measurement is matched by corresponding records from surrounding stations, Cerveny said. The committee will discuss the issues and make a recommendation to Cerveny, who will make an official finding, probably by late summer or early fall. Researchers who study climate change carefully watch weather changes in the Antarctic region and elsewhere for evidence that the Earth is getting warmer.' Provide only the summary as the response.",summarize
10,"Provide a concise summary of the following text: 'Deion Sanders is such a dad. The NFL legend called out Deion Sanders Jr. on Twitter for saying he only eats ""hood doughnuts."" In response, the elder Sanders -- in front of his 912,000 followers -- reminded his son he has a trust fund, a condo and his own clothing line called ""Well Off."" ""You're a Huxtable with a million $ trust fund. Stop the hood stuff!"" Sanders followed it up with another tweet that included the hashtags #versacesheets #Huxtable and #Trustfund. Junior is a wide receiver at Southern Methodist University, an aspiring entrepreneur and occasional rapper. His Twitter timeline is a mix of biblical verses, motivational quotes and references to sports, cars, school and Balenciaga shoes. He also has gone on record with his love for ""hood doughnuts,"" or confections from ""a place in the hood,"" saying ""if my doughnuts don't come in a plain white box, I don't want them!"" His father promptly put him in his place. Sanders Jr. seemed to take the public browbeating in stride, retweeting his father's comments. At least he knew better than to delete them.' Provide only the summary as the response.",summarize
11,"Provide a concise summary of the following text: 'Imprisoned soldier Chelsea Manning can now communicate with the world  -- in 140 characters or less. Manning, who is serving a 35-year prison sentence for leaking thousands of classified documents, appears to have joined Twitter this week. In a series of tweets, the prisoner formerly known as Bradley Manning said she will be using a voice phone to dictate her tweets to  communications firm Fitzgibbon Media, which will post them on her behalf. She is not allowed Internet access in prison, according to The Guardian. ""It will be hard, but I don't want this Twitter feed to be a one-way street/conversation,"" Manning posted to her nearly 26,000-plus followers. Manning was sentenced in 2013, and in August of that year, she said she wanted to transition to a female. The Fort Leavenworth Disciplinary Barracks in Kansas, where she is serving her sentence, has authorized hormone therapy for her treatment. Manning said she suffers from gender dysphoria. Her  lawyers describe it as ""the medical diagnosis given to individuals whose gender identity -- their innate sense of being male or female -- differs from the sex they were assigned at birth, causing clinically significant distress."" Last year, a Kansas judge granted her request to be formally known as Chelsea Elizabeth Manning. The former Army intelligence analyst was convicted of stealing and disseminating 750,000 pages of documents and videos to WikiLeaks in what has been described as the largest leak of classified material in U.S. history. She was found guilty of 20 of the 22 charges, including violations of the U.S. Espionage Act. Manning has written opinion pieces for The New York Times and The Guardian from prison.' Provide only the summary as the response.",summarize
12,"Provide a concise summary of the following text: 'Film director David Lynch has confirmed he will no longer direct the revival of ""Twin Peaks"" -- a cult 1990s television show that was set to return in 2016. The offbeat TV series, created by Lynch and Mark Frost, featured a quirky FBI agent who went to the Pacific Northwest town of Twin Peaks to investigate the mysterious murder of a high school girl named Laura Palmer. The groundbreaking series is considered one of the most influential shows in television history. Lynch broke the news about his departure in a series of tweets, saying that the show's third season will continue without him. He said he felt the network was not offering enough money to produce the show ""the way it needed to be done."" Lynch also wrote that he had personally called the actors over the weekend to let them know he would no longer be directing. Showtime Network, which will air the nine-episode comeback, released a statement saying they were ""saddened"" by Lynch's decision. ""We were saddened to read David Lynch's statement today since we believed we were working towards solutions with David and his reps on the few remaining deal points,"" read the statement. ""Showtime also loves the world of Twin Peaks and we continue to hold out hope that we can bring it back in all its glory with both of its extraordinary creators, David Lynch and Mark Frost, at its helm."" Showtime announced they would produce a third season in October last year. Actor Kyle MacLachlan, who played the coffee-obsessed FBI agent Dale Cooper in the original series, had confirmed he would reprise the lead role for the new season.' Provide only the summary as the response.",summarize
13,"Provide a concise summary of the following text: 'A University of Kentucky basketball player is apologizing for the ""poor choice of words"" he muttered under his breath after the team's stunning loss to Wisconsin on Saturday. As a deflated panel of Wildcats fielded a reporter's question about Wisconsin standout Frank Kaminsky, a hot mic picked up Kentucky guard Andrew Harrison saying of Kaminsky, ""F**k that (N-word)."" Harrison, who is is black, said his words were ""in jest,"" and that he meant no disrespect to Kaminsky, who is white. ""First I want to apologize for my poor choice of words used in jest towards a player I respect and know,"" Harrison tweeted. ""When I realized how this could be perceived I immediately called big frank to apologize and let him know I didn't mean any disrespect."" Kaminsky -- the 2015 Associated Press player of the year -- said Sunday that he was ""over it."" ""He reached out to me. We talked about it. [I'm] Over it,"" he said. ""Nothing needs to be made out of it."" Harrison said he wished Kaminsky well in Monday's national title game against Duke. ""We had a good conversation, and I wished him good luck in the championship game Monday."" CNN reached out to Kentucky for comment on Sunday but did not hear back. Kentucky vs. Wisconsin nets biggest Final Four ratings in 22 years.' Provide only the summary as the response.",summarize
14,"Provide a concise summary of the following text: 'Hong Kong (CNN)Six people were hurt after an explosion at a controversial chemical plant in China's southeastern Fujian province sparked a huge fire, provincial authorities told state media. The plant, located in Zhangzhou city, produces paraxylene (PX), a reportedly carcinogenic chemical used in the production of polyester films and fabrics. The blast occurred at an oil storage facility Monday night after an oil leak, though local media has not reported any toxic chemical spill. Five out of six people were injured by broken glass and have been sent to the hospital for treatment, Xinhua news agency reported. More than 600 firefighters were sent to battle the blaze and the fire is now under control, the Zhangzhou fire department wrote on their official microblogging account Tuesday morning. Residents living close to the plant had heard the explosion and took to Weibo to post photos of the fire. One user wrote that he heard a loud blast and felt slight tremors. The plant was hit by another explosion in July 2013, although there were no reports of casualties or toxic leaks at the time. Though demonstrations are illegal in China, the construction of PX plants has sparked protests, which have occasionally turned violent, in several cities in recent years. The Zhangzhou plant was slated for Xiamen -- a densely populated city in the southeast of the country. However, it provoked an angry backlash in 2007 due to pollution concerns and prompted the local government to relocate the factory to its current, more remote location.' Provide only the summary as the response.",summarize
15,"Provide a concise summary of the following text: 'Boston native Mark Wahlberg will star in a film about the Boston Marathon bombing and the manhunt that followed, Deadline reported Wednesday. Wahlberg's film, to be titled ""Patriots' Day,"" is being produced by CBS Films, which linked to the Deadline article from its website. According to Deadline, Wahlberg is hoping to play Boston Police Commissioner Ed Davis, who retired after the attack in 2013. The film will be told from Davis' point of view. The film will feature material researched and shot by CBS Films' corporate sibling, the CBS News program ""60 Minutes."" Wahlberg is also a producer of the film. ""Patriots' Day"" is the second film related to the Boston bombing to be announced. Fox announced in November that it will be making a film called ""Boston Strong"" about the event.' Provide only the summary as the response.",summarize
16,"Provide a concise summary of the following text: 'What do we have for the contestant on ""The Price Is Right""? A brand-new car! Whoops. That wasn't supposed to happen. On Thursday's edition of the popular game show, model Manuela Arbelaez accidentally revealed the correct answer to a guessing game for a new Hyundai Sonata. Host Drew Carey couldn't stop laughing. ""Congratulations! Manuela just gave you a car!"" he exulted. Arbelaez was mortified, attempting to hide behind the display. But everything turned out OK, she tweeted later. It's been a busy week for ""The Price Is Right."" On Wednesday, former host Bob Barker, 91, showed up to run his old show.' Provide only the summary as the response.",summarize
17,"Provide a concise summary of the following text: 'One hundred and forty-seven victims. Many more families affected. Even more broken hopes and dreams. As Kenyans mourned those killed last week in one of the deadliest terrorist attacks in the nation, citizens used social media to share the victims' stories, hopes and dreams. Using the hashtag #147notjustanumber -- a reference to the number of people, mostly students, killed at Garissa University College on Thursday -- Kenyans tweeted pictures of the victims in happier times. Kenyan authorities have not released a list of the victims. The posts provided heart-wrenching details on the victims, including one about an elderly man whose dreams died with his son. He had reportedly taken a loan to educate him at the university, where he was killed by Al-Shabaab terrorists. The attack in Kenya killed 142 students, three security officers and two university security personnel, and was the nation's deadliest since the bombing of the U.S. Embassy in 1998. Kenyan churches mourned the dead during Easter services Sunday as armed guards protected the congregations. In emotional services nationwide, churchgoers wept as they paid tribute to the victims of the massacre. The gunmen who attacked the university in the predawn hours separated Muslims from Christians and killed the latter. The extremist group has also killed Muslims in recent attacks. The Interior Ministry has identified one of the attackers killed by security forces as the son of a government official. The father of suspect Abdirahim Abdullahi is a chief in Mandera and had reported his son missing, officials said. The Islamist extremist group is based in Somalia, but it hasn't confined its terrorism to the nation that shares a border with Kenya. In 2013, militants attacked Nairobi's upscale Westgate Mall, killing nearly 70 people.' Provide only the summary as the response.",summarize
18,"Provide a concise summary of the following text: 'Authorities identified and charged a man Monday in connection with the discovery of human remains in a duffel bag in Cambridge, Massachusetts, over the weekend. Carlos Colina, 32, was arraigned on charges of assault and battery causing serious bodily injury and improper disposal of a body, the Middlesex District Attorney's Office said in a statement. ""This was a gruesome discovery,"" said District Attorney Marian Ryan. ""Detectives are continuing to analyze evidence and awaiting information from the Office of the Chief Medical Examiner so that we may determine if additional charges are warranted."" Police were notified Saturday morning about a suspicious item along a walkway in Cambridge. Officers arrived at the scene, opened a duffel bag and found human remains. After that discovery, police say, a surveillance video led them to an apartment building, where more body parts were discovered in a common area. That location is near the Cambridge Police Department headquarters. The remains at both locations belonged to the same victim, identified Monday as Jonathan Camilien, 26. Camilien and Colina knew each other, according to authorities. The next scheduled hearing in the case is set for April 14. CNN's Andreas Preuss contributed to this report.' Provide only the summary as the response.",summarize
19,"Provide a concise summary of the following text: 'For those wondering if we would ever hear from the Bluth family again, the answer would appear to be yes. ""Arrested Development"" executive producer Brian Grazer said the show will return for a fifth season of 17 episodes. The Hollywood mogul was interviewed on Bill Simmons' podcast recently, and let it drop that fans can expect more of the quirky comedy. Netflix had no comment for CNN when asked to verify his statements. The fourth season was streamed exclusively on Netflix in 2013, after Fox canceled the show several years before. Despite critical acclaim, the series never had big ratings, but has a devoted fan base, who often quote from the show. It was not yet known if the full cast, including Jason Bateman, Michael Cera and Will Arnett, will return for the season.' Provide only the summary as the response.",summarize
20,"Provide a concise summary of the following text: 'New Delhi, India (CNN)Police have arrested four employees of a popular Indian ethnic-wear chain after a minister spotted a security camera overlooking the changing room of one of its stores. Federal education minister Smriti Irani was visiting a FabIndia outlet in the tourist resort state of Goa on Friday when she discovered a surveillance camera pointed at the changing room, police said. Four employees of the store have been arrested, but its manager -- herself a woman -- was still at large Saturday, said Goa police superintendent Kartik Kashyap. State authorities launched their investigation right after Irani levied her accusation. They found an overhead camera that the minister had spotted and determined that it was indeed able to take photos of customers using the store's changing room, according to Kashyap. After the incident, authorities sealed off the store and summoned six top officials from FabIndia, he said. The arrested staff have been charged with voyeurism and breach of privacy, according to the police. If convicted, they could spend up to three years in jail, Kashyap said. Officials from FabIndia -- which sells ethnic garments, fabrics and other products -- are heading to Goa to work with investigators, according to the company. ""FabIndia is deeply concerned and shocked at this allegation,"" the company said in a statement. ""We are in the process of investigating this internally and will be cooperating fully with the police.""' Provide only the summary as the response.",summarize
21,"Provide a concise summary of the following text: 'Nine British citizens were arrested in Turkey on Wednesday, suspected of trying to cross illegally into Syria, the Turkish military said on its website. The group included four children -- the oldest being 10 or 11, with the youngest born in 2013, a Turkish official told CNN on condition of anonymity. The nine were arrested at the Turkey-Syria border, the Turkish military said. It didn't say why the group allegedly was trying to get into Syria, which has been torn by a roughly four-year war between Syrian government forces and Islamist extremist groups and other rebels. Among the war's combatants is ISIS, which has taken over parts of Syria and Iraq for what it claims is its Islamic caliphate, and which is known to have been recruiting Westerners. Accompanying the children were three men and two women; all nine had British passports, the Turkish official said. UK police charge man with terror offenses after Turkey trip. The British Foreign Office said Wednesday that it is aware of reports of the arrests and that it is seeking information about the incident from Turkish authorities. CNN's Gul Tuysuz reported from Istanbul, and Elaine Ly reported from London. CNN's Jason Hanna contributed to this report.' Provide only the summary as the response.",summarize
22,"Provide a concise summary of the following text: 'Kayahan, one of Turkey's best-loved singers and songwriters, died of cancer Friday at the age of 66. He had performed most recently in Istanbul on Valentine's Day. The performer, who was also an accomplished guitarist, was first diagnosed with cancer in 1990, the year he competed in the Eurovision Song Contest, and the year before he released the album that ignited his career. The cancer returned in 2005 and then again in 2014, Turkey's semiofficial Anadolu Agency reported. He died Friday in a hospital in Istanbul, five days after his 66th birthday. ""We are in grief over losing Kayahan, who contributed to Turkish music with countless compositions and marked a generation with his songs,"" Prime Minister Ahmet Davutoglu tweeted. The singer, whose full name was Kayahan Acar, was born in Izmir province, in western Turkey on March 29, 1949. He grew up in Ankara, Turkey's capital, before moving to Istanbul. In 1990, he competed in the Eurovision Song Contest, finishing 17th. The following year he released an album titled ""I Made a Vow,"" which catapulted him to prominence. Though he recorded nearly 20 albums, that one would remain his most popular. His final album was released in 2007. Other artists recorded his material throughout his career. Videos available online show a vibrant performer with a thick shock of dark hair as he accompanies himself on guitar and croons in a clear tenor. Kayahan was best known for his love songs. More recent videos show a  frailer performer, seated and without a guitar, but still clearly glorying in the joy of singing a song.' Provide only the summary as the response.",summarize
23,"Provide a concise summary of the following text: 'A nuclear submarine being repaired at a Russian shipyard has caught on fire, according to a law enforcement source speaking to Russia's state-run news agency ITAR-Tass. ""The submarine is in a dry dock,"" Tass reports, citing the source, and there is no ammunition on board. ""The rubber insulation between the submarine's light and pressure hull is on fire,"" Tass reported. Russia's RIA Novosti news agency says insulation caught on fire as welding work was being done on the submarine. Tass reported that the fire began on a sub in the Zvyozdochka shipyard in northwestern Russia. Zvyozdochka spokesman Yevgeny Gladyshev told the news agency that the sub had been undergoing repairs since November 2013. ""Nuclear fuel from the sub's reactor has been unloaded,"" he reportedly said. ""There are no armaments or chemically active, dangerous substances, fissionable materials on it,"" Gladyshev said to Tass. ""The enterprise's personnel left the premises when the submarine caught fire, no one has been injured. The fire presents no threat to people and the shipyard.""' Provide only the summary as the response.",summarize
24,"Provide a concise summary of the following text: 'Four workers died in a massive oil rig fire that raged for hours off the coast of Mexico Wednesday. Mexican state oil company Pemex said 45 workers were injured in the blaze, which began early Wednesday morning. Two of them are in serious condition, the company said. Authorities evacuated about 300 people from the Abkatun Permanente platform after the fire started, Pemex said. At least 10 boats worked to battle the blaze for hours. The fire had been extinguished by Wednesday night, Pemex said in a Twitter post. The company denied rumors that the platform had collapsed and said there was no oil spill as a result of the fire. The state oil company hasn't said what caused the fire on the platform, which is located in the Gulf of Mexico's Campeche Sound. The fire began in the platform's dehydration and pumping area, Pemex said. CNN's Mayra Cuevas contributed to this report.' Provide only the summary as the response.",summarize
25,"Provide a concise summary of the following text: 'A French-language global television network regained control of one of its 11 channels Thursday after a cyberattack a day earlier crippled its broadcasts and social media accounts. Television network TV5Monde was gradually regaining control of its channels and social media outlets after suffering what the network's director called an ""extremely powerful cyberattack."" In addition to its 11 channels, TV5Monde lost control of its social media outlets and its websites, director Yves Bigot said in a video message posted later on Facebook. On a mobile site, which was still active, the network said it was ""hacked by an Islamist group."" ISIS logos and markings appeared on  TV5Monde social media accounts. But there was no immediate claim of responsibility by ISIS or any other group. As day broke Thursday in Europe, the network had regained the use of one of its 11 channels and its Facebook page, Paul Germain, the chain's editor in chief, told BFMTV, a CNN affiliate in France. However, by late morning, a number of pages on the network's website had messages saying they were under maintenance. The outage began around 8:45 p.m. Paris time (2:45 p.m. ET) on Wednesday. TV5Monde offers round-the-clock entertainment and news programming that reaches 260 million homes worldwide, according to the Ministry of Culture and Communications. It functions under a partnership among the governments of France, Canada and Switzerland, as well as the Wallonia-Brussels Federation. Other networks that provide content to TV5Monde include CNN affiliates France 2 and France 3, France 24 and Radio France International.' Provide only the summary as the response.",summarize
26,"Provide a concise summary of the following text: 'Kabul, Afghanistan (CNN)Three people were killed and five others were wounded Thursday afternoon when a group of armed assailants stormed into the attorney general's office in Balkh province, northern Afghanistan, according to a press release from the provincial governor's office. Although most staff members and civilians have been rescued, an exchange of fire between Afghan security forces and the assailants is ongoing, the statement says. Two police officers and a security guard of the provincial attorney general's office were among the dead. Afghan security forces are cautiously making advances in the fight in order to avoid civilian casualties, according to the press statement.' Provide only the summary as the response.",summarize
27,"Provide a concise summary of the following text: 'A mammoth fire broke out Friday morning in a Kentucky industrial park, sending plumes of thick smoke over the area as authorities worked to contain the damage. The blaze began shortly before 7 a.m. at the General Electric Appliance Park in Louisville, according to Mike Weimer from the city's emergency management agency. He said that there were no reports of anyone injured or trapped. Video showed both smoke and bright orange flames. Firefighters took up positions around the affected buildings, spraying water from the periphery. Weimer told CNN that authorities didn't know what had caused the fire, which had gone to at least four alarms. According to a GE website, its facility in the Louisville Appliance Park is ""revitalizing manufacturing in the United States."" The park is large, such that 34 football fields could fit in one of its warehouses in the facility.' Provide only the summary as the response.",summarize
28,"Provide a concise summary of the following text: 'Their relationship led to jail time for her, but Mary Kay Letourneau Fualaau wants the world to know that she and her husband, Vili Fualaau, are still happily together. She was a married 34-year-old teacher and mother of four in Seattle in 1996 when she began an affair with Fualaau, her 13-year-old student. Letourneau gave birth to her young lover's child and went on to serve more than seven years in prison on charges related to their sexual relationship. On Friday, ABC's ""20/20"" will air an exclusive interview with the couple, who will celebrate their 10th wedding anniversary on May 20. The pair wed soon after she was released from prison in 2005 and are now the parents of two teen girls. According to ABC, during the interview with Barbara Walters, ""Mary Kay tells Walters what makes their marriage work in spite of their huge difference in their age."" ""She also discusses her surprising plans to teach again, as well as her intentions to have her status as a registered sex offender lifted,"" a posting on the network's site says. ""Vili Fualaau, meanwhile, discusses his bouts with alcoholism, depression and why he believes the system failed him while he was still a minor."" Letourneau Fualaau is now 53, and her husband is 31.' Provide only the summary as the response.",summarize
29,"Provide a concise summary of the following text: 'They're not gonna take it anymore. Really. Twisted Sister says that its 2016 tour will be its last, according to a press release. Next year marks the band's 40th anniversary, and to celebrate, the tour is being titled ""Forty and F*ck It."" ""It's official: Farewell,"" Twisted Sister singer Dee Snider posted on Facebook. Snider also noted that the band will play with a new drummer, Mike Portnoy of Adrenaline Mob. Portnoy replaces A.J. Pero, who died March 20. The band will also perform two shows in Pero's honor: one at Las Vegas' Hard Rock Hotel and Casino, the other at the Starland Ballroom in Sayreville, New Jersey. The latter is in support of Pero's family. Twisted Sister's biggest hit, ""We're Not Gonna Take It,"" hit the Top Forty in 1984 and was featured in a popular video.' Provide only the summary as the response.",summarize
30,"Provide a concise summary of the following text: 'Buzz has surrounded HBO's new documentary ""Going Clear: Scientology and the Prison of Belief,"" but Scientologist John Travolta is not a fan. Travolta told the Tampa Bay Times that he has not seen the documentary, ""and I don't really care to."" ""I've been so happy with my (Scientology) experience in the last 40 years that I really don't have anything to say that would shed light on (a documentary) so decidedly negative,"" Travolta said. The actor, one of the Church of Scientology's most high-profile members along with stars like Tom Cruise and Kirstie Alley, is premiering his new film, ""The Forger,"" in Clearwater, Florida. The HBO documentary is based on the book ""Going Clear: Scientology, Hollywood, and the Prison of Belief"" by Lawrence Wright and is critical of the organization, which has close ties to the showbiz industry. Travolta said he believed the doc was a result of ""people who were disgruntled with their experiences"" with the Church of Scientology, which he touted as a positive experience for him. ""I haven't experienced anything that the hearsay has (claimed), so why would I communicate something that wasn't true for me?"" Travolta asked. ""It wouldn't make sense, nor would it for Tom (Cruise), I imagine."" He called Scientology ""brilliant"" and credited the church with helping him to survive the death of his teen son, Jett, after a seizure while the family was on vacation in the Bahamas in 2009. ""Oh, my God, I wouldn't have made it,"" said Travolta, whose wife, Kelly Preston, is also a member. ""Honestly.""' Provide only the summary as the response.",summarize
31,"Provide a concise summary of the following text: 'Blues legend B.B. King was hospitalized for dehydration, though the ailment didn't keep him out for long. King's dehydration was caused by his Type II diabetes, but he ""is much better,"" his daughter, Claudette King, told the Los Angeles Times. The legendary guitarist and vocalist released a statement thanking those who have expressed their concerns. ""I'm feeling much better and am leaving the hospital today,"" King said in a message Tuesday. Angela Moore, a publicist for Claudette King, said later in the day that he was back home resting and enjoying time with his grandchildren. ""He was struggling before, and he is a trouper,"" Moore said. ""He wasn't going to let his fans down."" No more information on King's condition or where he was hospitalized was immediately available. B.B. is short for Blues Boy, part of the name he used as a Memphis disc jockey, the Beale Street Blues Boy. He was inducted into the Rock and Roll Hall of Fame in 1987, and has 30 Grammy nominations. King, 89, has used various models of Gibson guitars over the years, and named each one of them Lucille. In the 1980s, Gibson officially dropped the model number on the guitar he used last and most. It became a custom-made signature model named Lucille, manufactured exclusively for the ""King of the Blues."" Some of his hits include ""The Thrill Is Gone,"" which won him his first Grammy in 1970, ""There Must be a Better World Somewhere"" and ""When Love Comes to Town,"" a collaboration with U2. Last year, the bluesman suffered from dehydration and exhaustion after a show in Chicago, forcing him to cancel the remainder of his tour. CNN's Greg Botelho and Sonya Hamasaki contributed to this report.' Provide only the summary as the response.",summarize
32,"Provide a concise summary of the following text: 'Tornado sirens blared Wednesday night in Kansas as several storms brought reports of twisters. Spotters reported a tornado about 6 miles northwest of Goddard, which is less than 15 miles west of Wichita.  That storm moved to the northeast, missing the city, but posing potential risks to other communities. ""There will be storms ... that pop up all night long,"" said CNN severe weather expert Chad Myers. ""Nighttime tornadoes are the most deadly, are the most dangerous."" Other reports of tornadoes came in from southwestern Kansas, according to the Storm Prediction Center. Three of the sightings were near Aetna, 125 miles southwest of Wichita. Kansas wasn't the only state affected by the storms. The National Weather Service indicated a tornado may have touched down in the small town of Potosi, Missouri, about 70 miles from St. Louis. CNN affiliate KMOV reported that it had received reports of wind damage and flooding in the town. One Instagram user there posted a photo of a fallen tree. Aerial footage also showed damage to roofs and one street overtaken by water. Not far away from Potosi, Shyler and Christin Strube in Leadington posted an Instagram picture of some unusual dark clouds. And a Twitter user in Farmington got bad news when he went out to his car. ""They weren't kidding when they said baseball size (hail),"" Kevin Knox wrote. On Thursday, more storms are expected in the Midwest, Mississippi River Valley, Tennessee River Valley and near the southern Great Lakes, the weather service said. CNN's Sean Morris and AnneClaire Stapleton contributed to this report.' Provide only the summary as the response.",summarize
33,"Provide a concise summary of the following text: 'Anyone who has given birth -- or been an observer of the event -- knows how arduous it can be. But to do it live on the Internet? With two hooves sticking out for several minutes in the midst of labor? Luckily, Katie -- a giraffe at the Dallas Zoo -- is a champ. In an hour-long labor captured by 10 cameras and streamed live by Animal Planet, Katie gave birth to a not-so-little baby (about 6 feet tall) early Friday evening. There was no immediate word on the newborn's gender or condition. But there were good signs, as seen on the live stream and Dallas Zoo's Twitter feed -- like its ears moving, its efforts to stand, and its nursing (or at least trying to nurse) from mom. ""We're so proud,"" the zoo tweeted. The newcomer's debut was a long time coming, especially when you count for Katie's 15-month gestation period -- average for a giraffe, according to Animal Planet. The baby joins a sister, 4-year-old calf Jamie. It wasn't immediately known how many people online saw Katie go into labor and give birth. But the giraffe definitely did have watchers in the form of fellow giraffes who saw the scene unfold from an abutting barn, one of them being Katie's BFF Jade. The fact that the spunky Katie held up so well under the spotlight isn't a total shocker.  The zoo describes her as the ""diva"" among a herd of 12 giraffes at the zoo who loves to ""toss her head around"" when she doesn't like something. As Animal Planet noted, ""She's one of the only giraffes at the Dallas Zoo who can stick her long tongue out on cue."" CNN's Justin Lear contributed to this report.' Provide only the summary as the response.",summarize
34,"Provide a concise summary of the following text: 'Washington (CNN)Washington was rocked late Thursday by shootings -- one at the gates of the U.S. Census Bureau's headquarters and another in a popular area packed with restaurant patrons. The shootings were connected, authorities said. They began with what authorities believe was a domestic kidnapping incident, according to D.C. Police Chief Cathy Lanier. The suspect's vehicle was spotted outside the Census Bureau, which is in Suitland, Maryland. A guard apparently approached the vehicle and saw two people arguing. That guard was then shot at least once in the upper body, said Prince George's County Fire Department spokesman Mark Brady. The guard was in extremely critical condition, according to Brady. The police chief said the suspect then fled the scene. Officers picked up the chase, and the suspect fired gunshots at multiple locations, Lanier said. The chase ended in a crash on Washington's busy H Street. A shootout ensues, Lanier said. An officer and the suspect were wounded, according to the police chief. Both were conscious and talking when they left the scene. ""Right now, we have every reason to believe that the car that we have in this last incident here is the same car involved and the same person involved in the kidnapping,"" she said. Lanier told reporters the kidnapping victim was located and is in good condition. She did not identify the suspect, nor the guard, nor the officer who were injured. Steve Brusk reported from Washington. Dana Ford wrote from Atlanta. CNN's Greg Botelho also contributed to this report.' Provide only the summary as the response.",summarize
35,"Provide a concise summary of the following text: '#UporDown? That's the trending question on social media, thanks to a photo of a cat coming down some stairs. Or is it going up some stairs? (And you thought you were done with this kind of optical illusion free-for-all after #TheDress.) The picture was apparently uploaded on Imgur a few days ago and has caught fire thanks to a post on the website 9gag.com. Some people are noting the apparent motion of the cat. Others are commenting about the construction of the stairs. (Nobody has mentioned that some cats we could name would be more likely to stop in the middle of the steps and play with a mousie.) Of course, where there's public debate, there are advertisers waiting to take advantage of the situation. Taxes? Now, those are REALLY confusing.' Provide only the summary as the response.",summarize
36,"Provide a concise summary of the following text: 'Hip-hop star Nelly has been arrested on drug charges in Tennessee after a state trooper pulled over the private bus in which he was traveling, authorities said. The 40-year-old rapper from St. Louis, who shot to fame 15 years ago with the track ""Country Grammar,"" has been charged with felony possession of drugs, simple possession of marijuana and possession of drug paraphernalia, the Tennessee Department of Safety and Homeland Security said. The state trooper stopped the bus carrying Nelly and five other people on Interstate 40 in Putnam County on Saturday because it wasn't displaying U.S. Department of Transportation and International Fuel Tax Association stickers, according to Tennessee authorities. The trooper was about to conduct an inspection of the bus, a Prevost motor coach, when he ""noticed an odor of marijuana emitting from the vehicle,"" authorities said in a statement. Two troopers then searched the bus, finding ""five colored crystal-type rocks that tested positive for methamphetamine, as well as a small amount of marijuana and other drug paraphernalia,"" the statement said. The search also turned up several handguns and 100 small Ziploc bags, which the statement said are commonly used for selling drugs. The guns included a gold-plated .50-caliber Desert Eagle pistol, a .45-caliber Taurus pistol and a .500 Smith & Wesson magnum. Nelly, whose real name is Cornell Haynes, was taken to the Putnam County Jail along with another passenger. He later posted bond and left the jail, the Putnam County Sheriff's Office said. CNN couldn't immediately reach Nelly's representatives for comment Saturday. CNN's Janet DiGiacomo contributed to this report.' Provide only the summary as the response.",summarize
37,"Provide a concise summary of the following text: '""Star Wars"" fans will get more than they bargained for when the saga comes to digital HD on Friday. The collection of the first six ""Star Wars"" movies will also include many special features, some of which give fans a rare glimpse behind the scenes of the saga. One focus of the features will be the sound effects of the movies, including that of the insect-like Geonosians, as seen in ""Star Wars Episode II: Attack of the Clones."" 'Star Wars' universe gets its first gay character. In the exclusive first-look video, sound designer Ben Burtt explains which animals were used to capture the alien sounds made by the Geonosians. Take a look at the video above to find out. 'Star Wars' films available for digital download for first time.' Provide only the summary as the response.",summarize
38,"Provide a concise summary of the following text: 'New Delhi  (CNN)An Indian software pioneer and nine others have been sentenced to seven years in jail for their role in what has been dubbed India's biggest corporate scandal in memory, police said. Ramalinga Raju, the former chairman of software services exporter Satyam Computers Services, was also fined $804,000, R.K. Gaur, a spokesman for India's Central Bureau of Investigation, told CNN. In 2009, Satyam Computers Services was at the center of a massive $1.6 billion fraud case after its then-chairman Raju admitted inflating profits with fictitious assets and nonexistent cash. Investigators say losses to investors resulting from the company's book manipulation were much higher. A special court convicted Raju and nine other people of cheating, criminal conspiracy, breach of public trust and other charges, said the Central Bureau of Investigation, which looked into the case. In the media, the case has been compared to the 2001 Enron Corp. scandal, in which a Houston energy company's earnings had been overstated by several hundred million dollars. When the scam made headlines, Satyam, which means ""truth"" in Sanskrit, was India's fourth-largest software services provider. It was serving almost 700 companies, including 185 Fortune 500 companies, and generated more than half of its revenue from the United States. The company had about 53,000 employees and operated in 65 countries. After Raju's shock disclosures six years ago, the Indian government fired Satyam's board. In a subsequent state-backed auction, the company was bought by Tech Mahindra, part of the country's Mahindra Group. A heavyweight of the nation's software industry, Raju, 60, has been in jail for the past 32 months. He had founded Satyam in 1987. His company made giant strides as the outsourcing business grew in India in the 1990s.' Provide only the summary as the response.",summarize
39,"Provide a concise summary of the following text: 'Craig Hicks, who is charged in the deaths of three Muslim college students in Chapel Hill, North Carolina, earlier this year, can face the death penalty, a judge ruled Monday, according to CNN affiliates. Superior Court Judge Orlando Hudson Jr. ruled that Hicks' case is ""death penalty qualified,"" WRAL and WTVD reported. The 46-year-old was arrested February 10 in the deaths of Yusor Mohammad, 21, her 23-year-old husband, Deah Shaddy Barakat, and 19-year-old sister, Razan Mohammad Abu-Salha. All three were shot in the head. Hicks, who was the victims' neighbor, turned himself in to police the night of the killings. The next week, he was indicted on three counts of first-degree murder and a count of discharging a firearm into an occupied dwelling. He had no prior criminal record, police said. Police said ""an ongoing neighbor dispute over parking"" might have been a factor in the shootings but also said they weren't dismissing the possibility of a hate crime. On what is believed to be Hicks' Facebook page, numerous posts rail against religion. The victims' family members have called on authorities to investigate the slayings as a hate crime. The U.S. Department of Justice issued a statement in February saying the department's Civil Rights Division, along with the the U.S. Attorney's Office for the Middle District of North Carolina and the FBI, have opened ""a parallel preliminary inquiry"" to determine whether any federal laws, including hate crime laws, were violated. ""It has always been our position that Mr. Hicks should be held responsible for his actions to the full extent of the law. His killing of three college students was despicable, and now he must face the consequences of his actions,"" said Rob Maitland, an attorney for Hicks' wife. Karen and Craig Hicks are in the process of divorce.' Provide only the summary as the response.",summarize
40,"Provide a concise summary of the following text: 'HBO just whetted our appetite for a new season of ""True Detective."" The network released a teaser video for  season 2 of the critically acclaimed show, and it looks intense. Colin Farrell, Vince Vaughn, Rachel McAdams and Taylor Kitsch star in the new season, which premieres June 21. Here's the plot synopsis, according to Den of Geek:. ""A bizarre murder brings together three law-enforcement officers and a career criminal, each of whom must navigate a web of conspiracy and betrayal in the scorched landscapes of California. Colin Farrell is Ray Velcoro, a compromised detective in the all-industrial City of Vinci, LA County. Vince Vaughn plays Frank Semyon, a criminal and entrepreneur in danger of losing his life's work, while his wife and closest ally (Kelly Reilly), struggles with his choices and her own. Rachel McAdams is Ani Bezzerides, a Ventura County Sheriff's detective often at odds with the system she serves, while Taylor Kitsch plays Paul Woodrugh, a war veteran and motorcycle cop for the California Highway Patrol who discovers a crime scene which triggers an investigation involving three law enforcement groups, multiple criminal collusions, and billions of dollars."" Yes, please. The first season starred Matthew McConaughey and Woody Harrelson as a pair of Louisiana State Police detectives investigating the death of a young woman. The crime drama proved to be a runaway hit, and the season 1 finale crashed the HBO Go site in March 2014.' Provide only the summary as the response.",summarize
41,"Provide a concise summary of the following text: 'The University of Michigan has decided to proceed with a screening of the film ""American Sniper"" despite objections from some students. More than 200 students signed a petition asking the school not to show the movie as part of UMix, a series of social events the university stages for students. Bradley Cooper was nominated for an Oscar for his portrayal of Chris Kyle, a Navy SEAL and the most lethal sniper in U.S. military history. Kyle was fatally shot at a Texas shooting range in 2013. Some students believed the movie's depiction of the Iraq War reflected negatively on the Middle East and people from that region. Michigan's Detroit metropolitan area is home to the nation's largest Arab-American population. But there was a backlash to the decision to yank the movie, and a counter-petition asked school officials to reconsider. On Wednesday, E. Royster Harper, University of Michigan's vice president for student life, said in a statement that ""It was a mistake to cancel the showing of the movie 'American Sniper' on campus as part of a social event for students"" and that the show will go on. ""The initial decision to cancel the movie was not consistent with the high value the University of Michigan places on freedom of expression and our respect for the right of students to make their own choices in such matters,"" the statement said. UMix will offer a screening of the family-friendly ""Paddington"" for those who would rather not attend ""American Sniper."" The announcement drew praise from Michigan head football coach Jim Harbaugh.' Provide only the summary as the response.",summarize
42,"Provide a concise summary of the following text: 'A 32-year-old Massachusetts man is facing murder charges, authorities said Wednesday, four days after another man's remains were found in a duffel bag. The Middlesex District Attorney's Office said that Carlos Colina, 32, will be arraigned the morning of April 14 for murder in connection with the remains discovered Saturday in Cambridge. Earlier this week, Colina was arraigned on charges of assault and battery causing serious bodily injury and improper disposal of a body. A Middlesex County judge then revoked bail for Colina in another case he's involved in, for alleged assault and battery. The victim in that case is different from the one whose remains were found in recent days. Police were notified Saturday morning about a suspicious item along a walkway in Cambridge. Officers arrived at the scene, opened a duffel bag and found human remains. After that discovery, police say, a surveillance video led them to an apartment building, where more body parts were discovered in a common area. That location is near the Cambridge Police Department headquarters. The remains at both locations belonged to the same victim, identified Monday as Jonathan Camilien, 26. Camilien and Colina knew each other, according to authorities. ""This was a gruesome discovery,"" District Attorney Marian Ryan said. CNN's Kevin Conlon contributed to this report.' Provide only the summary as the response.",summarize
43,"Provide a concise summary of the following text: 'Bring your own beaker, goblet or vase and slurp it up. 7-Eleven is hosting the first Bring-Your-Own-Cup Slurpee Day at United States stores from 11 a.m. to 7 p.m. Saturday to kick off peak Slurpee season. This shot at brain freeze isn't free, but customers at participating stores can fill their ""cup"" of choice for $1.49, the average cost of a medium Slurpee. Note: A garbage can is not a cup. In-store displays with a 10-inch-diameter hole will rule out anything too ridiculously large for Slurpee consumption, and cups must be sanitary. But within those parameters, pretty much anything goes:. ""From sand buckets to trophies, customers can unleash their creativity by bringing in their choice of a unique, fun Slurpee cup,"" said Laura Gordon, 7‑Eleven's vice president of marketing and brand innovation, in a statement. The promotion isn't to be confused with Free Slurpee Day, traditionally celebrated each July 11.' Provide only the summary as the response.",summarize
44,"Provide a concise summary of the following text: 'What was supposed to be a fantasy sports car ride at Walt Disney World Speedway turned deadly when a Lamborghini crashed into a guardrail. The crash took place Sunday at the Exotic Driving Experience, which bills itself as a chance to drive your dream car on a racetrack. The Lamborghini's passenger, 36-year-old Gary Terry of Davenport, Florida, died at the scene, Florida Highway Patrol said. The driver of the Lamborghini, 24-year-old Tavon Watson of Kissimmee, Florida, lost control of the vehicle, the Highway Patrol said. He was hospitalized with minor injuries. Petty Holdings, which operates the Exotic Driving Experience at Walt Disney World Speedway, released a statement Sunday night about the crash. ""On behalf of everyone in the organization, it is with a very heavy heart that we extend our deepest sympathies to those involved in today's tragic accident in Orlando,"" the company said. Petty Holdings also operates the Richard Petty Driving Experience -- a chance to drive or ride in NASCAR race cars named for the winningest driver in the sport's history. CNN's Vivan Kuo and Janet DiGiacomo contributed to this report.' Provide only the summary as the response.",summarize
45,"Provide a concise summary of the following text: '(The Hollywood Reporter)The original cast of Twin Peaks is backing David Lynch in his salary standoff with Showtime. The stars have teamed together for a video backing the show's co-creator with a #SaveTwinPeaks campaign that says doing the revival without Lynch is ""like pies without cherries,"" among other nods to the original drama series. Sherilyn Fenn, Sheryl Lee, James Marshall, Peggy Lipton and other familiar faces from the series appear in the video. (Some members have also set up a Facebook page.) Showtime renews 'Shameless,' orders 'Happyish' to series. Lynch announced Sunday that he was exiting Showtime's nine-episode revival over a salary dispute. He originally signed on to direct the project but noted that there was ""not enough money offered to do the script the way I felt needed to be done."" Showtime already had a deal in place with Lynch and co-creator Mark Frost to bring back the cult hit with star Kyle MacLachlan for a run in 2016, with sources telling THR that the scripts had already been written. Showtime chief on 'Twin Peaks' plans, 'Homeland' backlash and free speech. For its part, Showtime noted that it ""continues to hold out hope"" that Twin Peaks can be brought back with both its creators at the helm. MacLachlan is the only cast member currently confirmed for the reboot. Lynch to leave 'Twin Peaks' reboot. ©2015 The Hollywood Reporter. All rights reserved.' Provide only the summary as the response.",summarize
46,"Provide a concise summary of the following text: 'Gastrointestinal illness has gripped 100 people on the cruise ship Celebrity Infinity, according to a report from the Centers for Disease Control. Of the ship's 2,117 passengers, 95 have suffered from vomiting, diarrhea and other symptoms, the CDC said. The illness has also affected five members of the 964-person crew. The CDC has yet to determine what's causing the ailments. Two staffers from the agency are scheduled to meet the West Coast-based ship in San Diego on Monday. The Infinity left San Diego on March 29. It made its last stop in Puerto Vallarta, Mexico, on April 10, according to MarineTraffic.com. Celebrity Cruises has been taking action since the outbreak began, including increasing cleaning and disinfection procedures, keeping passengers informed and taking specimens from the afflicted for testing by the CDC, the agency says. According to the Maritime Executive, this is the third time the Celebrity Infinity has suffered an outbreak of gastrointestinal illness, with others occurring in 2006 and 2013. The ship was built in 2001 and refurbished in 2011.' Provide only the summary as the response.",summarize
47,"Provide a concise summary of the following text: 'A judge this week sentenced a former TSA agent to six months in jail for secretly videotaping a female co-worker while she was in the bathroom, prosecutors said. During the investigation, detectives with the Metro Nashville Police Department in Tennessee also found that the agent, 33-year-old Daniel Boykin, entered the woman's home multiple times, where he took videos, photos and other data. Police found more than 90 videos and 1,500 photos of the victim on Boykin's phone and computer. The victim filed a complaint after seeing images of herself on his phone last year. Boykin plead guilty to unlawful photography, aggravated burglary and violation of the computer act, the Nashville District Attorney's Office said. Police said the incident happened in a TSA-only restroom, and that there was no evidence public restrooms were targeted. A TSA official tells CNN that Boykin worked in an administrative capacity and didn't engage in public security screening. Assistant District Attorney Amy Hunter said this case was one of the worst invasion of privacy cases she's seen. ""We are thankful that the sentence includes periodic confinement so that the sentence will hopefully make an impression on this defendant and others,"" Hunter said in a statement. The judge, Randall Wyatt, on Friday called the invasion of privacy ""egregious."" His sentence also includes five and a half years of probation, which will include GPS monitoring. Boykin was terminated last year when the investigation began. ""TSA holds its employees to the highest ethical standards and has zero tolerance for misconduct in the workplace,"" TSA's Ross Feinstein said in a statement.' Provide only the summary as the response.",summarize
48,"Provide a concise summary of the following text: 'Those poor fish must have been wondering what the heck was happening to them. The Oregon Parks and Recreation Department has reported that a section of a fiberglass boat 20 or 30 feet long was spotted off the state's coast this week and has been towed into harbor. The debris is suspected to be from the earthquake and tsunami that hit Japan on March 11, 2011. The boat fragment was found this week and towed to Newport, Oregon, where it is moored at a marina. Inside were found -- more than four years and 4,000 miles later, if officials' suspicions are correct -- some specimens of a variety of yellowtail jack fish normally found in Japanese waters. Biologists with the Oregon Coast Aquarium and Oregon State University's Hatfield Marine Science Center inspected the debris while it was still at sea and determined that the ecological threat posed by invasive species was small. The remnants of the boat will be dried out, inspected further and taken to a landfill. But for the yellowtail jack fish, the journey is not over. They'll be taken to the Oregon Coast Aquarium.' Provide only the summary as the response.",summarize
49,"Provide a concise summary of the following text: 'Irbil, Iraq (CNN)ISIS claimed it controlled part of Iraq's largest oil refinery Sunday, posting images online that purported to show the storming of the facility, fierce clashes and plumes of smoke rising above the contested site. The group said it launched an assault on the Baiji oil refinery late Saturday. By Sunday, ISIS said its fighters were inside the refinery and controlled several buildings, but Iraqi government security officials denied that claim and insisted Iraqi forces remain in full control. CNN couldn't independently verify ISIS' claim. It wouldn't be the first time that militants and Iraqi forces have battled over the refinery, a key strategic resource that has long been a lucrative target because the facility refines much of the fuel used by Iraqis domestically. If an attack damaged oil fields or machinery, it could have a significant impact. The refinery is just 40 kilometers (25 miles) from the northern Iraqi city of Tikrit, which Iraqi forces and Shiite militias wrested from ISIS less than two weeks ago. CNN's Jennifer Deaton and Catherine E. Shoichet contributed to this report.' Provide only the summary as the response.",summarize
50,"Provide a concise summary of the following text: 'Two Alabama college students are accused of gang raping a woman while on spring break at Florida's Panama City Beach. Ryan Calhoun and Delonte Martistee, students at Troy University, were arrested and charged with sexual battery by multiple perpetrators, according to a statement from the Bay County, Florida, Sheriff's Office. The Troy, Alabama, Police Department found video of what appeared to be a Panama City gang rape during the course of an investigation into an unrelated shooting. The video was turned over to the Bay County Sheriff's Office. The Bay County Sheriff's Office Criminal Investigations Division has identified the victim in the video but said state law prevents the office from releasing any information about her. She was a visitor in Panama City. ""We are not releasing her location or any additional information on victim to protect her from further trauma,"" said sheriff's spokesman Tommy Ford. After interviewing witnesses, Bay County investigators determined the alleged rape took place sometime from March 10, 2015, to March 12, 2015, behind Spinnaker Beach Club, a popular bar and dance club for spring breakers. A statement from Troy University confirmed the two men are current students. ""The students have been placed on temporary suspension from school per the university's standards of conduct and disciplinary procedures. Martistee, a member of the track and field team, has also been removed from the team."" The investigation continues and more arrests are expected, the Bay County Sheriff's Office said. Calhoun and Martistee will have their first court appearance Saturday morning, a Bay County deputy said. CNN could not determine if the men have attorneys.' Provide only the summary as the response.",summarize
51,"Provide a concise summary of the following text: 'After a Russian fighter jet intercepted a U.S. reconnaissance plane in an ""unsafe and unprofessional manner"" earlier this week, the United States is complaining to Moscow about the incident. On Tuesday, a U.S. RC-135U was flying over the Baltic Sea when it was intercepted by a Russian SU-27 Flanker. The Pentagon said the incident occurred in international airspace north of Poland. The U.S. crew believed the Russian pilot's actions were ""unsafe and unprofessional due to the aggressive maneuvers it performed in close proximity to their aircraft and its high rate of speed,"" Pentagon spokesman Mark Wright said. Russian state news agency Sputnik reported the U.S. plane was flying toward the Russian border with its transponder switched off, according to a Defense Ministry spokesman. Maj. Gen. Igor Konashenkov said the Russian jet flew around the U.S. plane several times to identify it and get its tail number. An official with the U.S. European Command said the claim that the transponder was off was false. Wright said the Pentagon and State Department will ""file the appropriate petition through diplomatic channels"" with Russia. This is not the first time the U.S. has complained about an incident involving a RC-135U and a SU-27.  A year ago, a Russian jet flew within 100 feet of a RC-135U over the Sea of Okhotsk in the western Pacific, according to U.S. officials who called it ""one of the most dangerous close passes in decades."" The Pentagon complained to the Russia military about that incident. Russian and U.S. aircraft often encounter each other, both in Northern Europe as well as the area between the Russian Far East and Alaska. CNN's Steve Brusk and Jamie Crawford contributed to this report.' Provide only the summary as the response.",summarize
52,"Provide a concise summary of the following text: 'Over the last year more than 25,000 people, a population about the size of Key West, Florida, have fought Ebola infections. More than 10,000 have not survived. But for those who have survived, life will never be the same. And even for those who did not experience Ebola personally, the ""most severe public health emergency seen in modern times"" showed the world its vulnerability to disease. It revealed real flaws in government systems that are supposed to protect us. While the intensity of the largest Ebola epidemic in history has died down, and the initial dire predictions that there would be over a million infections by January never came true, dozens are still newly infected each week. The latest World Health Organization Report confirmed a total of 30 new confirmed cases of Ebola were reported in the week of April 5. This is the lowest weekly total since May 2014. But reports are mixed on stopping the virus completely: In Liberia and Sierra Leone, the number of cases has fallen so much, there are more treatment facilities than demand. WHO in Liberia is in the process of decommissioning surplus facilities. But in Guinea, of the 19 confirmed deaths from April 5, seven were only identified as Ebola post-mortem and there were reports of 21 unsafe burials. ""Taken together these data indicate that though surveillance is improving, unknown chains of transmission could be a source of new infections in the coming weeks,"" the latest WHO report said. Click on the photos above to learn how a grave digger, a first responder, and many others have changed in the wake of Ebola.' Provide only the summary as the response.",summarize
53,"Provide a concise summary of the following text: 'The first daughter to be married from the hit reality show ""19 Kids and Counting"" has also become the first mother. People magazine reports that Jill (Duggar) Dillard gave birth Monday to a 9-pound, 10-ounce son she and husband Derick have named Israel David. Jill's parents, Jim Bob and Michelle Duggar, posted a video of the new family on their official Facebook page. The baby was a bit tardy, going past his due date by more than a week. Dillard, who is a student midwife, said she gave herself two due dates and was prepared for the wait. ""I have told myself, 'First-time moms often go a week and a half over, so don't get discouraged,' "" she told People. ""When everyone else is asking you, 'When are you going to have that baby?' The baby will come when the baby comes."" Dillard has a ways to go to catch up with her mother. Her super-sized family and their lives have been well-documented on their TLC series, including Jill and Derick's wedding on June 21. Eldest Duggar son Josh is already the father of three children, and his wife, Anna, is expecting their fourth in July.' Provide only the summary as the response.",summarize
54,"Provide a concise summary of the following text: 'It was like a scene out of ""Make Way for Ducklings"" on Tuesday on a rainy street in Washington. CNN Situation Room correspondent Brian Todd and photojournalist Khalil Abdallah were on their way to interview a legal analyst on L Street NW when they happened on a brood of baby ducks causing a stir. Abdallah reports the ducklings and their mom had crossed heavily trafficked street, and some restaurant patrons stopped on the sidewalk to corral them. A man gave up his umbrella for the cause ""while the mom was going crazy."" ""One duckling tried to run back to the street but they caught it in time,"" Abdallah said. The mother duck followed the umbrella while pedestrians stopped cars on L street for them to safely cross the road. The Washington Post reports the pedestrians took the bird family to ""a more enclosed grassy area"" at 16th and L streets NW. (Yes, baby ducks warrant two national news stories.) ""We thought it was an extraordinary situation,"" Todd said. ""You see pigeons, you see squirrels, you see the occasional raccoon in the D.C. area, and ... you  see deer ... We've never seen anything like this in the middle of town.""' Provide only the summary as the response.",summarize
55,"Provide a concise summary of the following text: 'Desperate migrants from Africa and the Middle East keep heading to Europe, with 978 rescued Friday in the Mediterranean Sea, the Italian Coast Guard said Saturday via Twitter. The migrants were picked up 30 miles off the coast of Libya, said European Parliament member Matteo Salvini, the leader of Italy's far-right Northern League. In the first three months of 2015, Italy registered more than 10,000 migrants arriving, the International Organization for Migration said, and about 2,000 were rescued at sea during the first weekend of April in the Channel of Sicily. Most migrants recorded this year come from countries in West Africa as well as Somalia and Syria, the IMO said. They use Libya as a country of transit. At least 480 migrants have died while crossing the Mediterranean since the beginning of the year, often because of bad weather and overcrowded vessels used by smugglers, the IMO said. Sometimes the captains and crews abandon the ships, leaving passengers to fend for themselves. At this time last year, there were fewer than 50 deaths reported, the IMO said. Most of the migrants are asylum seekers, victims of trafficking or violence, unaccompanied children and pregnant women.' Provide only the summary as the response.",summarize
56,"Provide a concise summary of the following text: 'Malala Yousafzai's stellar career has included a Nobel Peace Prize. Last week, she made it into outer space. A NASA astrophysicist has named an asteroid after the teenage education activist from Pakistan, who was gravely wounded by a Pakistani Taliban gunman for promoting the right of girls' to go to school. It took a meticulous medical response to save her life more than two years ago. But Malala recovered with no serious neurological damage to become a powerhouse for her cause. After reading her story, scientist Amy Mainzer, who also consults for PBS on a children's educational science show, decided Malala deserved to be immortalized. So, she attached her name to the heavens. Thousands of asteroids swarm through the solar system mainly between Mars and Jupiter. Mainzer, working at the Jet Propulsion Laboratory, discovered Asteroid 316201 in June 2010, which gave her the right to name it. ""My postdoctoral fellow Dr. Carrie Nugent brought to my attention the fact that although many asteroids have been named, very few have been named to honor the contributions of women (and particularly women of color),"" Mainzer wrote in a note to Malala. Mainzer gave it the name 316201 Malala, or 2010 ML48. Malala's asteroid circles the sun between Mars and Jupiter every five and half years, Mainzer said. ""It is about 4 kilometers in diameter, and its surface is very dark, the color of printer toner."" As a scientist, her support for Malala's work is logical. When girls around the world also get educations, it increases human potential. ""We desperately need the brainpower of all smart people to solve some of humanity's most difficult problems, and we can't afford to reject half the population's,"" Mainzer wrote.' Provide only the summary as the response.",summarize
57,"Provide a concise summary of the following text: 'Jodi Arias was sentenced to life in prison Monday for the gruesome 2008 murder of her ex-boyfriend Travis Alexander. Maricopa County Judge Sherry Stephens could have sentenced Arias to life with the possibility of early release after 25 years, but decided the convicted killer should spend the rest of her life behind bars. Before her sentence was handed down, Arias expressed remorse for her actions. ""To this day I can't believe that I was capable of doing something that terrible,"" Arias said. ""I'm truly disgusted and repulsed with myself. I'm horrified because of what I did, and I wish there was some way I could take it back."" Earlier, Travis Alexander's sisters gave their victim impact statements. Hillary Alexander said she's trying to block her brother from her life. ""I don't want to remember him anymore, because it hurts too much to remember him alive. ... I remember how he was brutally taken from us and I can't handle it. This is what I've had to do so I can cope,"" she said through tears. Arias, 34, was found guilty of first-degree murder in May 2013. The jury that convicted her found the murder was especially cruel, making Arias eligible for the death penalty. However, that same jury was unable to reach a unanimous decision on whether she should live or die. A new jury was empanelled in October 2014 to decide Arias' fate, but they, too, were unable to reach a unanimous decision. Because a second jury was deadlocked in the penalty phase of Arias' case, the death penalty was taken off the table, leaving Arias' sentence up to the judge. Arias will serve her sentence at the Lumley Unit in the Arizona State Prison Complex-Perryville near Goodyear, Arizona.' Provide only the summary as the response.",summarize
58,"Provide a concise summary of the following text: 'For superhero fans, the cup runneth over. Most of us know the members of the Avengers by now: Iron Man, Captain America, Hulk and the rest, and the fact that a few more like Quicksilver are joining the cast in the ""Avengers: Age of Ultron"" sequel. But there was one character who remained a mystery: the Vision, to be played by Paul Bettany. Thus far, we've only seen his eyes in a trailer. With less than a month to go before the movie hits theaters, Marvel Studios put all the speculation to rest with a poster featuring Bettany as the heroic android, who was a member of the superhero group for many years in the comics. Meanwhile, as many Marvel fans know, Thursday was the eve of the new Netflix series ""Daredevil,"" and after a photoshopped first look at Charlie Cox's iconic red Daredevil suit went out, Marvel put out a video of the real one. Not to be outdone, director Bryan Singer announced a new character for next year's sequel ""X-Men: Apocalypse,"" by telling Empire magazine that Ben Hardy would be playing the role of the winged mutant Angel. He even had a photo to share. And Thursday's new super images weren't quite done, because the questions over how Jamie Bell's rocky character The Thing in the rebooted ""Fantastic Four"" movie (out August 7) might look were also finally answered. And he looks ... pretty much like The Thing we already knew (but reportedly, CGI this time). Within 24 hours, we got yet another indication that the superhero trend isn't going anywhere anytime soon (and we didn't even talk about the new photo of Ryan Reynolds' ""Deadpool"").' Provide only the summary as the response.",summarize
59,"Provide a concise summary of the following text: 'Justice may be blind, but it's easy to see that Marvel's ""Daredevil"" is already a hit with fans. The pitch-black-dark new series streamed its entire first season on Netflix on Friday morning, and the early word is quite good. Charlie Cox is perfectly cast as blind attorney Matt Murdock, whose nights are consumed with cleaning up the New York neighborhood of Hell's Kitchen while dressed in a black ninjaesque outfit. As the season unfolds, he heads toward a confrontation with Vincent D'Onofrio's Wilson Fisk, a.k.a. the Kingpin. Two love interests enter Murdock's life in the form of Karen Page (Deborah Ann Woll) and Claire Temple (Rosario Dawson). Oh, and there's that red suit. So what do critics think? Quite a lot, with 94% giving it positive reviews on Rotten Tomatoes. ""Marvel's 'Daredevil,' Netflix's latest offering, is a well-scripted, beautifully acted superhero saga that is surprisingly impressive,"" said the Philadelphia Inquirer's Tirdad Derakhshani. ""The series stays incredibly faithful to Daredevil's pulp roots and does something delightfully unexpected -- trust its fans enough to spare us a long, drawn-out origin story,"" said Sadie Gennis of TV Guide. Early risers on Twitter praised the show as well, especially Cox's performance, as well as a drawn-out, well-choreographed fight scene in episode 2. Does Netflix have a ""House of Cards""-like hit on its hands? Time will tell.' Provide only the summary as the response.",summarize
60,"Provide a concise summary of the following text: '(HLNtv)Actress Alyssa Milano had some angry tweets for Heathrow Airport authorities Thursday morning after workers there allegedly confiscated breast milk she'd pumped for her daughter while she was on a plane. Milano, who was on a trip with her husband that she described in an earlier tweet as a ""romantic getaway,"" was furious. According to the Heathrow Airport guidelines on its website regarding baby food and/or milk, the airport asks that travelers carry only what they need for the flight. A blogger mom apparently experienced a similar issue at the airport in 2011 when her pumped milk was also confiscated. Per the UK Department of Transport, travelers can carry breast milk through security and are allowed quantities larger than 100ml if necessary. Milano, who has long been an outspoken advocate of breastfeeding, said the cooler the milk was in was also confiscated. See the original story at HLNtv.com.' Provide only the summary as the response.",summarize
61,"Provide a concise summary of the following text: 'Nairobi, Kenya (CNN)University of Nairobi students were terrified Sunday morning when they heard explosions -- caused by a faulty electrical cable -- and believed it was a terror attack, the school said. Students on the Kikuyu campus stampeded down the halls of the Kimberly dormitory, and some jumped from its fifth floor, the university said. Hundreds were injured and were taken to hospitals. One person died, according to the school. The confusion and panic came less than two weeks after Al-Shabaab slaughtered 147 people at a college in Garissa, Kenya. Kenyan teachers and students have said they fear being targeted by the Somalia-based terrorists. On Sunday, as many as 108 students from the University of Nairobi were admitted to Kenyatta National Hospital. Among them, at least 63 students have been discharged, and at least four are slated for surgery, the school said. Almost all of the 54 students being treated at PCEA Kikuyu Hospital have been released, the university said. Kenya Power authorities and its CEO are at the school and looking into the electrical issue. Normal power supply will resume after repairs, the university said. ""As we mourn the unfortunate loss of the departed student, we are also praying for the quick recovery of those who were injured,"" said Vice Chancellor Peter M.F. Mbithi in a statement. He called on the students, staff and public to remain calm. CNN's Lillian Leposo reported from Nairobi and Ashley Fantz wrote this story in Atlanta.' Provide only the summary as the response.",summarize
62,"Provide a concise summary of the following text: 'Tokyo (CNN)The operator of the crippled Fukushima Daiichi nuclear plant has given up trying to recover a robotic probe after it stopped moving inside one of the reactors. Tokyo Electric Power Company (TEPCO) deployed the remote-controlled robot on Friday inside one of the damaged reactors that had suffered a meltdown following a devastating earthquake and tsunami in 2011. It was the first time the probe had been used. The robot, set out to collect data on radiation levels and investigate the spread of debris, stalled after moving about 10 meters, according to a statement released by TEPCO. A newly released report and footage from the robot shows that a fallen object had blocked its path and left it stranded. TEPCO decided to cut off the cable connected to the device Sunday as it had already covered two-thirds of the originally planned route. It managed to collect data on radiation levels in 14 of the 18 targeted locations. Four years after the devastating nuclear crisis, the radiation levels inside the three damaged reactors are still extremely high and remain unsafe for people to enter. Decommissioning work is estimated to cost $50 billion and will take years to complete. TEPCO called the robotic probe an ""unprecedented"" experiment. CNN's Yoko Wakatsuki reported from Tokyo, Japan and Naomi Ng wrote from Hong Kong.' Provide only the summary as the response.",summarize
63,"Provide a concise summary of the following text: 'Hong Kong (CNN)There's a booming black market in Hong Kong, but it's not for fake Apple Watches, or the iPhone. Instead, people are going crazy for tins of butter cookies. Tourists and locals line up around the block for several hours just to get their hands on Jenny's cookies -- at $9 a tin. Its popularity has spurred bakeries to make and sell knockoffs, and the original store has signs warning against buying 'fake' Jenny's cookies. The tiny shop, located in Tsim Sha Tsui, one of the city's main shopping districts, is swarming with people handing over wads of cash for the ""little bear cookies"" as they are known across Asia. People are even hired to stand in line to buy the goods and are later resold at a 70% mark-up yards away, something the bakery also tries to discourage. A few meters away from the long cookie line, old ladies hold up paper signs advertising the cookies for sale. But when they see cameras approaching, they scurry away, only to reappear on another street corner. The frenzy in Hong Kong over the buttery treats is by no means an isolated example. In other parts of the world, food mania has erupted, swiftly winning people's hearts and stomachs, only to fizzle out in a few months. From cronuts to ramen burgers, here are some foods that people around the world have spent hours of their lives waiting for. Were they worth it?' Provide only the summary as the response.",summarize
64,"Provide a concise summary of the following text: 'Baghdad, Iraq (CNN)Hundreds of additional Iraqi troops are being sent to reinforce colleagues who are trying to fend off ISIS' attempt to overrun Iraq's largest oil refinery, a key paramilitary force said Tuesday. The reinforcements come four days after ISIS began attacking northern Iraq's Baiji oil refinery, a key strategic resource that has long been a target because the facility refines much of the fuel used by Iraqis domestically. The additional troops came from Camp Speicher, a fortified Iraqi base near the city of Tikrit, according to the media office of the Hasd Al-Shaabi militia. The reinforcements include two federal police regiments, an Iraqi military quick reaction force battalion and a regiment from Hasd Al-Shaabi, which is a predominantly Shia militia that worked with the Iraqi military as well as Sunni fighters to liberate Tikrit from ISIS about two weeks ago. ISIS launched an assault on the Baiji oil refinery late Saturday. By Sunday, ISIS said its fighters were inside the refinery and controlled several buildings, but Iraqi government security officials denied that claim and insisted that Iraqi forces remained in full control. The Hasd Al-Shaabi media office said Tuesday that Iraqi troops already at the refinery were holding their ground, preparing to push ISIS out of the facility entirely. The attack could have a significant effect if it damages oil fields or machinery. The refinery is 40 kilometers (25 miles) from Tikrit. CNN's Hamdi Alkhshali reported from Baghdad. CNN's Jason Hanna wrote in Atlanta. CNN's Arwa Damon and Catherine E. Shoichet contributed to this report.' Provide only the summary as the response.",summarize
65,"Provide a concise summary of the following text: 'More than 500 Houthi rebels have been killed since the start of Saudi-led military operations against Yemeni Shia fighters, a Saudi Defense Ministry official said Saturday, according to the state-run Saudi Press Agency. A Saudi general said Saturday the nine-nation coalition has undertaken 1,200 airstrikes since they began on March 26. Gen. Ahmed Asiri added that the raids aim to keep the rebels from moving toward southern Yemen,  according to the SPA. Clashes took place Friday near the Saudi-Yemeni border, in the Najran region. Saudi forces responded to mortar rounds fired by Houthis on a Saudi border site. Three Saudi military officers were killed and two others were wounded in the shelling, a defense official said, according to SPA. A Saudi source also confirmed to CNN's Nic Robertson that three Saudi soldiers were killed in the shelling. The Yemeni Health Ministry on Saturday said 385 civilians have been killed and 342 others have been wounded. The World Health Organization has put higher figure on both tolls -- 648 killed and 2,191 wounded -- but includes militant casualties in the totals. Yemen has been descending into chaos in the weeks since Houthi rebels -- minority Shiites who have long complained of being marginalized in the majority Sunni country -- forced Yemeni President Abdu Rabu Mansour Hadi from power in January. And even before the crisis escalated with the Saudi airstrikes, most of the 25 million people in Yemen required humanitarian assistance to meet their most basic needs, the United Nations said Friday. CNN's Pierre Meilhan and Mohammed Tawfeeq contributed to this report.' Provide only the summary as the response.",summarize
66,"Provide a concise summary of the following text: 'It was a typical practice day for the Washington University of rowing team, but then danger came from beneath. The scene was Creve Coeur Lake outside of St. Louis early Friday morning. The team's boat got near the dock, when suddenly a swarm of Asian carp emerged from the water and went on the attack, some even going into the boat. Team member Devin Patel described the moment of terror: ""The fish was flopping on my legs. It was so slippery that I couldn't get a grip on it."" Patel screamed at teammate Yoni David, ""Yoni, get it off me!"" Thankfully, no rowers were injured during the ordeal, but the strong smell of fish lingered in the moments afterward. Watch iReporter Benjamin Rosenbaum's video above.' Provide only the summary as the response.",summarize
67,"Provide a concise summary of the following text: 'Gwyneth Paltrow, the actress turned lifestyle guru, is known for promoting detoxes and health cleanses on her site, Goop.com. But she's now bringing awareness to the difficulties of life on food stamps. In a tweet Friday, Paltrow showcased an array of leafy greens, dried beans and rice, purchased for the amount a person living on food stamps is allotted each week, she explained. The amount of Supplemental Nutrition Assistance Program benefits a person can get is based on the U.S. Department of Agriculture's Thrifty Food Plan. The plan estimates how much it costs to buy food, according to the United States Department of Agriculture. In this case, Paltrow will be spending just under $30 for groceries. Her participation is part of the #FoodBankNYCChallenge. Celebrity chef Mario Batali, a close friend of the star's, nominated Paltrow and musicians Sting and Deborah Harry for the challenge through a video. The challenge urges participants to use only $29 for all the food a person eats for seven days. ""For one week, walk in someone else's shoes,"" Batali is quoted saying on the Food Bank for New York City's website. ""By truly understanding what our friends and neighbors are going through, we will be better equipped to find solutions."" The #FoodBankNYCChallenge is an attempt to live on a food stamp budget for one week, which translates to $1.38 per meal, according to the site. The effort is in response to recent cuts to food stamps. ""Congress cut food stamps twice since 2013, and soup kitchens and food pantries saw an immediate increase in visitors,"" the site explains. Organizers hope the challenge will raise public awareness of the struggles for families to afford food while on food stamps.' Provide only the summary as the response.",summarize
68,"Provide a concise summary of the following text: 'Lady Antebellum singer Hillary Scott's tour bus caught fire on a Texas freeway Thursday morning, but everyone on board was safely evacuated. Michael Barnett captured dramatic video of the fire, on Interstate 30 just northeast of Dallas, and uploaded it to CNN iReport. Smoke and flames poured from the rear of the bus as traffic slowed to a crawl and Barnett slowly approached in his vehicle. As he drew closer to the bus, Barnett decided to stop filming because he didn't know what to expect. ""It was shocking,"" he said. ""I didn't know what I was about to see. I didn't know if anyone was hurt."" Barnett said he didn't realize at the time that the bus belonged to the country band. Hillary Scott, co-lead singer for the band, posted a photo of the charred bus on Instagram and noted that she, her husband, the tour manager and the driver were all evacuated safely. ""Thanking God for our safety and the safety of all of those who helped put this fire out and keep us safe,"" she wrote. The tour manager told CNN affiliate KTVT that the bus stopped after a rear tire blew out. It burst into flames after everyone had gotten off. Scott also posted an Instagram photo and message saying that the fire destroyed everything in the bus's back lounge except her Bible. The band's two other members, Charles Kelley and Dave Haywood, were not traveling on the bus, KTVT reported. Lady Antebellum is set to perform at the 50th Academy of Country Music Awards on Sunday in Arlington, Texas.' Provide only the summary as the response.",summarize
69,"Provide a concise summary of the following text: 'Cairo (CNN)At least 12 people were killed Sunday, and more injured, in separate attacks on a police station, a checkpoint and along a highway in Egypt's northern Sinai, authorities said. Six people, including one civilian, were killed when a car bomb exploded near the police station in Al-Arish, capital of North Sinai, Health Ministry spokesman Hossam Abdel-Ghafar told Ahram Online. He said 40 people were injured. Ansar Beit Al-Maqdis, an ISIS affiliate, claimed responsibility for the attack, which came hours after another operation that the group also claimed. In that earlier attack, a first lieutenant, a sergeant and four conscripts were killed when their armored vehicle was attacked on the highway from Al-Arish to Sheikh Zuweid in northern Sinai, the military said. Two other soldiers were injured and taken to a military hospital. Ansar Beit Al-Maqdis has claimed many attacks against the army and police in Sinai. A third attack Sunday on a checkpoint in Rafah left three security personnel injured, after unknown assailants opened fire at them, according to state media. The attacks come as the military announced a reshuffle of several senior military positions, state media reported. Among those being replaced are the generals in charge of military intelligence and Egypt's second field army, which is spearheading the battle against the insurgents in the northern Sinai. Egypt's army has been fighting a decade-long militant Islamist insurgency, which has spiked since the ouster of Muslim Brotherhood president Mohamed Morsy in the summer of 2013. Hundreds of police and soldiers, as well as civilians, have been killed in militant attacks in the past months. Ian Lee reported from Cairo. Anas Hamdan reported from Atlanta.' Provide only the summary as the response.",summarize
70,"Provide a concise summary of the following text: 'Parents who refuse to vaccinate their children can lose up to $11,000 of welfare benefits a year under a new government policy, Australian Prime Minister Tony Abbott has announced. Currently parents can choose to opt out of vaccinations for medical or religious reasons, or by stating they are ""conscientious objectors,"" and still receive taxpayer funded child care benefits. Under the new ""no jab, no pay"" policy, the exemption as a conscientious objector will be removed starting January 2016. ""The choice made by families not to immunize their children is not supported by public policy or medical research nor should such action be supported by taxpayers in the form of child care payments,"" said Abbott in a joint statement with Social Services Minister, Scott Morrison. Thousands of families could lose out on welfare payments, with the Australian government estimating more than 39,000 children under the age of seven have not been vaccinated because of their parents' objections. The number of children in Australia who have not received immunization against measles and other diseases has almost doubled in the past decade, according to the government. Anti-vaccination campaigns have recently gained traction in Western countries. Some parents believe the shots cause autism, but the theory has been widely discredited. Existing exemptions on medical or religious grounds will continue said Abbott, but guidelines on religious exemptions will be tightened. ""It requires the formal position of that religious body being advised to the government and approved by the government. This is a very significant narrowing,"" Morrison told reporters in Sydney on Sunday. He added that no mainstream religious organizations have made any formal objection to immunizations. In response to the announcement, more than 7,000 people have signed a petition in opposition to the reforms.' Provide only the summary as the response.",summarize
71,"Provide a concise summary of the following text: '(HLN)HLN's #MeForReal is an uplifting, revealing conversation about the way we present ourselves online. We want to see the REAL parts of life, the ones that don't get a filter or a Facebook post but are a part of our realities nonetheless. Tag your favorite unscripted, unedited, un-perfected moments using #MeForReal and see what others are sharing on Facebook, Twitter and the Daily Share. The Internet is always quick to dish out judgmental opinions, such as the body-hate people showed to singer P!nk after she posted a photo of herself in a black dress she wore to a cancer benefit this past weekend (which, if you ask us, was pretty fantastic, and she looked fabulous in it.) As a woman with a lot of experience singing to her detractors, though, she knew exactly what to say and how to say it. And when it came to keeping her tongue firmly in cheek while she schooled people who had nothing better to do than be totally rude, she owned it. Clearly, it's not troubling P!nk or her hubs, Carey Hart (who, by the way, is quite handsome himself, so clearly he has rad taste). Not only did P!nk's response rally her fans, but they also started sharing their own photos of themselves post-pregnancy and embracing what P!nk tells her daughter is her ""squishiness."" Postscript for the haters: We think you just racked up MORE fans for P!nk. Now go look in a mirror, and tell us -- are YOU perfect?' Provide only the summary as the response.",summarize
72,"Provide a concise summary of the following text: 'Authorities detained a 15-year-old girl from Cape Town, South Africa, at the city's airport after receiving information she was leaving the country to join ISIS, State Security Minister David Mahlobo said. ""We are still conducting further investigation. The girl over the past period has been using technology on social media platforms interacting with strange people and reading material that suggested she expressed an interest in joining a terrorist group called ISIS,"" he told broadcaster eNCA. Police and airport security located the girl on a Johannesburg-bound flight, and ""we got our agencies to secure all the important exit points in the country. We got her at Cape Town International Airport,"" Mahlobo said. Virginia teen accused of being ISIS recruiter. It's not clear how the girl was recruited or how the airfare was arranged, he said. Officials debriefed the girl's family and released her into the family's care, Mahlobo said. ""The recruitment and radicalization of particularly young people to take part in acts of terror is a growing global concern and local law enforcement agencies will continue to work hard in clamping these from materializing,"" the minister said in a statement Monday. Australia teens suspected of trying to join ISIS stopped at airport.' Provide only the summary as the response.",summarize
73,"Provide a concise summary of the following text: 'Eleven channels associated with the French-language global television network TV5Monde went black late Wednesday due to an ""extremely powerful cyberattack,"" the network's director said. In addition to its 11 channels, TV5Monde also temporarily lost control of its social media outlets and its websites, director Yves Bigot said in a video message posted later on Facebook. On a mobile site, which was still active, the network said it was ""hacked by an Islamist group."" ISIS logos and markings could be seen on some TV5Monde social media accounts. But there was no immediate claim of responsibility by ISIS or any other group. The outage began around 10 p.m. Paris time (4 p.m. ET), and network teams were still working to restore service more than five hours later. According to France's Ministry of Culture and Communications, TV5Monde offers round-the-clock entertainment, news and culturing programming in French that reaches 260 million homes worldwide. It functions under a partnership that consists of the governments of France, Canada and Switzerland, as well as the Wallonia-Brussels Federation. Other networks that provide content to TV5Monde include CNN affiliates France 2 and France 3, France 24 and Radio France International.' Provide only the summary as the response.",summarize
74,"Provide a concise summary of the following text: 'A measles outbreak that affected more than 130 Californians since December is over, the California Department of Public Health declared Friday. It has been 42 days since the last known case of B3 strain of measles, the equivalent of two successive incubation periods, said Dr. Karen Smith, director of the health department. The department said in its latest update that 131 people came down with the B3 strain, and five who had a different genotype than the outbreak strain. Of the 131 cases, the state was able to obtain the vaccination status for 81 patients. Of the 81, 70% were unvaccinated. ""Prompt investigation of cases, interviewing hundreds of contacts of infected people, vaccinating hundreds of at risk people, and increasing awareness among health care providers about measles, helped to control this outbreak,"" Smith said. The outbreak began with dozens of visitors to two Disney theme parks in the state. The health department said 42 of the cases occurred from December 17-20. Two patients with rashes have been identified in April, but they have a different measles genotype. The Centers for Disease Control and Prevention said on its website that 19 different strains have been discovered since 1990. Measles is a highly contagious respiratory disease. It causes fever, red and sore eyes, runny nose, cough and a rash. It can cause deadly health complications, including pneumonia and encephalitis. It  is spread by contact with an infected person through coughing or sneezing. It can remain in the air and on surfaces for up to two hours. CNN's Debra Goldschmidt contributed to this report.' Provide only the summary as the response.",summarize
75,"Provide a concise summary of the following text: 'A natural gas line explosion at a law enforcement shooting range in Fresno, California, injured 11 people, including some inmates who were on a work detail there. Others being treated include a county road worker and two sheriff's deputies, Fresno County Sheriff Margaret Mims said. The exact cause of Friday's blast is under investigation, Mims said, but it happened at the spot where a county worker was operating a front loader. The explosion sparked a fire that roared like a jet engine, Mims said. The operator of the front loader was injured but able to walk to an ambulance, the sheriff said. The most serious injuries were suffered by a group of inmates who were assigned to maintenance and cleaning work at the sheriff's firing range. There were 10 inmates near the blast site who were also injured, officials said. Three other inmates at the site were not hurt. Earlier, the sheriff's office included them in the injury count. After the blast, Mims said, two sheriff's deputies who were at the firing range ran toward the fire to move the injured. CNN affiliate KFSN posted a video of the scene that shows a tall ball of fire rising from near a highway. One inmate was airlifted to the hospital, the sheriff said. That inmate and the county worker were undergoing emergency surgery, she said. The others suffered mostly burns. The pair of deputies who provided aid also went for treatment for ringing ears and sunburn-like conditions, she said. Firefighters put out the blaze, revealing a crater at the blast site and a blackened front loader, Mims said.' Provide only the summary as the response.",summarize
76,"Provide a concise summary of the following text: '(The Hollywood Reporter)A trailer for Zack Snyder's upcoming ""Batman v. Superman: Dawn of Justice"" leaked online on Thursday before quickly being taken down minutes later. A YouTube user uploaded the handheld or camera phone capture of the trailer, which had Spanish subtitles on the screen. The trailer begins with a commentator's voice asking, ""Is it really surprising that the most powerful man in the world should be a figure of controversy?"" As footage of Superman plays, numerous commentators' voices overlap one another with their opinions of the superheroes, including ""We as a population on this planet have been looking for a savior"" and ""Maybe he's just a guy trying to do the right thing."" Ryan Gosling in talks to star in ""Blade Runner"" sequel. A blurred image of Ben Affleck's face appears shortly before a masked Batman appears, followed by the two superheroes coming face to face. The highly anticipated footage was set to premiere in Imax theaters on Monday. On Wednesday morning, Snyder teased the trailer by releasing a short excerpt on Twitter. ""Batman v. Superman: Dawn of Justice"" will be released on March 25, 2016 and stars Affleck as Batman and Henry Cavill as Superman. The film also stars Amy Adams. How much it costs to get Mark Hamill's autograph at ""Star Wars"" celebration. ©2015 The Hollywood Reporter. All rights reserved.' Provide only the summary as the response.",summarize
77,"Provide a concise summary of the following text: 'No identification, no Social Security card and only a box to live on. John Helinski was homeless and nameless for three years. Suddenly, he's set to buy his own place and collect a nice pension. Helinski hit it big thanks to the Social Security Administration, and a big-hearted cop and a case worker determined to untangle major bureaucracy. Charles Inman could not bear to see his 62-year-old ward land back on the street, he told CNN affiliate WFTS. The shelter where the case worker works set Helinski up with a bunk and a locker. But getting him into the system was hard, because Helinski's ID and Social Security cards had been stolen. ""He needed to have an identification, but we couldn't get an identification without a birth certificate,"" Inman said. A hassle all by itself, except that Helinski was foreign born -- in Poland, as an American citizen. ""We first had to figure out that we needed a consular record of foreign birth or something like that,"" said Tampa police Officer Dan McDonald, who pitched in to help Helinski. With those papers squared away, he and Inman got Helinski a driver's license and a Social Security card. Then, Helinski remembered that he used to have an account with a certain Landmark Bank. ""Then it became Bank of America,"" he said. The account was still there, and the Social Security Administration hadn't forgotten about him. It had kept paying Helinski benefits for years, and they had stacked up high. Now Helinski is thinking of buying his own four walls. And he'll have monthly benefits to live on. ""I guess I'm exhilarated, excited, you know,"" he said. McDonald said he and Inman were stunned. ""We weren't quite sure what to say.""' Provide only the summary as the response.",summarize
78,"Provide a concise summary of the following text: 'Chinese police have arrested more than 133,000 people and seized 43.3 tons of illegal narcotics during a six-month anti-drug campaign, the country's Ministry of Public Security has announced. Authorities also handled 115,000 drug-related crimes -- such as robbery -- and 606,000 cases of drug use during the nationwide campaign to ""ban drugs in hundreds of cities,"" Liu Yuejin, Assistant Minister of Public Security, said Wednesday. The figures were nearly double the same period a year earlier, while the amount of narcotics seized was up by 44.9%, according to the ministry. Liu said drug trafficking groups have ""suffered a heavy blow"" and drug users have been ""forcefully regulated."" However, the police also paid a price, Liu said, in quotes carried by the state-run Xinhua news agency. Nine police officers died and another 657 were wounded in the mission, with 76 severely wounded. The ministry rewarded 60 units and 100 people. Liu said China's drug-related problems were still severe, with online drug trafficking an increasing problem. He said the ministry had launched a three-month online campaign starting in April targeting people engaged in drug-related Internet crimes. Over the past nine months, a string of movie and television stars, film directors and pop singers have been arrested and charged over drug related incidents, including Jaycee Chan, son of kung fu movie star Jackie Chan, who was convicted on a drug charge and sentenced to six months in prison by a Beijing court. In August last year, dozens of management agencies representing actors and singers signed an agreement with Beijing authorities banning drug use from the entertainment industry and pledging to sack any artists who broke the law.' Provide only the summary as the response.",summarize
79,"Provide a concise summary of the following text: 'Wanted: film director, must be eager to shoot footage of golden lassos and invisible jets. CNN confirms that Michelle MacLaren is leaving the upcoming ""Wonder Woman"" movie (The Hollywood Reporter first broke the story). MacLaren was announced as director of the movie in November. CNN obtained a statement from Warner Bros. Pictures that says, ""Given creative differences, Warner Bros. and Michelle MacLaren have decided not to move forward with plans to develop and direct 'Wonder Woman' together."" (CNN and Warner Bros. Pictures are both owned by Time Warner.) The movie, starring Gal Gadot in the title role of the Amazon princess, is still set for release on June 23, 2017. It's the first theatrical movie centering around the most popular female superhero. Gadot will appear beforehand in ""Batman v. Superman: Dawn of Justice,"" due out March 25, 2016. In the meantime, Warner will need to find someone new for the director's chair.' Provide only the summary as the response.",summarize
80,"Provide a concise summary of the following text: 'From the giant sequoias of Yosemite to the geysers of Yellowstone, the United States' national parks were made for you and me. And for Saturday and Sunday, they're also free. Though most of the National Park Service's 407 sites are free year-round, the 128 parks that charge a fee -- like Yellowstone and Yosemite -- will be free those two days. It's all part of National Park Week, happening April 18 through April 26, and it's hosted by the National Park Service and the National Park Foundation. Check out night-time astronomy parties, daytime Revolutionary War programs, Earth Day parties and family-friendly Junior Ranger activities at national park sites across the country. Not sure how to start? Go to FindYourPark.com to learn more about park sites near you. Go to www.nationalparkweek.org for more ideas on how to explore. Then the park service wants people to share their stories using the hashtag #FindYourPark and at FindYourPark.com.' Provide only the summary as the response.",summarize
81,"Provide a concise summary of the following text: 'Duckie's still got moves. On Tuesday night's ""Late Late Show"" on CBS, actor Jon Cryer reprised the character's record-store dance to Otis Redding's ""Try a Little Tenderness,"" right down to the wall-dancing, the counter-bashing and, of course, the trademark white shoes. In the original scene, one of the best-loved bits from the 1986 John Hughes film, Cryer dances around a record store, lip-syncing the song as he tries to win the affection of Molly Ringwald's Andie. In Tuesday's recreation, he dances in tandem with host James Corden, who tweeted that he'd ""fulfilled a childhood dream"" by re-creating the scene with Cryer -- who turned 50 on Thursday. ""I watched that 'Try a Little Tenderness' dance routine so many times, the tape on the VHS wore out,"" Corden said on the show. Like Cryer, who has most recently appeared on ""Two and a Half Men,"" many of the film's original fans are well into middle age. But still some may have squealed like teenagers when they saw the routine.' Provide only the summary as the response.",summarize
82,"Provide a concise summary of the following text: 'An American citizen was wounded by gunfire Thursday as she drove from the medical school in Karachi, Pakistan, where she works, police said. Debra Lobo, a 55-year-old California native, was shot in the right cheek and left arm and is unconscious but expected to survive, according to Mohamad Shah, a Karachi police spokesman. Police found pamphlets that the assailants had thrown into Lobo's car, written in Urdu, saying ""America should be burnt,"" Shah said. Lobo had left the Jinnah Medical and Dental College, where she works as vice principal, to pick up her two daughters from school. Two assailants on a passing motorcycle shot her while she was driving, Shah said. ""Our U.S. Consulate General in Karachi is in close contact with Pakistani authorities and is working to obtain more information,"" said a U.S. Embassy spokesperson. Lobo is being treated at the Karachi's Aga Khan Hospital, said Shah. She has lived in Pakistan since 1996 and is married to a Christian Pakistani who is a librarian at the American School in Karachi. Karachi police are investigating, Shah said.' Provide only the summary as the response.",summarize
83,"Provide a concise summary of the following text: 'Hockey player Jarret Stoll of the L.A. Kings was arrested Friday at the swimming pool of a Las Vegas resort on a drug-possession charge, CNN affiliate KSNV reported, citing a police spokesman. Stoll, 32, was charged with possession of controlled substances, including cocaine and ecstasy, according to KSNV. He was released from the Clark County Detention Center late Friday on $5,000 bail. The Kings said in a statement, ""We are aware of police reports out of Clark County, Nevada regarding Jarret Stoll. Our organization is concerned and has begun conducting a thorough internal investigation. While we continue to actively gather facts, we are withholding further comment at this time."" The Canadian player is a center and has been with the Kings since 2008. The Kings, who won the Stanley Cup two of the past three seasons, did not make the NHL playoffs this season. He is reportedly involved with TV personality Erin Andrews, who is a Fox Sports reporter and co-hosts ""Dancing with the Stars."" CNN contacted the Las Vegas Metropolitan Police Department to confirm details on Stoll's arrest, but according to the dispatcher no information was available until the beginning of the week.' Provide only the summary as the response.",summarize
84,"Provide a concise summary of the following text: '""Real Housewives of Beverly Hills"" star and former child actress Kim Richards is accused of kicking a police officer after being arrested Thursday morning. Richards was taken into custody by police at the Beverly Hills Hotel on accusations of trespassing, resisting arrest and public intoxication after security personnel complained that she was bothering hotel guests about 1:30 a.m. 'Real Housewives of Atlanta' cast member's mother dies. A police representative said Richards was asked to leave but refused and then entered a restroom and wouldn't come out. Hotel security made a ""private persons arrest,"" then police entered the restroom and took Richards into custody. ""Ms. Richards was displaying symptoms of alcohol intoxication including slurred speech and belligerent insolent behavior, cursing at the officers and passively resisted arrest,"" police said in a statement. ""After being transported to the station for booking, Richards kicked one of the officers in the leg; however the officer was not injured."" Richards is expected to face misdemeanor charges, according to Lt. Lincoln Hoshino of the Beverly Hills Police Department. She has been released from custody. A call to Richards' representatives has not been returned. Richards reportedly entered rehab in 2011 for ""serious issues"" after what watchers deemed erratic behavior on the reality show, which also features her sister Kyle Richards. The Richardses are the aunts of former TV star Paris Hilton. 'Real Housewives of Atlanta' husband gets prison. Kim Richards appeared in Disney's ""Escape to Witch Mountain"" and ""Wonderful World of Color"" as a child and was a frequent guest star on television series, though her acting career later stalled. She had a significant role in the 2006 film ""Black Snake Moan."" Bravo, the network that airs the ""Real Housewives"" franchise, declined to comment on her arrest.' Provide only the summary as the response.",summarize
85,"Provide a concise summary of the following text: 'Mike Rowe is coming to a river near you. ""Sometimes, you hear about a person who makes you feel good about humanity, but bad about yourself,"" Rowe says. On Thursday's episode of ""Somebody's Gotta Do It,"" Rowe meets up with Chad Pregracke, the founder of Living Lands & Waters, who does just that. Pregracke wants to clean up the nation's rivers one piece of detritus at a time. His quota? Always ""more."" Read Mike Rowe's Facebook post on how to break our litter habit. Since he founded the nonprofit in 1998 at the ripe age of 23, Pregracke and more than 87,000 volunteers have collected 8.4 million pounds of trash from U.S. waterways. Those efforts helped him earn the 2013 CNN Hero of the Year Award, along with numerous other honors. ""Wherever you are, no matter if there's a stream, a creek, a lake, whatever, that needs to be cleaned up, you can do it. Just organize it and do it,"" he told CNN's Anderson Cooper after his win. Pregracke also gives Rowe a tour of the 150-foot, solar-powered barge that the Living Lands & Waters staff calls home during lengthy cleanups. The part-home, part-office, part-dumpster has seven bedrooms, two bathrooms, a classroom and a kitchen -- and just happens to be made from a recycled strip club. According to the organization's latest annual report, Pregracke has made it his mission in 2015 to remove 500,000 more pounds of trash. If you'd like to help achieve this goal, visit his website to learn how to help: LivingLandsAndWaters.org/Get-Involved/.' Provide only the summary as the response.",summarize
86,"Provide a concise summary of the following text: 'Oklahoma Gov. Mary Fallin signed a bill on Friday that would allow the state to perform executions with nitrogen gas if lethal injection is ruled unconstitutional or becomes unavailable. Nitrogen causes a quick loss of consciousness and then death from lack of oxygen, Fallin's office said in a press release. CNN affiliate KFOR says it's never been used in an execution in the United States. ""The person will become unconscious within eight to 10 seconds and death a few minutes later. In other words, a humane, quick and painless death,"" said Rep. Mike Christian, one of the bill's authors, according to KFOR. Robert Dunham, executive director of the Death Penalty Information Center, told the Washington Post that the same ""painless"" argument had been used to advance the use of lethal injections. ""The hasty manner in which this bill sped into law reflects the same lack of care with which Oklahoma has managed its execution process historically,"" he said. Oklahoma's executions have been put on hold while the U.S. Supreme Court reviews its use of lethal injections. Last year, the state came under scrutiny when it took 43 minutes to kill convicted killer Clayton Lockett. Fallin reaffirmed her support for the death penalty. ""Oklahoma executes murderers whose crimes are especially heinous,"" Fallin said. ""I support that policy, and I believe capital punishment must be performed effectively and without cruelty. The bill I signed today gives the state of Oklahoma another death penalty option that meets that standard."" The governor's office said the first alternative for execution is lethal injection, followed by nitrogen gas, the electric chair and the firing squad.' Provide only the summary as the response.",summarize
87,"Provide a concise summary of the following text: 'French customs officers say they have seized more than 2 tons of cocaine aboard a sailboat that was falsely flying an American flag in the Caribbean. The drugs, whose value is estimated at more than $105 million, are the biggest cocaine seizure ever carried out by French authorities, said Michael Lachaux, director of customs operations in Martinique. Officers arrested one Venezuelan and two Spanish citizens who were on board the vessel off the coast of Martinique on Wednesday, Lachaux said in an interview with the radio station France Info on Saturday. Martinique is an overseas department of France. In November, French customs officials seized nearly 250 kilograms (550 pounds) of cocaine on a vessel that was also off the coast of Martinique, according to authorities.' Provide only the summary as the response.",summarize
88,"Provide a concise summary of the following text: 'Iraqi and U.S.-led coalition forces have successfully ousted ISIS from the nation's largest oil refinery, the coalition said Sunday. Iraqi security forces regained full control of the Baiji refinery, the Combined Joint Task Force said. A week ago, ISIS claimed it controlled part of the facility, posting images online that purported to back up the claim. Iraq is working to fortify the facility's defenses, the task force said in a statement. Over the past nine days, the coalition conducted 47 airstrikes in the area, the statement said. Meanwhile, Peshmerga forces -- also with the assistance of coalition strikes -- cleared 84 square kilometers (32 square miles) of ISIS-occupied territory in Iraq on Saturday, the Kurdistan Region Security Council said. The Peshmerga are the national military force of Kurdistan. ""Front-line reporting indicates at least 35 ISIS terrorists were killed during the offensive,"" the council said in a statement. The goal was to push back ISIS and ""diminish its ability to threaten the security of Kirkuk province,"" the statement said. ""This success follows an offensive south and west of Kirkuk"" last month in which 100 square kilometers (39 square miles) of terrain was cleared, the council said.' Provide only the summary as the response.",summarize
89,"Provide a concise summary of the following text: ' An Asiana Airlines plane overran a runway while landing at Japan's Hiroshima Airport on Tuesday evening, prompting the airport to temporarily close, the Japanese transportation ministry said. Twenty-three people had minor injuries after Flight 162 landed at 8:05 p.m., according to fire department and ministry sources. There were 73 passengers and eight crew members -- including five cabin attendants, two pilots and a maintenance official -- aboard when the flight took off from South Korea's Incheon International Airport at 6:34 p.m. local time, Asiana said in a statement late Tuesday. Authorities are investigating initial reports that the Airbus A320 may have hit an object on the runway during landing, causing damage to the rear of its body and the cover of the engine on the left wing, the ministry said. Video of the scene showed the aircraft's body turned around, with its nose pointing in the direction that the plane had come from. Hiroshima Airport closed because of the incident Tuesday night while fire department officials worked at the scene. Airbus, the plane's manufacturer, is aware of the incident and is working to gather more information, Airbus regional media relations manager Marie Caujolle said.' Provide only the summary as the response.",summarize
90,"Provide a concise summary of the following text: 'Madonna has a thing for making out with fellow performers on stage. First it was Britney and Christina, and now rapper Drake has been on the receiving end of a little lip action from Madge. While the blondes had fun with it, Drake appeared less than enthused after Madonna's prolonged smooch onstage at the Coachella music festival in California on Sunday. In an update Monday from ""champagnepapi"" himself on Instagram, the rapper clarified his reaction: ""Don't misinterpret my shock!! I got to make out with the queen Madonna and I feel 100 about that forever. Thank you @Madonna."" After the kiss, though, he seemed dazed. ""Oh, s***. What the f*** just happened?"" he asked moments later from the stage. It all went down after Drake performed  ""Madonna,"" a song named for the megastar off his new mixtape ""If You're Reading This It's Too Late,"" according to Billboard. He welcomed Madonna onstage as a special guest to perform a few songs. While wrapping up ""Human Nature,"" the Material Girl, 56, planted one on the seated Drake, 28, who began to flail his arms after a while in an apparent attempt to escape. His sour face after the encounter led many to speculate that he didn't enjoy the kiss. Of course, Drake and Madonna's little makeout sesh got the web talking and meme-ing:. ""So @Drake proves that kissing @Madonna is about as ghastly as I always imagined it would be,"" wrote former CNN personality Piers Morgan. ""Grandma: give Nana some suga. Drake: no no noooooo!!!"" wrote another Tweeter.' Provide only the summary as the response.",summarize
91,"Provide a concise summary of the following text: 'Sao Paulo, Brazil (CNN)Brazilian supermodel Gisele Bundchen sashayed down the catwalk at Sao Paulo Fashion Week on Wednesday night in an emotional farewell to the runway. Bundchen announced over the weekend that she would be retiring from the catwalk, though not the fashion industry. The 34-year-old, who is married to New England Patriots quarterback Tom Brady and has two children, has said she wants to spend more time with her family. On Wednesday night, Brady had a front-row seat at what was hailed as a historic moment in Brazil's fashion world. Bundchen wrote about her fashion career on her Instagram account: ""I am grateful that at 14, I was given the opportunity to start this journey. Today after 20 years in the industry, it is a privilege to be doing my last fashion show by choice and yet still be working in other facets of the business.""' Provide only the summary as the response.",summarize
92,"Provide a concise summary of the following text: 'The much-discussed trailer for ""Batman v. Superman: Dawn of Justice"" just got a makeover. Soon after the trailer went up late on Friday, YouTuber Bobby Burns got to work on doing his own version using classic superhero footage. Instead of Ben Affleck and Henry Cavill facing off, this version wonders what it would be like if comics' classic characters Adam West and Christopher Reeve took their places. CNN spoke to 18-year-old Burns about what motivated him to make his now-viral video. (Warner Bros. Pictures, the studio behind ""Batman v. Superman,"" is owned by Time Warner, as is CNN.) CNN: When did you start making YouTube videos like this? Burns: At age 11. I work for the Made In Network in Nashville, Tennessee. CNN: Where did this idea come from? Burns: I'm pretty hyped for ""Batman v. Superman."" As soon as I saw the trailer, my brain immediately went to the classic ""Batman"" [TV series] and I thought how funny it would be if this film was made at the time. CNN: What were you looking to accomplish? Burns: I wanted to contrast the old with the new. CNN: What kind of reaction have you received? Burns: Within an hour of the trailer going up, I went to work on the edit. Within four hours, my edit was finished and up on the Internet. The reaction has been great! It's awesome to see so many people enjoying what I made. Take a look at the fan trailer below:.' Provide only the summary as the response.",summarize
93,"Provide a concise summary of the following text: 'How will the new ""Fantastic Four"" differ from the original movie of a decade ago? For starters, as a new trailer shows, Sue and Johnny Storm's father initiates the project that ends up giving the foursome their powers. They also end up in another dimension, and we see the early flirtation between Sue Storm and Reed Richards as well. The movie, due out August 7, promises a very different take on the classic Marvel comics characters, played this go-round by Miles Teller, Kate Mara, Michael B. Jordan and Jamie Bell. We also get our first glimpse of the villainous Dr. Doom in this new trailer, released Sunday. Fans on Twitter had mixed reactions. Check out the trailer here:. The trailerpalooza of ""Star Wars,"" ""Batman v. Superman"" and ""Fantastic Four"" kept sci-fi and superhero fans chattering all weekend. Not to be outdone, the new trailer for ""Jurassic World"" came out Monday morning. It features even more of star Chris Pratt. Pratt's scientist character knows dinosaurs better than anyone. After a genetically modified mutant dinosaur escapes from an island theme park along with others, he takes charge of a mission to contain the dangerous creatures. (The trailer also includes part of a scene that caused controversy after Joss Whedon called it ""sexist"" last week.) The movie is first in the rampaging-dino franchise since ""Jurassic Park III"" in 2001. And, as we see for the first time, the dinosaurs have learned to communicate with each other. Uh-oh. Early word on Twitter was pretty good. Here's the new trailer for the movie, out June 12:.' Provide only the summary as the response.",summarize
94,"Provide a concise summary of the following text: 'All we want for Christmas is you, Mariah Carey! According to EW, New Line Cinema is planning a Mariah Carey Christmas movie. Producer Jonathan Shestack confirmed that he is working on the yet-untitled project with Carey's good friend director Brett Ratner co-producing. ""It's a little bit about how music can take you back in time,"" Shestack told EW. ""It will be everything you hope a Christmas movie with Mariah Carey would be."" Here are five reasons this movie has to happen:. What is the Christmas season without a little Mariah? Duh! Her 1994 hit ""All I Want For Christmas is You"" is a classic, and admit it: You start listening to it well before the holiday season even begins. It's the jam! The '90s are so coming back. The Backstreet Boys have a documentary out, NBC is bringing the sitcom ""Coach"" back to television, JNCO jeans are being spotted, and there's talk of a new version of ""Full House."" Mariah was the queen of the 1990s, so it's only right that she get in on the revival. You can't forget about her. She already told you: ""Don't Forget About Us."" She's come a long way from ""Glitter"" Carey was ridiculed for the dismal 2001 film ""Glitter,"" but she has more than since redeemed herself with small roles in the critically acclaimed Lee Daniels films ""Precious"" and ""The Butler."" The Diva still reigns. Lest we forget how much sparkle she can bring into our lives, check out this collection of Mariah Carey throwing shade. It really is everything.' Provide only the summary as the response.",summarize
95,"Provide a concise summary of the following text: 'Olivia Wilde and Garrett Hedlund are set to return for Disney's ""Tron 3."" The pair will reprise their characters from 2010's ""Tron: Legacy"" in the sequel, which is being directed by Joseph Kosinski. ""Legacy"" was the sequel to the 1982 sci-fi film that took place inside a computer world known as the Grid and starred Jeff Bridges and Bruce Boxleitner. While not a hit at the time, it later drew a big cult following and became an influence on filmmakers and pop culture. Decades later, Disney revisited the world with ""Legacy."" The story revealed that the computer-programmer character played by Bridges had a son (Hedlund) who jumped into the Grid to find his father. Wilde was Quorra, an algorithm-made-flesh who also happened to kick butt. How Warner Bros. can differentiate itself in the Marvel vs. DC battle (Analysis) Disney has been developing a sequel to ""Legacy"" since the movie grossed $400 million worldwide. Hedlund in 2012 said he would return to the visual-effects-heavy franchise, but that was when the project was circling a 2014 start. The project is now looking to shoot this fall, likely in Vancouver, British Columbia. Plot details are being kept offline. When will 'Star Trek' get a cinematic universe? Justin Springer will be involved as a producer. Wilde is coming off starring in the Blumhouse-produced horror movie ""The Lazarus Effect."" She is repped by WME, Untitled and Ziffren Brittenham. Why more 'Star Wars' actors haven't vecome stars. Hedlund just boarded Billy Lynn's Long Halftime Walk and will be playing ""Hook"" in Pan, Warner Bros.' retelling of ""Peter Pan."" He is repped by WME, Brillstein Entertainment and Sloane Offer. ©2015 The Hollywood Reporter. All rights reserved.' Provide only the summary as the response.",summarize
96,"Provide a concise summary of the following text: 'A fiery sunset greeted people in Washington Sunday. The deep reddish color caught Seattle native Tim Durkan's eye. He photographed a handful of aerial shots of the sunset warming the city's skyline and shared them on CNN iReport. The stunning sunsets were the result of raging wildfires in parts of Siberia. ""The dramatic sunsets began showing up over the weekend and had Seattle locals wondering where the amber-colored haze was originating from,"" Durken said. The fires were started in southeastern Siberia, by farmers burning grass in their fields. But on April 14, it is believed that the flames quickly grew out of control because of strong winds and spread throughout the region, according to CNN affiliate KOMO-TV. As a result, the fires have destroyed dozens of villages in the region. Rescue crews were able to put out the flames. However, the lingering smoke from the widespread fires were picked up by atmospheric winds. The winds carried the smoke from Siberia across the Pacific Ocean and brought it to the Pacific Northwest. Parts of Oregon, Washington and British Columbia are seeing the results of the smoke, wind and solar light combination. The reason people are seeing an intense red sunset is a result of smoke particles filtering out the shorter wavelength colors from the sunlight like greens, blues, yellows and purples, KOMO-TV said. That means colors like red and orange are able to penetrate the air unfiltered. The colors are especially intense during sunrises and sunsets because there is more atmosphere for the light to travel through to get to a person's eye. As the smoke starts to dissipate, air quality will get better and these fiery sunsets will lose their reddish hue.' Provide only the summary as the response.",summarize
97,"Provide a concise summary of the following text: 'Australian Prime Minister Tony Abbott has been caught on camera guzzling a glass of beer in seven seconds amid raucous cheers from onlookers. His feat of swift consumption in a crowded bar impressed some people but annoyed others. And observers were quick to point out that Abbott had previously criticized binge drinking in Australia. Abbott was in a Sydney pub on Saturday evening when a group of Australian rules football players invited him to have a drink with them. The Prime Minister accepted and even gave a short, impromptu speech, one of the football coaches, Simon Carrodus, told The Australian Woman's Weekly. ""Then he proceeds to reach down and grab a schooner and he drank from head-to-toe the entire schooner, dribbling little bits on his shirt ... tipped it upside down on his head. And he was proud as punch,"" Carrodus said. A schooner holds about three-quarters of a pint. Video of Abbott making short work of the beer as the crowd around him chants ""Skol! Skol!"" drew plenty of attention on social media. Some commentators focused on Abbott's drinking technique. But others suggested he was setting a bad example. Abbott had attacked binge drinking as recently as last year. ""Like most Australians, I enjoy a drink on social occasions,"" he said in January 2014. ""However, as a father and as a citizen, I'm appalled by the violent binge drinking culture that now seems so prevalent, especially at ""hot spots"" in our big cities."" Casting those concerns aside, some social media users belittled Abbott's beer swilling. They said his effort was a pale imitation of the legendary drinking exploits of former Prime Minister Bob Hawke, who is credited with drinking two and a half pints in 11 seconds.' Provide only the summary as the response.",summarize
98,"Provide a concise summary of the following text: 'Three British citizens arrested in the United Arab Emirates after they were found plane spotting near Fujairah airport are to be released Monday, their lawyer, Nasser al-Hashem, tells CNN. The three have been in jail since February 22. ""We made our defense, and the judge made the decision to drop the case,"" al-Hashem said. No charges were filed, there will be no travel ban, and the men will not face deportation, he said. Conrad Clitheroes, 54, and Gary Cooper, 45, were on a five-day visit to the UAE from Manchester when they were arrested. The third man, Neil Munro, is a British national who lives in the UAE. As a hobby, plane spotters view and photograph aircraft around the world.' Provide only the summary as the response.",summarize
99,"Provide a concise summary of the following text: 'Suspected Boko Haram militants this week attacked civilians inside Cameroon for the first time in a month, killing at least 16 villagers, a military spokesman told CNN Saturday. Six attackers were killed by Cameroonian forces, said Maj. Nlate Eballe, an operations officer with a special military unit set up to fight Boko Haram. The attackers came Thursday ""in the hundreds ... torched Dia village in the Far North Region,"" he said. Dia is a village that borders Lake Chad and has been identified as a recruiting ground for Boko Haram. Regional Gov. Mijiyawa Bakary said the insurgents have been attacking border villages in Cameroon in search of supplies. Cameroonian troops retook cattle that was stolen by the attackers in Dia, Eballe said. The last attack in Cameroon by the Nigeria-based militants was March 10, when the assailants struck the locality of Kerawa-Mafa in a failed attempt to overrun a military base. Boko Haram, whose name translates as ""Western education is sin,"" has been waging a years-long campaign of terror aimed at instituting its extreme version of Sharia law in Nigeria. Boko Haram's tactics have intensified in recent years, from battling Nigerian government soldiers to acts disproportionately affecting civilians -- such as raids on villages, mass kidnappings, assassinations, market bombings and attacks on churches and unaffiliated mosques. Much of this violence has taken place in Nigeria, but neighboring countries -- Cameroon included -- have also been hit increasingly hard. Journalist Ngala Killian Chimtom in Yaounde, Cameroon, contributed to this report.' Provide only the summary as the response.",summarize
100,"Provide a concise summary of the following text: 'It seems iPads hold their value pretty well, especially if they have papal connections. One that Pope Francis once owned just sold for $30,500, according to Castells, an auction house in Uruguay. The Apple tablet had all the personal touches. ""His Holiness Francisco"" and ""Vatican Internet Service, March 2013"" were engraved on the back in Spanish and Italian. It also came with a keyboard and a certificate signed by the Pope's personal secretary. The proceeds will go to a school in Montevideo, Uruguay. It's not the first time a papal hand-me-down has gone for big bucks. Last year, the Pope donated a Harley-Davidson that he was given to charity. The motorcycle sold for $284,000 at auction, more than 10 times its normal sales price. A Harley motorcycle jacket signed by Francis sold for nearly $68,000. CNN's Marilia Brocchetto contributed to this report.' Provide only the summary as the response.",summarize
101,"Provide a concise summary of the following text: 'Parts of Miami-Dade County's skyline was hidden from view Monday as smoke from a growing 1,850-acre wildfire loomed over portions of the Florida county. What started as a nonthreatening and seemingly shrinking grass fire on Sunday, consuming fewer than 100 acres according to Miami-Dade Fire Rescue Battalion Chief Al Cruz, grew to be more than 10 times that within the next 24 hours. By Monday night, the fire had burned nearly 2,000 acres and was 50% contained, the fire department said. High temperatures and gusty winds helped the fire spread, State Forester Jim Karels said. Several fire units and a helicopter with the capacity to drop 400 gallons of water at a time were battling the blaze, Cruz said. ""The Florida Forest Service and Miami-Dade Fire Rescue have worked around the clock to protect Southwest Miami-Dade County,"" Florida Agriculture Commissioner Adam H. Putnam said in a statement. Early Monday night, officials were considering road closures, and one school, Lincoln Marti, was evacuated as a precaution, according to the Fire Department.' Provide only the summary as the response.",summarize
102,"Provide a concise summary of the following text: 'At least 21 people were killed during a shipwreck off the northern coast of Haiti, the country's civil protection directorate told CNN on Thursday. A small boat carrying about 50 migrants left from the area of Le Borgne, west of Cap-Haitien, on Wednesday night. It began to sail toward the island of Providenciales in the Turks and Caicos when it was caught in bad weather, civil protection spokesman Joseph Edgar Celestin said. The vessel hit a reef and sank as it tried to return to shore near Le Borgne. Rescuers, most of them volunteers from the town of Le Borgne and surrounding communities, were dispatched to the scene  and rescued at least 12 people, Celestin said. The search for survivors is ongoing, Celestin added. So far, 11 victims -- eight men and three women -- have been identified, Celestin said. Haiti's government urged migrants not to board clandestine ships and condemned those organizing these illegal journeys.' Provide only the summary as the response.",summarize
103,"Provide a concise summary of the following text: 'Hong Kong (CNN)Phil Rudd, the drummer for legendary hard rock band AC/DC, has pleaded guilty to charges of threatening to kill and possession of drugs in a New Zealand court. Rudd, who previously denied all allegations, made a surprise guilty plea Tuesday before the trial began. The 60-year-old Australian was arrested in November last year after police found methamphetamine and cannabis while executing a search warrant at his home in New Zealand. According to a court summary, Rudd fired several employees because the release of his solo album in August had flopped in the charts. A month later, he called an associate and said he wanted his personal assistant ""taken out."" He later then called the victim -- his personal assistant -- on the phone and said, ""I'm going to come over and kill you."" Rudd made several calls to his personal assistant over the following days, but he terminated the calls after realizing it was Rudd on the phone. ""As a result of the threats made by the defendant, the victim was genuinely very fearful of his safety,"" read the summary. The drummer's lawyer, Craig Tuck, told reporters outside the court that the charges were ""essentially just an angry phone call."" ""I will be seeking to have him discharged without conviction,"" Tuck added in an email to CNN. Rudd could face up to seven years in prison for the charge of threatening to kill. He is currently released on bail until the sentencing hearing on June 26. In November, the court dropped the police charge of ""attempting to procure murder"" after prosecutors decided there wasn't enough evidence.' Provide only the summary as the response.",summarize
104,"Provide a concise summary of the following text: 'Hi-ho, Kermit the Frog has some competition. A newly discovered species of glassfrog looks an awful lot like the famous Muppet. Bulging white eyes, Kelly green skin, the works. But the name's not nearly so catchy as its famous counterpart:  Hyalinobatrachium dianae, or Diane's bare-hearted glassfrog.  If you have to, you can call it H. dianae for short. Scientists found the species on the Caribbean slopes of Costa Rica. This is big news in the scientific community.  The last time a new glassfrog was found in Costa Rica was back in 1973, according to the Costa Rican Amphibian Research Center. ""Costa Rica is known to have 14 glassfrogs inhabiting its tiny national territory!"" the center's Facebook page said. It's called a glassfrog because of its translucent belly.  You can see its internal organs from underneath. Miss Piggy wasn't immediately available for comment.' Provide only the summary as the response.",summarize
105,"Provide a concise summary of the following text: 'Sanaa, Yemen (CNN)Al Qaeda fighters attacked a prison in the coastal Yemeni city of Al Mukallah early Thursday, freeing at least 270 prisoners, a third of whom have al Qaeda links, a senior Defense Ministry official has told CNN. Khaled Batarfi, a senior al Qaeda figure, was among the escapees, officials said. Dozens of attackers took control of government buildings, including the city's Central Prison, Central Bank and radio station during the assault early Thursday, according to officials. Government troops arrived early Thursday and clashed with the al Qaeda fighters, and most of the militants fled, the officials said. Last month, hundreds of inmates escaped from Al Mansoorah Central Prison in Aden after clashes between Shiite Houthi rebels and forces loyal to ousted Sunni President  Abdu Rabu Mansour Hadi. Yemen has been descending into chaos in the weeks since Shiite Houthi rebels removed Hadi, a Sunni, from power. The sectarian nature of the conflict is drawing in regional rivals Saudi Arabia, which is predominately Sunni -- and is the country to which Hadi ultimately fled -- and Iran, which is predominately Shiite and supports the Houthi rebels. Because of that, the conflict in Yemen risks becoming a proxy war in the struggle between the Iranians and the Saudis for preeminence in the Middle East. The Saudis have conducted airstrikes against the Houthi rebels and could send in ground troops. But little is simple in the Middle East. And while the conflict between the Houthis and forces loyal to Hadi rages in the western part of the country, where it has caused hundreds of civilian deaths, al Qaeda in the Arabian Peninsula, or AQAP, controls parts of eastern Yemen. AQAP is considered one of the most ruthless branches of the terrorist organization.' Provide only the summary as the response.",summarize
106,"Provide a concise summary of the following text: 'Canadian fighter jets have carried out their first airstrike against ISIS in Syria, hitting one of the Sunni militant group's garrisons. The CF-18 Hornets bombed near ISIS' de facto capital of Raqqa, Canada's Department of National Defence said Wednesday. It described the strike as successful. Canadian forces are part of the U.S.-led coalition trying to stem the extremist group's bloody advances in Iraq and Syria. Canadian warplanes have conducted dozens of strikes against ISIS targets in Iraq since November. Canadian Prime Minister Stephen Harper announced plans last month to expand the airstrikes into Syria. ""This first airstrike under the expanded mandate demonstrates our government's firm resolve to tackle the threat of terrorism against Canada and to promote international security and stability,""  Defense Minister Jason Kenney said in a statement. ""ISIL is a genocidal terrorist organization and we will deny them safe haven in the region,"" he said, using an alternative acronym for the militant group, which refers to itself as the Islamic State. The Canadian aircraft and their crews safely returned to base, the military said. It wasn't immediately clear how many casualties the airstrike had caused. U.S. warplanes have been bombing ISIS positions in Iraq since August and in Syria since September. Other Western and Middle East nations are taking part in the campaign, either through direct military actions or by providing support. ISIS, whose influence has spread far beyond the borders of Iraq and Syria, has imposed its harsh interpretation on Islam on the areas it has seized, killing thousands of people and persecuting minorities. CNN's Tina Burnside contributed to this report.' Provide only the summary as the response.",summarize
107,"Provide a concise summary of the following text: '""Success Kid"" is likely the Internet's most famous baby. You've seen him in dozens of memes, fist clenched in a determined look of persevering despite the odds. Success Kid -- now an 8-year-old named Sammy Griner -- needs a little bit of that mojo to rub off on his family.  His dad, Justin, needs a kidney transplant. About a week ago, Laney Griner, Justin's wife and Sammy's mother, created a GoFundMe campaign with a goal of $75,000 to help cover the medical expenses that go along with a kidney transplant. The campaign is already a success. By Wednesday it had topped its goal. Griner told The Daily Dot that her husband was diagnosed with kidney disease in 2006 and suffered complete kidney failure three years later. ""One can only survive with no natural kidney function ... for so long,"" Laney Griner said. ""His energy and mood are affected; he can no longer work, and he spends 12 hours a week in dialysis clinic. ""Having been on dialysis for this long greatly increases his risks of developing further complications. The only way to save his life is to get a transplant. There's no other way around that,"" she said. The family doesn't know when a kidney might become available.  Their GoFundMe page has a link for potential donors. Sammy's Internet fame began in 2007 when his mom posted a picture of him on a beach with a fist full of sand and a satisfied look on his face.  Myspace picked it up, so did Reddit. The rest is Internet history.  Success just seems to run in some families.' Provide only the summary as the response.",summarize
108,"Provide a concise summary of the following text: 'Looks like another really, really, ridiculously good-looking person is joining the cast of ""Zoolander 2."" Actress Penelope Cruz will appear in the upcoming sequel to the popular 2001 film, Ben Stiller announced Friday. Stiller, who plays the title role of male model Derek Zoolander, dropped the news by sharing a photo of ""Little Penny"" Cruz as a child and saying he was ""excited"" to welcome her to the cast. Stiller and Owen Wilson, who plays so-hot-right-now model ""Hansel"" made a surprise appearance at Paris Fashion Week to promote the film. It is scheduled for release in February 2016. Stiller has been sharing photos on social media from the film's production in Italy, dropping hints to the plot. For example, it looks like Zoolander has a son in the sequel! Stiller, a producer on the film, is also slated to produce the sequel to ""Dodgeball,"" another fan favorite from his resume.' Provide only the summary as the response.",summarize
109,"Provide a concise summary of the following text: 'Was it politics or something else? No one is sure, but the headstone of Hillary Clinton's father, Hugh Rodham, was found tipped over this week, just a couple of days after she announced her run for the White House. ""It was just laying down just right like that, boom,"" Paul McGloin told CNN affiliate WNEP.  ""I pass here five, six times a day because I live two blocks from here and when I looked I couldn't  believe it, to see that it was tipped over."" McGloin said he's tended to the grave site at the Washburn Street Cemetery in Scranton, Pennsylvania, since Rodham was buried there in 1993. Police are investigating, but no other headstones were knocked over. Police Chief Carl Graziano told The Scranton Times-Tribune that he suspects vandalism. ""I'm not sure how else it would have fallen over,"" he said. Still, police will look into the possibility that it was weather-related. Funeral director Neil Regan also said vandalism is the most-likely cause, not the weather. ""The more I thought about it, there were no serious winds or weather events,"" he said.  ""Paul McGloin told me he had driven by here 8 o'clock (Monday) morning and the stone was in place."" McGloin believes it's no coincidence that it happened within days of Clinton announcing her second presidential bid. ""And all of a sudden the headstone is tipped over, two days later,"" he said.  ""As long as I`ve been coming here, the headstone has been pretty secure around the base of it."" CNN's Greg Morrison contributed to this report.' Provide only the summary as the response.",summarize
110,"Provide a concise summary of the following text: 'A family trip to a Nebraska zoo turned terrifying for one family after the gorilla they were looking at leaped toward the exhibit window, cracking it. Kevin Cave caught the incident on video that he posted on his Reddit page. It has already been viewed more than 1 million times. Cave said when his family first arrived at Omaha's Henry Doorly Zoo gorilla exhibit, he noticed one of the gorillas had a cut below his eye that was ""bleeding a little bit."" He said he overheard a couple of zookeepers say the gorillas had been fighting with one another. Then the gorilla -- named Kijoto -- charged toward the window and smacked into it, he said. The leap sent the family and other patrons running, but Cave said when he looked back, ""it wasn't as bad as we thought it was."" Dan Cassidy with the Henry Doorly Zoo said he's been surprised by the attention since he considered the whole thing a ""nonevent."" The group of male gorillas is known to have occasional skirmishes. ""They show how tough they are by pounding on the wall and the windows,"" Cassidy said. Even with the crack, the public was never in danger, he said, because the window has multiple layers of both glass and acrylic. Kijoto is a 20-year-old western lowland gorilla, according to a release on the zoo's website. He weighs 375 pounds.' Provide only the summary as the response.",summarize
111,"Provide a concise summary of the following text: 'A SkyWest Airlines flight made an emergency landing in Buffalo, New York, on Wednesday after a passenger lost consciousness, officials said. The passenger received medical attention before being released, according to Marissa Snow, spokeswoman for SkyWest. She said the airliner expects to accommodate the 75 passengers on another aircraft to their original destination -- Hartford, Connecticut -- later Wednesday afternoon. The Federal Aviation Administration initially reported a pressurization problem and said it would investigate. Snow said there was no indication of any pressurization issues, and the FAA later issued a statement that did not reference a pressurization problem. SkyWest also said there was no problem with the plane's door, which some media initially reported. Flight 5622 was originally scheduled to fly from Chicago to Hartford. The plane descended 28,000 feet in three minutes. ""It would feel like a roller coaster -- when you're coming over the top and you're going down,"" CNN aviation analyst Mary Schiavo said, describing how such a descent would feel. ""You know that these pilots knew they were in a very grave and very serious situation.""' Provide only the summary as the response.",summarize
112,"Provide a concise summary of the following text: 'Cigarettes have been put out across the bars of New Orleans. Cigars are welcome no more. The city known for excess of everything -- drinking, eating, dancing in the street until all hours -- went smoke-free as Tuesday became Wednesday at midnight. How can that be? It turns out that the city known for its over-the-top Mardi Gras celebrations and incredible jazz fests (starting Friday!) didn't want its waiters and musicians to have to breathe smoke to do their jobs anymore. The New Orleans City Council passed its ban against smoking in most places across the city -- including bars, casinos and restaurants -- in January, and the vote was unanimous, the New Orleans Times-Picayune reports. Bar owners worried about potential revenue loss, while puffing customers bemoaned the loss of their smoking spots. Harrah's New Orleans and bar owners filed a lawsuit to stop the ban, and a hearing is scheduled in state court in a month, CNN affiliate WAPT reports. Fines start at $50. Luckily for us, none of CNN's 15 New Orleans must-do's -- including touring Treme or eating a beignet -- requires smoking.' Provide only the summary as the response.",summarize
113,"Provide a concise summary of the following text: 'A North Pacific gray whale has earned a spot in the record books after completing the longest migration of a mammal ever recorded. The whale, named Varvara, swam nearly 14,000 miles (22,500 kilometers), according to a release from Oregon State University, whose scientists helped conduct the whale-tracking study. Varvara, which is Russian for ""Barbara,"" left her primary feeding ground off Russia's Sakhalin Island to cross the  Pacific Ocean and down the West Coast of the United States to Baja, Mexico. Varvara's journey surpassed a record listed on the Guinness Worlds Records website. It said the previous record was set by a humpback whale that swam a mere 10,190-mile round trip between the ""warm breeding waters near the equator and the colder food-rich waters of the Arctic and Antarctic regions."" Records are nice, but Bruce Mate, the lead author of the study, thinks the long trip might say more about the whale than just its ability to swim. During her 14,000-mile journey, Varvara visited ""three major breeding areas for eastern gray whales,"" which was a surprise to Mate, who is also the director of the Marine Mammal Institute at Oregon State University. ""For her to go to Mexico,"" Mate said, ""It's pretty strong evidence that it's where she's from."" Varvara was thought to be an endangered western whale, but her ability to ""navigate across open water over tremendously long distances is impressive,"" he said in the release, which could mean that some western gray whales are actually eastern grays. With only 150 western gray whales believed to be in existence, that number might be even lower. ""Past studies have indicated genetic differentiation between the species, but this suggests we may need to take a closer look,"" Mate said. Fourth baby orca born this season.' Provide only the summary as the response.",summarize
114,"Provide a concise summary of the following text: 'Beijing (CNN)Chinese police on Monday released five female activists who were detained last month, family and friends of the women tell CNN. Wei Tingting, Wang Man, Zheng Churan, Li Tingting and Wu Rongrong were freed. The women will be under police surveillance for a year and have their movements and activities restricted, attorney Liang Xiaojun said. Police can summon the women for questioning at any time, he added. The five members of China's Women's Rights Action Group were detained in Beijing, Guangzhou and Hangzhou a few days before events planned for International Women's Day on March 8. The United States had urged China to free them, and the international community harshly criticized keeping the women in custody. ""Each and every one of us has the right to speak out against sexual harassment and the many other injustices that millions of women and girls suffer around the world,"" U.S. Secretary of State John Kerry said in a statement Friday. ""We strongly support the efforts of these activists to make progress on these challenging issues, and we believe that Chinese authorities should also support them, not silence them."" ""Free the five"" became a Twitter hashtag. Wang Qiushi, a lawyer for Wei, said police recommended last week that prosecutors press charges of ""assembling a crowd to disturb public order.""' Provide only the summary as the response.",summarize
115,"Provide a concise summary of the following text: 'Sawyer Sweeten grew up before the eyes of millions as a child star on the endearing family sitcom ""Everybody Loves Raymond."" Early Thursday he committed suicide, his sister Madylin Sweeten said in a statement. He was 19. ""This morning a terrible family tragedy has occurred,"" Madylin Sweeten said in a statement passed on by her manager Dino May. ""We are devastated to report that our beloved brother, son, and friend, Sawyer Sweeten, took his own life. He was weeks away from his 20th birthday.  At this sensitive time, our family requests privacy and we beg of you to reach out to the ones you love."" Sweeten, best known for his role Geoffrey Barone, was visiting family in Texas, entertainment industry magazine Hollywood Reporter reported, where he is believed to have shot himself on the front porch. Sawyer Sweeten was born in May 1995 in Brownwood, Texas. He was a year and a half old when he started on ""Raymond,"" playing next to his real-life twin brother Sullivan, who starred as Michael Barone, according to the website IMDb. Their sister, Madylin, played their TV sister Ally Barone. The show was about the adults, and the children, especially the twins, had bit parts, adorable cameo moments. In the beginning, they were too young to speak. The series developed a loyal following and ran from September 1996 through May 2005. According to his IMDb profile, Sawyer did not appear to take on acting roles after ""Raymond"" was discontinued. CNN's Sonya Hamasaki contributed to this report.' Provide only the summary as the response.",summarize
116,"Provide a concise summary of the following text: 'Sao Paulo, Brazil (CNN)Brazilian police have arrested the treasurer of the ruling Workers' Party, bringing the bribery investigation at the state-run oil company Petrobras a step closer to President Dilma Rousseff. Federal police arrested Joao Vaccari Neto at his home in Sao Paulo on Wednesday morning. Vaccari faces charges of corruption and money laundering as part of the broader probe into corruption at Petrobras. Former executives who have turned state's evidence claim that construction companies paid large sums under the table to Petrobras officials and politicians in order to secure lucrative contracts with the oil giant. Vaccari has denied any wrongdoing and recently told a congressional commission that all donations to his party were legal and were reviewed by electoral authorities. Vaccari is the closest political figure to Rousseff so far implicated in the investigation. Rousseff herself has not been implicated, although she was the chairwoman of Petrobras when much of the alleged corruption took place. Rousseff has insisted she supports the probe and has not in any way interfered with the investigation. Sources quoted in Brazilian media have said investigators are looking at whether some of the bribes went toward Rousseff's election campaigns. Anger over what has ballooned into a multi-million dollar corruption scandal has eroded Rousseff's approval rating and prompted hundreds of thousands of Brazilians to take to the streets in protest. On Sunday, about half a million people participated in demonstrations across the country. But turnout was smaller than a month earlier, when roughly one million people marched in protest, raising questions about how long the demonstrations can last.' Provide only the summary as the response.",summarize
117,"Provide a concise summary of the following text: 'Chile's Calbuco volcano erupted twice in 24 hours, the country's National Geology and Mining Service said early Thursday. The agency said it was evaluating the spectacular nighttime eruption, but indicated it was ""stronger than the first one."" About 23½ inches (60 centimeters) of ash fell in some places, according to the Ministry of Interior and Public Safety. Authorities issued a red alert for the towns of Puerto Montt and Puerto Varas in southern Chile. Both are popular tourist destinations. A 12-mile (20 kilometer) exclusion zone was established around the crater. Military and police forces were assisting with the evacuations of more than 4,400 residents, the Interior Ministry said. The first eruption on Wednesday set off a bit of a panic in the region. ""At the beginning, it was small, and later, the cloud grew and later there was a huge cloud over you and true terror starts,"" said one Puerto Montt resident. Another person said: ""It was impressive to see an enormous mushroom cloud, with the immense force of the volcano, and to see the ashes. At that point, there was a lot of panic, lots of chaos, traffic jams, people going to supermarkets, everyone looking for water, trying to take out money from the ATMs."" The eruption is a first for many in the region. The last major eruption was 1962.  There was a minor eruption in 1972. Calbuco also belched out a bit of gas and smoke in 1996. Alejandro Verges, regional director at the Ministry of Interior and Public Safety, said Thursday afternoon that officials are concerned there might be a third eruption. ""The situation is relatively calm right now, although people are understandably anxious about what could happen tonight,"" he said. CNN's Shasta Darlington and Marilia Brocchetto contributed to this report.' Provide only the summary as the response.",summarize
118,"Provide a concise summary of the following text: 'Indiana Gov. Mike Pence issued an executive order Monday to extend a public health emergency in his state in response to a rampant HIV outbreak that first began in mid-December. As of Tuesday, there were 135 cases -- 129 confirmed, and six preliminary --  of HIV. The increase has been linked to injection drug use, primarily of the prescription opioid opana. Pence issued an order in March for Scott County, which then had 79 confirmed cases of HIV since mid-December. The county normally averages about five new cases a year. ""Scott County is facing an epidemic of HIV. But this is not a Scott County problem -- this is an Indiana problem,"" Pence said in March. Officials expect more cases as more individuals are tested, particularly because it can take up to three months for HIV to appear in a person's system after initial infection. The emergency order was first issued last month and set to expire Friday, but now will be in place until May 24. It calls on multiple state agencies to coordinate a response to the unprecedented outbreak and provides additional resources. Law enforcement, emergency agencies and health officials are working together. Most notably, a temporary needle exchange program that began April 4. As of Tuesday, more than 4,300 clean syringes had been distributed and more than 3,100 used needles had been turned in, according to the Indiana Department of Health. A team from the CDC Division of HIV/AIDS Prevention was working on site with state and local officials. In extending the public health emergency declaration, the governor said: ""While we've made progress in identifying and treating those affected by this heartbreaking epidemic, the public health emergency continues and so must our efforts to fight it.""' Provide only the summary as the response.",summarize
119,"Provide a concise summary of the following text: 'Ahmed Farouq didn't have the prestige of fellow al Qaeda figure Osama bin Laden, the influence of Anwar al-Awlaki, or the notoriety of Adam Gadahn. Still, he was a big deal. That's the assessment of multiple sources on a man who may not have been well-known in the West, but nonetheless had a special role in the terrorist group. Farouq -- an American -- died in a U.S. counterterrorism airstrike in January, according to the White House. Two al Qaeda hostages, Warren Weinstein of the United States and Giovanni Lo Porto from Italy, were killed in the same strike, while Gadahn died in another U.S. operation that month. Before that, Farouq was the deputy emir of al Qaeda in the Indian Subcontinent, or AQIS, a branch of the Islamist extremist group that formed in recent years. The branch made its presence known in September 2014, when militants infiltrated Pakistan's navy and tried to hijack one of its ships, according to the SITE Institute, which monitors terror groups. The group's spokesman, Usama Mahmoud, on Twitter compared the Pakistani naval officers involved in the attempted hijacking to Nidal Hasan, SITE reported. Hasan is the U.S. Army psychiatrist sentenced to death for killing 13 people at Fort Hood, Texas. Osama Mehmood, a spokesman for al Qaeda in the Indian Subcontinent, said that Farouq and another top figure, Qari Abdullah Mansur, were killed in a January 15 drone strike in Pakistan's Shawal Valley. They were senior al Qaeda leaders, according to Mehmood. American mouthpiece for al Qaeda killed. CNN's Sophia Saifi contributed to this report.' Provide only the summary as the response.",summarize
120,"Provide a concise summary of the following text: 'You can call him... Joker. We've seen a few teases so far, but on Friday night, director David Ayer gave us the first full look at Jared Leto as the Joker. The Clown Prince of Crime will appear in 2016's ""Suicide Squad,"" the first movie featuring the best-known comic book villain, where (as far as we know anyway), there is no Batman present. The Oscar winner cut his hair and shaved his face for the role, and appears to have embraced it fully. He will be the first actor to play the character on the big screen since the late Heath Ledger. ""Suicide Squad"" also stars Will Smith, Margot Robbie and a large cast of villains and anti-heroes. (Warner Bros. Pictures and DC Entertainment -- makers of ""Suicide Squad"" -- are owned by Time Warner, as is CNN.) The movie hits theaters August 5, 2016.' Provide only the summary as the response.",summarize
121,"Provide a concise summary of the following text: 'The Dark Knight returns... again. ""The Dark Knight Returns,"" published in 1986, is widely credited for resurrecting Batman in pop culture, something we've seen referenced in everything from 1989's ""Batman"" to the ""Dark Knight"" trilogy and the upcoming ""Batman v. Superman: Dawn of Justice."" Now popular comic book writer Frank Miller is returning to his best-known story. DC Comics (a Time Warner company, like CNN) announced Friday the final chapter in his ""The Dark Knight Returns"" trilogy, in the form of ""The Dark Knight III: The Master Race"" (""The Dark Knight Strikes Again"" was released in 2001). This third chapter in the grim saga will be released sometime in the fall. ""Batman remains my favorite comic book hero and a sequel to Dark Knight is going to be daunting,"" said Miller in a press release, ""but we'll do our best."" Miller will be joined by acclaimed artist Brian Azzarello.' Provide only the summary as the response.",summarize
122,"Provide a concise summary of the following text: 'A mysterious affliction has killed as many as 18 people in southwestern Nigeria, leaving health officials scrambling to determine its cause. The cases have all occurred in Nigeria's Ondo state since April 13, health officials said Sunday. Dr. Dayo Adeyanju, Ondo's state commissioner for health, said 18 people have died and five people are being treated.  Those affected are between the ages of 25 and 60.  The disease does not appear to be contagious, he said. Symptoms include headaches, blurred vision, loss of sight and unconsciousness, Adeyanju said. Some suspect it may be the result of locally brewed alcohol. The World Health Organization, earlier Sunday, reported at least 13 people were killed and that there were 18 total cases. Those numbers were reported by Adeyanju released somewhat different totals. Investigators sent samples of blood, urine and spinal fluid to a university in the city of Lagos for tests, which ruled out infections from viruses or bacteria, the WHO said. Doctors plan to carry out toxicological tests on one of the victims who died in a hospital, WHO spokesman Tarik Jasarevic said.' Provide only the summary as the response.",summarize
123,"Provide a concise summary of the following text: 'This time, it's official: Russia expects North Korean leader Kim Jong Un to visit Moscow next month for World War II anniversary celebrations. North Korean representatives have confirmed that Kim will be in the Russian capital for May 9 Victory Day celebrations, Russian presidential aide Yuri Ushakov said Wednesday, according to Russian state-run news agency Tass. This would mark Kim's first official foreign trip since inheriting the leadership of North Korea in late 2011. Kim will meet with Russian President Vladimir Putin as part of the May visit, Tass reported. Kim's trip has been anticipated since late December, when Russian state media reported that Moscow had extended an invitation to Pyongyang. Last month, a Russian official speaking on condition of anonymity told CNN that the invitation was accepted. But Wednesday's Tass report is the first public  confirmation attached to a named official. This year's Victory Day marks the 70th anniversary of the Soviet Union's victory over Nazi Germany in World War II. Russia has said it has invited more than 60 world leaders to the celebrations. Kim expected to visit Moscow as North Korea, Russia foster warmer relations. CNN's Madison Park and Alla Eshchenko contributed to this report.' Provide only the summary as the response.",summarize
124,"Provide a concise summary of the following text: 'Israeli Prime Minister Benjamin Netanyahu will get two extra weeks to form a government, Israel's President said in a news release Monday. Netanyahu made the request at President Reuven Rivlin's Jerusalem home Monday. ""We have made progress and are on the way to forming a government,"" Netanyahu told Rivlin, according to a statement. ""However, I require additional time in order for the government to be stable and so that we might reach agreement on important issues that will aid us in meeting the challenges facing the State of Israel."" Netanyahu must form his government in less than 42 days, according to Israeli law. ""I wish you success in your work,"" Rivlin told the Prime Minister, according to a statement. ""The entire people of Israel hope that a government will be established; indeed, a transition government has not received the confidence of the Knesset and is viewed by the public as needing to be dealt with. I hope that in the coming days you will succeed in forming a stable government for the State of Israel."" Last month, Netanyahu's Likud Party snared 30 of the 120 seats in the Knesset, Israel's parliament, giving its leaders the first chance at forming a coalition government. The Zionist Union came in second, with 24 seats.' Provide only the summary as the response.",summarize
125,"Provide a concise summary of the following text: 'The FBI is investigating a possible ISIS-inspired terrorist threat in the United States, law enforcement officials said Saturday. The investigation originated from intercepted chatter and other intelligence information that led officials to believe a possible plot could be in the works, the officials said. No arrests have been made. It's not clear whether the threat is real or aspirational. The exact nature of the threat couldn't be learned. One official said it focused on parts of California where officials stepped up security, a U.S. official said. The Transportation Security Administration alerted local law enforcement agencies that are responsible for external security around airports, but officials said the possible threat is not necessarily aviation-related. Some cities around the United States have increased their security as a precaution. A Department of Homeland Security spokesperson declined Saturday to talk about specifics, but spoke about security measures in general. ""Over the last few months, we have made a number of security adjustments, including enhanced screening at select overseas airports and increasing random searches of passengers and carry-on luggage on flights inbound to the U.S., reflecting an evolving threat picture,"" the spokesman said. He said the DHS added layers of security to the Electronic System for Travel Authorization. ETSA is an online application system to screen travelers before they are allow to board an airplane or ship bound for the United States. In February, a more visible law enforcement presence was put in place at federal facilities, he said. ""The department has conducted significant outreach efforts ... with state and local law enforcement partners regarding these trends and engaging in a series of meetings and events with local community leaders across the country to counter violent extremism,"" he said.' Provide only the summary as the response.",summarize
126,"Provide a concise summary of the following text: 'April 23, 2015. Some questions addressed this Thursday: How has the U.S. Supreme Court addressed the use of force by police? What impact might lower gas prices be having on hybrid vehicle sales? What is ""The Blob,"" and what role does it play in the Pacific Ocean? We're also delivering a random fact about a state vegetable and showing how a robot has two legs up on good balance. On this page you will find today's show Transcript and a place for you to request to be on the CNN Student News Roll Call. TRANSCRIPT. Click here to access the transcript of today's CNN Student News program. Please note that there may be a delay between the time when the video is available and when the transcript is published. CNN Student News is created by a team of journalists who consider the Common Core State Standards, national standards in different subject areas, and state standards when producing the show. ROLL CALL. For a chance to be mentioned on the next CNN Student News, comment on the bottom of this page with your school name, mascot, city and state. We will be selecting schools from the comments of the previous show. You must be a teacher or a student age 13 or older to request a mention on the CNN Student News Roll Call! Thank you for using CNN Student News!' Provide only the summary as the response.",summarize
127,"Provide a concise summary of the following text: 'Tobacco companies including Philip Morris and R.J. Reynolds filed suit this week against the Food and Drug Administration alleging that the FDA is violating the companies' free speech rights. In March, the FDA issued guidance that if significant changes are made to a product's label, like color or a logo, the product requires new approval from the administration. This holds true even if the product was previously approved. The suit, filed in U.S. District Court in Washington, argues that those guidelines go too far and are too vague. They violate the First Amendment because they pre-emptively restrict free speech and exceed the scope of the Tobacco Control Act, the companies claim. The FDA's actions, the suit says, do not advance a substantial government interest. The plaintiffs also include U.S. Smokeless Tobacco Co., American Snuff Co., Santa Fe Natural Tobacco Co. and Lorillard Tobacco Co. FDA spokesman Michael Felberbaum said the administration does not comment on litigation. CNN's Debra Goldschmidt contributed to this report.' Provide only the summary as the response.",summarize
128,"Provide a concise summary of the following text: 'Another controversy has erupted from the press tour for the soon-to-be-blockbuster Marvel's ""Avengers: Age of Ultron."" After Robert Downey Jr. walked out on an interview, his co-stars Chris Evans and Jeremy Renner found themselves in hot water Wednesday over comments they made in a similar junket interview. When asked by Digital Spy about the character Black Widow's flirtations with the other superheroes, Renner responded ""She's a slut,"" and Evans, laughing, added that she is a ""complete whore."" Joking or not, fans on social media didn't take it lightly. By Thursday, both actors apologized. CNN obtained a statement from Renner saying, ""I am sorry that this tasteless joke about a fictional character offended anyone. It was not meant to be serious in any way. Just poking fun during an exhausting and tedious press tour."" Evans also released a statement: ""Yesterday we were asked about the rumors that Black Widow wanted to be in a relationship with both Hawkeye and Captain America. We answered in a very juvenile and offensive way that rightfully angered some fans. I regret it and sincerely apologize."" Many on social media accepted his apology, but thoughts on Renner were mixed. With one week left until its release, the ""Avengers"" might want to steer clear of controversy from here on out.' Provide only the summary as the response.",summarize
129,"Provide a concise summary of the following text: 'Just weeks after Marvel's ""Daredevil"" premiered its first season on Netflix, the company confirmed Tuesday that a second season will be coming in 2016. The show focuses on attorney Matt Murdock (played by Charlie Cox), who was blinded as a child, as he fights injustice by day using the law. By night, he continues the fight, becoming the superhero Daredevil and using his powers to protect the New York neighborhood of Hell's Kitchen. It's gotten rave reviews. ""With tight adherence to its source material's history, high production quality, and a no-nonsense dramatic flair, Daredevil excels as an effective superhero origin story, a gritty procedural, and an exciting action adventure,"" says review site Rotten Tomatoes. Netflix's 'Daredevil' has arrived: What's the verdict? A Marvel Television and ABC Studios production, the show also stars Rosario Dawson, Vincent D'Onofrio and Deborah Ann Woll. ""Daredevil"" is just one of four series that the Disney-owned Marvel has committed to airing on Netflix. Expect to see Avengers characters ""Jessica Jones,"" ""Iron Fist"" and ""Luke Cage"" in their own upcoming series, leading into ""The Defenders"" miniseries programming event.' Provide only the summary as the response.",summarize
130,"Provide a concise summary of the following text: '(The Hollywood Reporter)Oscar-winning rapper-turned-actor Common has closed a deal to join the cast of ""Suicide Squad,"" Warner Bros.' all-star action movie featuring DC Entertainment super-villains. David Ayer is directing the feature, which already boasts actors Jared Leto as the Joker, Will Smith as Deadshot and Margot Robbie as Harley Quinn. Also in the lineup are Joel Kinnaman, Cara Delevingne, Viola David, Adam Beach, Ike Barinholtz, Adewale Akinnuoye-Agbaje and Scott Eastwood. There will also possibly be cameos of Jesse Eisenberg who plays Lex Luthor and Ben Affleck as Batman in ""Batman v Superman: Dawn of Justice,"" who are rumored to appear as Warners builds its own cinematic universe. Hollywood Reporter: 'Suicide Squad' is 'Dirty Dozen' with supervillains. The story tells of imprisoned villains recruited by a government agency to perform covert operations. Details for Common's role have not been revealed. Warners had no comment on the deal. The movie is in production in Toronto. Common is currently on screen with Warners' Liam Neeson thriller ""Run All Night"" and was part of the cast for acclaimed civil rights movie ""Selma."" For the latter he won an Oscar for best original song, which he shared with John Legend. He is due to shoot Relativity's ""Hunter Killer"" with Gerard Butler in July. Hollywood Reporter: What happens when 'Star Wars' is just a war film? He is repped by CAA and Myman Greenspan. Warner Bros. and DC Entertainment are both units of Time Warner, as is CNN. ©2015 The Hollywood Reporter. All rights reserved.' Provide only the summary as the response.",summarize
131,"Provide a concise summary of the following text: '(The Hollywood Reporter)""The Rocky Horror Picture Show"" is the latest musical getting the small-screen treatment. Fox is developing a two-hour remake of the 1975 cult classic to be directed, executive-produced and choreographed by Kenneth Ortega (""High School Musical""). The project, tentatively titled ""The Rocky Horror Picture Show Event,"" is casting-contingent. The special will be filmed in advance and not air live, but few details beyond that are known. In addition to Ortega, Gail Berman and Lou Adler, who produced the original film, are also attached as executive producers. The special will be produced by Fox 21 Television Studios, and Berman's The Jackal Group. The special is timed to celebrate the 40th anniversary of the film, which has grossed more than $112 million and still plays in theaters across the country. TV premiere dates: The complete guide. This isn't the first stab at adapting ""The Rocky Horror Picture Show."" In 2002, Fox unveiled plans for an adaptation timed to the 30th anniversary that never came to fruition. The faces of pilot season 2015. Fox's ""Glee"" covered several of the show's most popular songs for a Season 2 episode and even released a special ""The Rocky Horror Glee Show"" EP. There is no plan yet for when the adaptation will air. Fox also has a live musical production of ""Grease"", starring Julianne Hough and Vanessa Hudgens, scheduled to air on Jan. 31, 2016. Broadcast TV scorecard. Following in the footsteps of ""The Sound of Music"" and ""Peter Pan,"" NBC recently announced plans to air a live version of The Wiz later this year. Ortega's credits include ""Gilmore Girls,"" ""This Is It"" and ""Hocus Pocus."" He is repped by Paradigm and Hanson, Jacobson. ©2015 The Hollywood Reporter. All rights reserved.' Provide only the summary as the response.",summarize
132,"Provide a concise summary of the following text: 'With help from some filmmakers, 102-year-old Alice Barker went back in time. Barker was a dancer in such New York nightspots as the Cotton Club and the Cafe Zanzibar in the 1930s and 1940s, part of chorus lines that entertained alongside notables including Bill ""Bojangles"" Robinson and Frank Sinatra. There were motion pictures made of Barker, but she had never seen any of them. Moreover, her photographs and memorabilia had all been lost over the years. So she had never seen herself actually dancing -- until now. Mark Cantor of jazz-on-film.com and some volunteers put together a video of ""soundies"" -- early music videos -- and showed them to Barker at the nursing home where she lives. The ageless dancer was delighted. ""It's just fabulous,"" she said.' Provide only the summary as the response.",summarize
133,"Provide a concise summary of the following text: 'The last three defendants prosecuted in the hazing death of Florida A&M drum major Robert Champion were convicted Friday of manslaughter and hazing with the result of death, reported CNN affiliate WFTV. A jury deliberated about 2½ hours before returning guilty verdicts against Benjamin McNamee, 25; Aaron Golson, 22; and Darryl Cearnel, 28. They will be sentenced June 26, according to Orange County, Florida, online court records. Until then, they'll be held in the county jail. Champion, 26, died in November 2011 after a band hazing ritual in which he was beaten aboard a school bus after a football game in Orlando, Florida. The initiation required pledges to run down the center of the bus while being punched, kicked and assaulted by senior members, band members have said. A medical examiner ruled Champion's death a homicide and said he died within an hour of being beaten. Champion suffered multiple blunt trauma blows, the medical examiner said. A total of 15 defendants were charged originally, but most took plea deals, WFTV reported. Last October, Dante Martin stood trial and was convicted of the same charges. He was sentenced to 77 months in prison.' Provide only the summary as the response.",summarize
134,"Provide a concise summary of the following text: 'Hong Kong (CNN)Cathay Pacific was forced to cancel a scheduled flight from London to Hong Kong after one of the pilots was arrested after trying to board the airliner with knives in his luggage. The pilot, who has not been identified, was stopped during security checks as the flight prepared to depart on Saturday night, the Metropolitan Police said in a statement Monday. ""At around 21:10 hours police at Heathrow Airport were called to a staff search area. ""Officers attended and subsequently the member of flight crew, a man, was arrested on suspicion of possession of an offensive weapon in a public place and possession of a knife blade / sharp pointed article in a public place."" He was then taken into custody at a local police station where he was later bailed and ordered to return in May pending an investigation, the police statement added. Cathay Pacific, which is headquartered in Hong Kong, told CNN in an email that it would cooperate with authorities, but that it was unable to provide further details as the incident is being investigated by police. It apologized to the 262 people on board Flight CX254, which eventually departed on Sunday, adding that it assisted passengers with overnight accommodation in London and alternative flight arrangements. Passengers were forced to wait in the seats on board the Boeing 777 for more than two hours before the service was canceled. ""They just told us there were crew issues. The captain said 'apologies for everything that has happened'. He said they tried to get another pilot but they couldn't get there on time,"" one passenger on the flight told the Hong Kong-based South China Morning Post.' Provide only the summary as the response.",summarize
135,"Provide a concise summary of the following text: 'You probably never knew her name, but you were familiar with her work. Betty Whitehead Willis, the designer of the iconic ""Welcome to Fabulous Las Vegas"" sign, died over the weekend.  She was 91. Willis played a major role in creating some of the most memorable neon work in the city. The Neon Museum also credits her with designing the signs for Moulin Rouge Hotel and Blue Angel Motel. Willis visited the Neon Museum in 2013 to celebrate her 90th birthday. Born about 50 miles outside of Las Vegas in Overton, she attended art school in Pasadena, California, before returning home. She retired at age 77. Willis never trademarked her most-famous work, calling it ""my gift to the city."" Today it can be found on everything from T-shirts to refrigerator magnets. People we've lost in 2015.' Provide only the summary as the response.",summarize
136,"Provide a concise summary of the following text: 'It was a busy week for trending stories. If you weren't online much, here's some of the best of what you missed:. After the New York area received a large amount of rain, four rainbows appeared to stretch across the early morning sky on Tuesday. Amanda Curtis, CEO of a fashion company, snapped the lucky shot. In rural China, hiring exotic dancers to perform at wakes is an increasingly common practice. Until now. Families will have to find a new way to cheer up mourners, because the strippers are the latest focus of the country's crackdown on vice. RDJ grew increasingly agitated as a Channel 4 interviewer from the UK asked about his private life on Tuesday. Oh, those Kardashians. They seem to spawn a new trend every other week. The latest: Lip plumping. By sucking on a jar. To look like Kylie Jenner. Seriously. It even has a hashtag: #KylieJennerChallenge. With help from some filmmakers, 102-year-old Alice Barker went back in time. A prom-posal that referenced bombs? One school wouldn't have it, but the prom-poser accuses administrators of racism. Ewan McGregor to play Lumiere in 'Beauty and the Beast' This cast continues to draw lots of interest on social media. Johnny Depp is nearly unrecognizable in the 'Black Mass' trailer. This chameleon strikes again. Here's one way to announce you're pregnant: reference ""The Fresh Prince of Bel-Air."" And a military dad photobombs his son? Kudos for originality this week.' Provide only the summary as the response.",summarize
137,"Provide a concise summary of the following text: 'Fast-food outlet Burger King will sponsor the wedding of an Illinois couple. Not just any couple -- these are the nuptials of Joel Burger and Ashley King. They accepted the restaurant chain's offer to pay for their July affair on Monday. ""We are very appreciative of Burger King and can't thank them enough for their generosity!"" said King. It all started after their engagement in October. The couple had a little fun with the name coincidence and posed by a Burger King restaurant sign for a photo. They were interviewed by reporter Dave Bakke of the State Journal-Register in Springfield, the state capital. Burger King got wind of the article and was immediately interested in the happy couple, tweeting for help to locate them. They were invited on Skype on Monday to learn of a surprise: Burger King will pay for their whole wedding. ""We were shocked (and still are),"" said King. The fast food romance was many years in the making. Burger, now 24, and King, 23, met in kindergarten and grew up together in New Berlin. In fifth grade, classmates Joel Burger and Ashley King were asked to stand as student council representatives during an assembly with a motivational speaker. ""He said our names to the school,"" King told CNN, ""and then laughed and pronounced that together we were Burger King."" The motivational speaker wasn't too far off -- a merger was in the works. The two became friends by high school, then dated in college. When the time came to propose, ""Joel took me out on his boat to go fishing, and he popped the question while we were on the water."" Burger King's message for the happy couple: ""Congratulations, Joel and Ashley on falling in love your way.""' Provide only the summary as the response.",summarize
138,"Provide a concise summary of the following text: 'Two of the best actresses on television are back on ""The Big Bang Theory"" -- one of our six suggested things to watch this week. 1. ""The Big Bang Theory,"" Thursday 8 p.m. ET, CBS. Sheldon and Leonard's moms are back, and that ought to make for one of the best episodes this season. TV's top comedy will see the return of Christine Baranski and Laurie Metcalf as the mothers of Leonard and Sheldon, respectively. Seeing as they're two of the most talented actresses on television, we should be in for a great episode, as the pair drive their sons crazy. 2. ""Saturday Night Live,"" Saturday May 2 at 11:30 p.m., NBC. Scarlett Johannsson is the host, the day after her new blockbuster ""Avengers"" movie opens nationwide. 3. ""Mom,"" Thursday 9:30 p.m., CBS. Allison Janney continues to deliver Emmy-worthy performances in this underrated Chuck Lorre dramedy. The season finale is this week. 4. ""Backstrom,"" Thursday 9 p.m., Fox. Time will tell if the Rainn Wilson crime drama comes back in the fall, but fans of the quirky series won't want to miss the season finale. 5. ""Blue Bloods,"" Friday 10 p.m., CBS. The Tom Selleck drama concludes its two-part season finale, although its future is in question. 6. ""Younger,"" Tuesday 10 p.m., TV Land. This charming comedy from the creator of ""Sex and the City"" just got picked up for a second season. Now is a great time to tune in as Sutton Foster and Hilary Duff deal with a secret generation gap that one of them doesn't know exists.' Provide only the summary as the response.",summarize
139,"Provide a concise summary of the following text: 'At least four people are missing after a severe storm capsized sailboats Saturday afternoon during a regatta in Mobile Bay, Alabama, Coast Guard spokesman Carlos Vega said. Five people were initially reported missing, but one of them has since been been rescued, the Coast Guard said. More than 100 sailboats took part in the Dauphin Island Race and as many as 50 people in all were rescued from the water, the Coast Guard said. Jeff Carter, deputy director of Mobile County Emergency Management, said his department is reporting that one person may have died. Besides overturned sailboats, one vessel hit a bridge, he said. Search and rescue efforts are ongoing, the Coast Guard said. Coast Guard Sector Mobile received a report at approximately 4:30 p.m. that a sailing regatta in Mobile Bay had been struck by severe weather, causing several vessels to capsize and leaving a number of people in the water. The Coast Guard and other agencies were on the scene Saturday night, Vega said. The Fairhope Yacht Club sponsors the Dauphin Island Race, according to the club website. The club says this is the 57th year for the event.' Provide only the summary as the response.",summarize
140,"Provide a concise summary of the following text: 'One of the biggest stars in mixed martial arts is wanted for questioning after a hit-and-run crash in New Mexico. Jon ""Bones"" Jones, the reigning UFC light heavyweight champion, is wanted for ""his possible involvement in a hit-and-run accident"" Sunday morning, Albuquerque police said. A pregnant woman in her 20s who was driving another vehicle suffered minor injuries in the accident, police said. ""Officers attempted to contact Mr. Jones at his residence Sunday evening, but were unsuccessful,"" Albuquerque police said in a statement. ""We have also reached out to his lawyer, but as of now, have not heard back."" Police stressed that they cannot confirm whether Jones was involved in the crash. CNN Sports has reached out to Ultimate Fighting Championship and Jones' attorney for comment. Jones, 27, is arguably UFC's biggest star in the sport's most respected weight class. But he has also had his struggles. In January, Jones entered a drug rehabilitation center after testing positive for cocaine in a test administered by the Nevada Athletic Commission. He checked himself out of rehab after one day of treatment. Jones is scheduled to fight Anthony Johnson in UFC 187 on May 23 in Las Vegas.' Provide only the summary as the response.",summarize
141,"Provide a concise summary of the following text: 'Gunshots were fired at rapper Lil Wayne's tour bus early Sunday in Atlanta. No one was injured in the shooting, and no arrests have been made, Atlanta Police spokeswoman Elizabeth Espy said. Police are still looking for suspects. Officers were called to a parking lot in Atlanta's Buckhead neighborhood, Espy said. They arrived at 3:25 a.m. and located two tour buses that had been shot multiple times. The drivers of the buses said the incident occurred on Interstate 285 near Interstate 75, Espy said. Witnesses provided a limited description of the two vehicles suspected to be involved: a ""Corvette style vehicle"" and an SUV. Lil Wayne was in Atlanta for a performance at Compound nightclub Saturday night. CNN's Carma Hassan contributed to this report.' Provide only the summary as the response.",summarize
142,"Provide a concise summary of the following text: 'A mom furious at her son for apparently taking part in the Baltimore riots has become a sensation online. In video captured by CNN affiliate WMAR, the woman is seen pulling her masked son away from a crowd, smacking him in the head repeatedly, and screaming at him. As he tries to walk away, she follows him, screaming, ""Get the f--- over here!"" Eventually, he turns toward her, his face no longer covered.  The boy is dressed in dark pants and a black hoodie, with a dark backpack on. WMAR reports that the woman saw her son on television throwing rocks at police. The name of the woman dressed in light blue jeans, a yellow lace tunic and a cropped yellow jacket was not immediately known. But Police Commissioner Anthony Batts thanked her in remarks to the media. ""And if you saw in one scene you had one mother who grabbed their child who had a hood on his head and she started smacking him on the head because she was so embarrassed,"" he said Monday.  ""I wish I had more parents that took charge of their kids out there tonight.""' Provide only the summary as the response.",summarize
143,"Provide a concise summary of the following text: 'Seoul (CNN)South Korea's Prime Minister Lee Wan-koo offered to resign on Monday amid a growing political scandal. Lee will stay in his official role until South Korean President Park Geun-hye accepts his resignation. He has transferred his role of chairing Cabinet meetings to the deputy prime minister for the time being, according to his office. Park heard about the resignation and called it ""regrettable,"" according to the South Korean presidential office. Calls for Lee to resign began after South Korean tycoon Sung Woan-jong was found hanging from a tree in Seoul in an apparent suicide on April 9. Sung, who was under investigation for fraud and bribery, left a note listing names and amounts of cash given to top officials, including those who work for the President. Lee and seven other politicians with links to the South Korean President are under investigation. A special prosecutor's team has been established to investigate the case. Lee had adamantly denied the allegations as the scandal escalated: ""If there are any evidence, I will give out my life. As a Prime Minister, I will accept Prosecutor Office's investigation first."" Park has said that she is taking the accusations very seriously. Before departing on her trip to Central and South America, she condemned political corruption in her country. ""Corruption and deep-rooted evil are issues that can lead to taking away people's lives. We take this very seriously."" ""We must make sure to set straight this issue as a matter of political reform. I will not forgive anyone who is responsible for corruption or wrongdoing."" Park is in Peru and is expected to arrive back to South Korea on April 27. CNN's Paula Hancocks contributed to this report.' Provide only the summary as the response.",summarize
144,"Provide a concise summary of the following text: 'A photo of a baby boy being pulled from the rubble of the Nepal earthquake has become the defining image of a disaster that has devastated the country. His tiny face is coated in dust from the debris that crashed around him as the earth shook on Saturday, April 25, killing more than 5,000 people and injuring at least twice as many more. His name is Sonit Awal, and he's just four months old. On Saturday, Sonit was at home in Muldhoka, Bhaktapur, east of the capital Kathmandu, when the 7.8-magnitude quake sent tremors through Nepal and neighboring countries, according to Kathmandu Today. The house collapsed, burying the child, leaving his father Shyam Awal frantically searching for him amid the rubble. A desperate Awal called the Nepalese Army, and they too scrambled through the dirt and debris until midnight, before giving up hope and leaving. Sonit's father had lost all hope of finding his son alive, the paper reported, until he heard faint cries from below. On Sunday morning, the soldiers returned and at 10 a.m they lifted Sonit clear of the fallen rocks, beams, bricks and dust that had trapped him for 22 hours. His rescuers held him high in their hands to the sun, though his eyes were still wedged tightly shut. Sonit's face was exposed during the whole ordeal, though a hooded top and shawl protected his head and body during the cold night spent under rubble. The baby was taken to Bhaktapur Hospital and found to be uninjured;. His unlikely rescue provides some hope to a country that has experienced so much loss.' Provide only the summary as the response.",summarize
145,"Provide a concise summary of the following text: 'Peshawar, Pakistan (CNN)Ten people have been sentenced to life in prison for their roles in the 2012 attack on Nobel Peace Prize-winning activist Malala Yousafzai, a judge announced Thursday. The assailant's conviction and sentences follow a trial that included testimony from both sides, according to Pakistani antiterrorism judge Mohammad Amin Kundi. The 10 were arrested in Swat, a district of Pakistan's Khyber Pakhtunkhwa province, Pakistani army spokesman Maj. Gen. Asim Bajwa said last September. That was nearly two years after the then 15-year-old Yousafzai -- who was despised by Taliban militants for her outspoken support of girls' right to an education -- was shot as she was traveling home on a school bus. She not only survived that attack, but went on to become an even more vocal international activist. In fact, her efforts helped earn her the Nobel Peace Prize -- which she shared with India's Kailash Satyarthi -- last year. Malala at U.N.: The Taliban failed to silence us. Journalist Zahir Shah reported from Peshawar, and CNN's Greg Botelho wrote this story from Atlanta.' Provide only the summary as the response.",summarize
146,"Provide a concise summary of the following text: '(The Hollywood Reporter)Add another fan-favorite character to the cast of next year's ""X-Men: Apocalypse,"" with director Bryan Singer announcing via Instagram that Olivia Munn will play the telepathic Psylocke in the follow-up to ""X-Men: Days of Future Past."" Singer revealed that the ""Newsroom"" actress would play Betsy Braddock in the movie (presumably before the confusing and complicated plot twist that saw Psylocke change from a Caucasian former supermodel to a Japanese ninja for no immediately obvious reason). ""Apocalypse"" is currently in production for a summer 2016 release. More: ""X-Men: Apocalypse"" casts fan favorite Jubilee. The comic book's Psylocke was created by Chris Claremont and Herb Trimpe for the British ""Captain Britain"" series, where she appeared throughout the 1970s and '80s, before joining the X-Men in 1987's ""Uncanny X-Men"" No. 213. Since that time, she has been a mainstay both of the main team and spin-off series including ""Exiles"" and ""X-Force."" More: What newcomers need to know about Marvel's ""Secret Wars"" Munn will join a cast that includes James McAvoy, Michael Fassbender and Jennifer Lawrence in the movie, which hits theaters May 27, 2016. Munn is repped by Creative Artists Agency and Atlas Artists. More: Does the big plot twist in ""Terminator Genisys"" blow up the franchise? ©2015 The Hollywood Reporter. All rights reserved.' Provide only the summary as the response.",summarize
147,"Provide a concise summary of the following text: 'Some of the men and women of the Indianapolis police force are giving up their blues. Beginning Friday, blue uniform shirts will be traded for white ones for command staff members of the Indianapolis Metropolitan Police Department (IMPD). In a statement, the department said the change is being made as part of its constant effort to ensure  ""accountability, professionalism and transparency... at the forefront of our day-to-day activities."" As police departments around the country see more protests over the use of lethal force, IMPD officials acknowledge that this is a time of ""increased scrutiny of police operations and tactics,"" but said the decision to change the uniform for certain ranks within the department is ""not related to any specific, individual incident occurring elsewhere in the United States."" Although it's not a total uniform makeover, police officials said the white shirts will make command-level staff immediately identifiable to those who don't recognize the rank badges on officers' collars, the statement said. The new color will be worn by majors, district commanders, deputy chiefs, assistant chiefs and the chief of police. ""Command staff personnel have the responsibility of publicly leading from the front, while being accessible to the members of the general public they serve,"" the statement said.  ""Those wearing white uniform shirts can and should be viewed as the final point of contact to the police department."" Some studies have shown that while any police uniform is usually perceived by the public as a sign of authority, lighter-colored uniforms may give a sense of goodness and safety.' Provide only the summary as the response.",summarize
148,"Provide a concise summary of the following text: 'Marvel Comics superhero Hawkeye is a master with the bow and arrow. He's also got a secret super-talent at singing Ed Sheeran parodies. The"" Avengers"" character (played by Jeremy Renner) was a guest on ""The Tonight Show Starring Jimmy Fallon,"" where he got behind the piano to showcase some of his other skills. Billboard: Jimmy Fallon hits hot 100 with 'Ew!,' featuring will.i.am. ""Listen I've got powers too, and they're pretty sweet. I promise I can do so much more than just archery,"" he crooned to a reworked version of ""Thinking Out Loud"". Those talents, we're told, include his collection of scarves and berets, his abilities on the trombone and he can open a pickle jar. Nope, Thor would definitely thump him in a fight. Renner has proved he's more than a one-hit wonder by starring in both ""Avengers"" films, the Oscar-winning ""The Hurt Locker,"" ""American Hustle: and films in the ""Bourne"" and ""Mission Impossible"" franchises. Watch the clip below:. See the original story at Billboard.com. ©2015 Billboard. All Rights Reserved.' Provide only the summary as the response.",summarize
149,"Provide a concise summary of the following text: 'Love it or hate it, Jared Leto's interpretation of the Joker is an internet sensation. The Oscar winner put on white makeup (and a lot of tattoos this time) to portray the Clown Prince of Crime in the upcoming movie ""Suicide Squad."" Set for release August 5, 2016, ""Suicide Squad"" is based on the DC Comics series and also stars Will Smith, Margot Robbie and Viola Davis. Twitter users got their first look at Leto in character Friday night, and the memes started almost immediately. From comparisons to ""Home Alone"" to an imagining of Ben Affleck tatted up, people on social media put their Photoshopping skills to work all weekend. Which is your favorite?' Provide only the summary as the response.",summarize
150,"Provide a concise summary of the following text: 'It's a hard-knock life, Jay Z, especially on Twitter. The uber private rapper/entrepreneur broke out of his usually reserved social media shell over the weekend to defend the performance of his new music streaming service, Tidal. Using the hashtag #TidalFacts, he attempted to refute talk that the company has been doing a less than stellar job in taking on competitor Spotify. He launched the subscription-based music service last month with a star-studded  news conference in which artists such as Madonna, Kanye West, Daft Punk and Jay Z's wife, Beyonce, came together in support of what singer Alicia Keys told the crowd was ""The first ever artist-owned global music and entertainment platform."" CNN Money: Jay Z's TIDAL music service to be owned by artists. But less than a month after its debut, there's been chatter that the service is underwhelming, and Jay Z's ""stream of consciousness"" tweets denying that were met with some derision. And, of course, a Tidal Facts parody Twitter account was quickly created to offer some ""facts"" of its own.' Provide only the summary as the response.",summarize
151,"Provide a concise summary of the following text: '(The Hollywood Reporter)Good news arrived Thursday for ""Fifty Shades of Grey"" fans. Universal announced Thursday that the sequel to the box office blockbuster will hit theaters on Feb. 10, 2017. The third film in the series will debut Feb. 9, 2018. The news came one day after The Hollywood Reporter reported exclusively that the husband of EL James, author of the ""Fifty Shades"" trilogy, will write the script for the second film. Niall Leonard, who is married and has two sons with the British author, is an author himself, in addition to being a screenwriter. James, whose real name is Erika Leonard, has been credited with keeping a strong amount of creative control when it comes to Universal's adaptations of her books, the second of which is titled ""Fifty Shades Darker."" After clashing with James, Sam Taylor-Johnson isn't returning to direct the sequel. Stars Dakota Johnson and Jamie Dornan are negotiating for more money for the sequel after the first film, release over Valentine's Day weekend of this year, earned a massive $568.8 million worldwide. ©2015 The Hollywood Reporter. All rights reserved.' Provide only the summary as the response.",summarize
152,"Provide a concise summary of the following text: 'April 27 is celebrated as Freedom Day in South Africa, commemorating the country's first democratic elections in 1994 election which saw Nelson Mandela elected as president. The day is widely seen as marking the start of a free South Africa after the fall of apartheid, a system of racial segregation implemented by the white-minority government in South Africa for decades. This year's celebrations come against the backdrop of a spate of anti-immigrant attacks earlier in April in which a number of people lost their lives. Using the #FreedomDay hashtag, people across the country and beyond took to Twitter to celebrate this year's event, express their views and send out their wishes -- including the South African government. Indian Prime Minister Narendra Modi also hailed the people of South Africa and sent out a message of hope. Many South Africans used Twitter to denounce the recent violence... ... whilst others remembered iconic South African freedom fighter Nelson Mandela. Freedom Day didn't go unnoticed by Google, who've changed the doodle to honor the day. Here's a selection of some of other #FreedomDay tweets.' Provide only the summary as the response.",summarize
153,"Provide a concise summary of the following text: 'A prosecutor has dismissed allegations that Argentine President Cristina Fernandez de Kirchner tried to cover up Iran's involvement in a 1994 bombing in Buenos Aires. The move by prosecutor Javier de Luca to drop the case could mean a definitive end to the accusations that have roiled the nation, according to Argentina's state-run Telam news agency. The case became of high interest globally after the original prosecutor who brought the allegations was found dead in January. Alberto Nisman was found dead days after making the accusations. His death sparked outrage and conspiracy theories aplenty. Nisman alleged that Argentina's government agreed not to go after Iranian suspects in the bombing in exchange for a favorable trade deal. The 1994 bombing of a Jewish community center in the Argentine capital is the deadliest terror attack in the country's history. Eighty-five people were killed, and hundreds were injured. A second prosecutor took the reins after Nisman's death and took the case to court in February. A judge dismissed the case, saying that Nisman's allegations did not hold up. Following that, the case went to prosecutor de Luca for a possible appeal. On Monday, de Luca announced that in his investigation he found that ""there was no crime here, either carried out or attempted,"" according to Telam.' Provide only the summary as the response.",summarize
154,"Provide a concise summary of the following text: 'Jerusalem (CNN)The Israeli military conducted airstrikes Sunday night in the area between Israel and Syria, targeting a group of militants allegedly trying to plant a bomb on the Israeli border. The Israel Defense Forces said the airstrikes were carried out in the occupied Golan Heights against four militants who crossed into the area from Syria. ""A group of armed terrorists approached the border with an explosive device, which was intended to be detonated against IDF forces,"" the Israeli military said. The airstrikes prevented the bombing, the military said. Three of the alleged attackers were killed, Israeli media reported, citing IDF sources. It was not immediately known to what militant group the men belonged. The Golan is regarded internationally as occupied territory despite Israeli governmental control. It is home to 41,000 residents, including Jews, Druze and Alawites. Israel seized the territory from Syria during the 1967 Israel-Arab war, and it was eventually annexed.' Provide only the summary as the response.",summarize
155,"Provide a concise summary of the following text: 'Combining healthy eating with moral support, Jean Nidetch became a heavyweight in the weight-loss industry. The founder of Weight Watchers died Wednesday at her home in Florida. She was 91. What would become Weight Watchers started as a group of friends meeting in her Queens, New York, living room in 1961. Nidetch described herself as an ""overweight housewife obsessed with cookies."" After countless fad diets, Nidetch figured that accountability was the key to keeping the weight off.  At the time, she was 38 years old and weighed more than 200 pounds. Her guiding philosophy: ""It's choice -- not chance -- that determines your destiny."" Through the program of regular weigh-ins, peer support and accountability, not only did Nidetch lose 72 pounds, but she inspired millions more to shed pounds too. She officially launched Weight Watchers in 1963 and took the company public five years later. ""Jean was an inspiration and an innovator who leaves behind a legacy and program that has positively impacted the health and well-being of millions of people around the world,"" said Jim Chambers, president and CEO Weight Watchers International. ""It is our honor and responsibility to carry on her legacy to help more people to transform their lives.""' Provide only the summary as the response.",summarize
156,"Provide a concise summary of the following text: 'As the model for Norman Rockwell's ""Rosie the Riveter,"" Mary Doyle Keefe became the symbol of American women working on the home front during World War II. The 92-year-old died this week at her home in Simsbury, Connecticut. As a 19-year-old telephone operator, Keefe posed for the famous painting that would become the cover of the Saturday Evening Post on May 29, 1943. Although she was petite, Keefe was transformed into the iconic -- and burly -- embodiment of the character by Rockwell. ""Other than the red hair and my face, Norman Rockwell embellished Rosie's body,"" Keefe said in a 2012 interview with the Hartford Courant. ""I was much smaller than that and did not know how he was going to make me look like that until I saw the finished painting."" People we've lost in 2015. Keefe pocketed $10 for the two mornings of modeling work she did in Arlington, Vermont. Rockwell lived in neighboring West Arlington at the time. ""Rosie the Riveter"" is often confused with another popular image from the same era. The poster shows a woman flexing her arm under the slogan ""We Can Do It."" It was part of a nationwide campaign to sell war bonds, but is not the same character. Still, many folks on social media paid tribute to Keefe using the image. Both show the key role women played in the war effort.' Provide only the summary as the response.",summarize
157,"Provide a concise summary of the following text: 'Are you smarter than a really smart Singapore high school student? See if you can figure out Cheryl's birthday, the Singapore logic problem that's got the Internet twisted into knots. Some are even saying it's the math equivalent of the ""What color is the dress"" debate. The puzzling problem went viral after Singapore television host Kenneth Kong posted it to Facebook. Cheryl's birthday challenge was meant to test the better high-school students competing in the Singapore and Asian Schools Math Olympiad, held April 8. Here it is: Cheryl has a birthday, and she doesn't want to share it right away. (Otherwise, we have no challenge to solve.) So she gives her friends Albert and Bernard a list of 10 possible birthday dates: May 15, May 16, May 19, June 17, June 18, July 14, July 16, August 14, August 15 or August 17. A brief conversation between Albert and Bernard -- who we assume are not lying for the sake of this problem -- gives the reader enough clues to eliminate nine of the 10 dates and discover Cheryl's birthday. That's assuming you want to celebrate with Cheryl after she's put you through all that trouble. See our video below for the answer from Georgia Tech Mathematician Matt Baker.  The New York Times and the Washington Post have also posted solutions to the problem, along with explanations. Of course, the Internet has offered other solutions.' Provide only the summary as the response.",summarize
158,"Provide a concise summary of the following text: '(The Hollywood Reporter)Ben Powers, who played Thelma's (BernNadette Stanis) husband Keith Anderson on the final season of the classic CBS sitcom ""Good Times,"" has died. He was 64. Powers died April 6 in New Bedford, Mass., his family announced. No cause of death was revealed. Powers joined the cast of ""Good Times"" for its sixth and final season from 1978 to 1979 season, playing Keith, a professional football player. His character and Thelma wed in the third episode of that season, but he injures his leg while walking out of the church, straining their relationship. Powers also had a regular role as ""Moochie"" on the CBS detective drama show, Mickey Spillane's Mike Hammer, from 1984 to 1985. Powers had a small part in ""Cheech & Chong's Next Movie"" (1980). He was back with the comedy pair in ""Things Are Tough All Over"" (1982). He also appeared in ""The Man Who Loved Women"" (1983) starring Burt Reynolds. He also guest-starred on shows such as ""Gimme a Break,"" ""Flamingo Road,"" ""The Greatest American Hero"" and ""Laverne & Shirley."" Born in Brooklyn and raised in Providence, R.I., by his grandparents, Alton ""Ben"" Powers attended the Rhode Island School of Design for painting and sketching before focusing on acting. He performed stand-up comedy routines in Providence, incorporating impressions and songs into his act, where he was discovered by a Hollywood agent. Gigs at the Playboy clubs in Los Angeles, New York and Boston led to a job in 1977 on the revived version of ""Laugh-In."" Survivors include his mother and his sisters Yvonne and Maya. People we've lost in 2015. ©2015 The Hollywood Reporter. All rights reserved.' Provide only the summary as the response.",summarize
159,"Provide a concise summary of the following text: '(The Hollywood Reporter)Roseanne Barr has revealed that she is slowly going blind. In an interview with The Daily Beast, Barr said she suffers from macular degeneration and glaucoma and told the website, ""My vision is closing in now."" The comedic actress said smoking marijuana is ""good medicine"" for relieving the pressure in her eyes. Tribeca 2015: 9 Must-see films. ""It's something weird. But there are other weird things. That one's harsh, 'cause I read a lot, and then I thought, 'Well, I guess I could hire somebody to read for me and read to me.' But I like words and I like looking. You do what you have to do. I just try and enjoy vision as much as possible -- y'know, living it up. My dad had it, too,"" the actress said. Barr also defended her use of pot, saying, ""It's expansive. It opens your mind"" and ""It makes you wonder. It doesn't close that down."" Roger Ailes: Why Fox News will never hire Jon Stewart. Doctors have not given Barr a definitive timeline on when she can expect to lose all visibility. The actress attended the Tribeca Film Festival in support of her documentary ""Roseanne for President!"" Directed by Eric Weinrib, the film follows Barr in her unsuccessful attempt to become the Green Party's 2012 presidential nominee. The Peace and Freedom Party eventually made Barr its nominee.' Provide only the summary as the response.",summarize
160,"Provide a concise summary of the following text: 'A longtime friend of Joni Mitchell has filed a legal petition seeking to be named the singer-songwriter's conservator. Mitchell, who was inducted into the Rock and Roll Hall of Fame in 1997, was taken to UCLA Medical Center a month ago after being found unconscious in her home. She remains at the hospital, according to Leslie Morris' court petition filed April 28. Morris is described as Mitchell's friend of more than 44 years in the legal documents. Whether the folk and jazz singer is conscious remains a matter of some confusion. In her April 28 petition, Morris says Mitchell is unconscious: ""At this time she (Mitchell) remains unconscious and unable to make any responses, and is therefore unable to provide for any of her personal needs."" But on Mitchell's website, a statement posted the same day that says it was approved by Morris says Mitchell is alert. ""Contrary to rumors circulating on the Internet today, Joni is not in a coma. Joni is still in the hospital -- but she comprehends, she's alert, and she has her full senses. A full recovery is expected. The document obtained by a certain media outlet simply gives her longtime friend Leslie Morris the authority -- in the absence of 24-hour doctor care -- to make care decisions for Joni once she leaves the hospital."" When asked about the discrepancy between statements about Mitchell's health on her website and in the legal filing, her publicist, Alisse Kingsley, responded that ""the website"" was accurate. A doctor's capacity declaration stated that Mitchell will likely be unable, due to her medical condition, to attend any court hearings for the next four to six months. Adoring fans are posting their tributes to Mitchell at WeLoveYouJoni.com. Sonya Hamasaki and Cheri Mossburg contributed to this report.' Provide only the summary as the response.",summarize
161,"Provide a concise summary of the following text: 'About 20 hours after the Boston Marathon started Monday, many of the cheering crowds had dispersed and the streets were cleared. But one man, despite the odds against him, crossed the finish line. Venezuelan native Maickel Melamed, who is battling muscular dystrophy, completed the 26.2 miles just before 5 a.m. Tuesday. A group of energized fans rallied for the 39-year-old as he walked down Boylston Street in the pouring rain with volunteers from his foundation, Vamos. He was the last participant to complete the race, CNN affiliate WCVB-TV reported. Friends who were waiting for Melamed to cross the finish line said the university professor and motivational speaker is dedicated and motivated. ""He wants to show that life is great, no matter how many problems you can have,"" friend Perla Sananes said. Melamed was born with muscular dystrophy, which causes progressive weakness and loss of muscle mass throughout the body. As the disease progresses, people with the condition have difficulty doing physical activities like running and walking. Melamed has completed marathons in Chicago, New York, Berlin and Tokyo. Boston has a special place in his heart because his parents brought him to the city as a baby, WCVB-TV said. His perseverance was celebrated by crowds at the marathon finish line Tuesday morning, and also by fans online. Melamed is one of about 30,000 participants who raced in this year's marathon, which comes less than two weeks after a jury found Dzhokhar Tsarnaev guilty of all 30 charges related to the 2013 Boston bombings. On social media Monday, spectators cheered for runners and the city, calling the marathon a symbol of strength and unity.' Provide only the summary as the response.",summarize
162,"Provide a concise summary of the following text: 'Lois Lilienstein, co-star of ""Sharon, Lois & Bram's Elephant Show"" �?the Canadian preschool show that ran on Nickelodeon during the early 1990s �?has died, aged 78. Her son, David Lilienstein, told CBC News that his mother died in Toronto on Wednesday night from a rare form of cancer first diagnosed last October. ""She knew it was happening, she was at peace with it, and she died very peacefully and not in pain,"" he told the Canadian broadcaster. Liz Smith at 92. Lilienstein was born in Chicago in 1936 and moved to Toronto in 1996 with her son and her husband, Ernest. She joined Sharon Hampson and Bram Morrison to launch their singing trio in 1978. The TV show ""Sharon, Lois & Bram's Elephant Show"" ran on CBC in Canada from 1984 to 1989, before continuing in reruns on Nickelodeon stateside until 1995. The 30 most popular film producers in Hollywood. Sally Catto, general manager, programming at CBC Television, paid tribute to Lilienstein for her contribution to Canadian kids TV. ""Sharon, Lois and Bram got their start at CBC back in the '80s with the Elephant Show, and they went on to become icons to children all across North America through various programs and specials. Lois will be fondly remembered by her many friends at CBC,"" Catto told The Hollywood Reporter. 'Ghostbusters' budget cut. The Canadian variety show was best known for songs like ""Skinnamarink"" and ""Peanut Butter."" Lilienstein left the Sharon, Lois & Bram performance trio in 2000. ©2015 The Hollywood Reporter. All rights reserved.' Provide only the summary as the response.",summarize
163,"Provide a concise summary of the following text: 'Bahamian R&B singer Johnny Kemp, best known for the 1988 party anthem ""Just Got Paid,"" died this week in Jamaica. The singer is believed to have drowned at a beach in Montego Bay on Thursday, the Jamaica Constabulatory Force said in a press release. The statement listed his age as 54, but other reports say he was 55. ""Passersby saw Kemp's body floating faced down in the water"" around 9:50 a.m., the statement said. ""Police were summoned and the body removed to the morgue."" Kemp was scheduled to perform on the Tom Joyner Foundation Fantastic Voyage Cruise, parent company Reach Media Inc. said in a statement. He had not boarded the ship. ""Just Got Paid""  was a No. 1 hit on the U.S. Billboard R&B chart and earned Kemp a Grammy nomination. Boy band 'NSYNC covered the song in the 2000 album, ""No Strings Attached."" Former 'NSYNC member Chris Kirkpatrick was one of many entertainers who paid tribute to Kemp on social media. ""Thank you for the great music,"" he said in a tweet. Samuel L. Jackson and MC Hammer were among others who shared condolences, calling him a ""humble and kind spirit."" People we've lost in 2015.' Provide only the summary as the response.",summarize
164,"Provide a concise summary of the following text: 'Justin Timberlake and Jessica Biel, welcome to parenthood. The celebrity couple announced the arrival of their son, Silas Randall Timberlake, in statements to People. ""Silas was the middle name of Timberlake's maternal grandfather Bill Bomar, who died in 2012, while Randall is the musician's own middle name, as well as his father's first,"" People reports. The couple announced the pregnancy in January, with an Instagram post. It is the first baby for both.' Provide only the summary as the response.",summarize
165,"Provide a concise summary of the following text: 'English actress Michelle Keegan has been named the sexiest woman in the world by British men's magazine FHM. The 27-year-old actress is best known for her roles on the BBC series ""Ordinary Lies"" and the long-running British soap opera ""Coronation Street."" Her ""Coronation Street"" character Tina McIntyre was the show's first character to act as a surrogate, according to IMDB. Keegan is followed by reality television star and model Kendall Jenner, Oscar-winning actress Jennifer Lawrence, Sports Illustrated swimsuit cover girl Kate Upton and British television host Caroline Flack, who dated One Direction's Harry Styles for a few months. Sandra Bullock doesn't appear anywhere on FHM's list, even though People magazine named her the ""World's Most Beautiful Woman"" a week ago. The ""FHM 100 Sexiest Women in the World"" issue goes on sale Thursday, April 30.' Provide only the summary as the response.",summarize
166,"Provide a concise summary of the following text: 'The quaint town of Dunblane, Scotland, has been set abuzz by the wedding of tennis legend Andy Murray to his long-term girlfriend, Kim Sears. Saturday's event -- dubbed ""the royal wedding of Scotland"" -- took place at Dunblane Cathedral, with cheering crowds spilling onto the streets to support their home-grown talent. The grand slam and Olympic champion donned a traditional blue and green tartan kilt, while his bride dazzled in a vintage-style gown by British designer Jenny Packham. The people of Dunblane braved wind, rain and even snow to catch a glimpse of the happy couple, having seen Murray grow from a young boy into a British sporting legend. ""Absolutely fabulous to see them today, especially Andy coming back to his hometown,"" said one lady in the crowd. ""He's a hero. He's done something that all local boys would really strive to do. He's a superstar,"" added another. The couple met at the U.S. Open in 2005 and got engaged in November last year. Before the ceremony, and understandably lost for words, Murray resorted to a series of emoticons to sum up his excitement for the day. Fellow tennis veteran Rafael Nadal and First Minister of Scotland Nicola Sturgeon posted their congratulatory messages on Twitter. But any plans for a honeymoon have been put on hold as the world number three returns to tournament action next week.' Provide only the summary as the response.",summarize
167,"Provide a concise summary of the following text: 'Somewhere over the rainbow, people on the Internet are losing their minds. Is it real? After the New York area received a large amount of rain, four rainbows stretched across the early morning sky on Tuesday. Amanda Curtis, CEO of a fashion company in New York, snapped the lucky shot. At first, she thought it was just one. ""But I looked a little bit closer and saw that there were actually four,"" she told CNN. ""I had a small moment of awe."" She posted the picture to Twitter, and within a few hours, it had already received hundreds of retweets. ""It's been surreal I feel like we're breaking the Internet but in a really great way,"" she told CNN affiliate WPIX. According to CNN weather producer Rachel Aissen, this would be a double rainbow that has been reflected in the sky, due to a smooth body of water underneath the rainbow. This isn't the first time rainbows have shown up in multiples. But the splendor of such a scene can render us speechless, even emotional -- much like the star of the famous ""double rainbow"" video. CNN iReporter Yosemitebear Vasquez posted a video to YouTube in 2010 reacting to a double rainbow he spotted in Yosemite National Park. The video has since garnered over 40 million views. Of course, we asked the unofficial rainbow spokesman to weigh in on the phenomenon. ""Whoa, that's a quadruple rainbow! All the way,"" he exclaims. ""What does it mean?"" We don't know exactly, but the Internet can't get enough.' Provide only the summary as the response.",summarize
168,"Provide a concise summary of the following text: 'Five militants from the Kurdistan Workers' Party were killed and another was wounded in clashes with Turkish armed forces in eastern Turkey, the country's military said Saturday. Four Turkish soldiers also were wounded in the fighting that took place in the eastern city of Agri, the armed forces said in a written statement. The Kurdish separatists opened fire from a long distance, targeting Turkish soldiers who were securing an area in Agri ahead of a spring festival, CNN Turk reported. Turkish Prime Minister Ahmet Davutoglu condemned the violence and said via Twitter that ""the appropriate answer to the heinous attack in Agri is being given by the Turkish armed forces."" Turkish President Recep Tayyip Erdogan also harshly condemned the attack, describing it as the Kurdish separatists' attempt to ""intervene in the resolution process (with the Kurds) in our country."" Last month, Abdullah Ocalan, longtime leader of the Kurdistan Workers' Party (PKK), called from his jail cell for the violence to end. In a historic letter, he urged fighters under his command to lay down their arms, stop their war against the Turkish state and join a ""congress"" to focus on the future. Since the first incidents more than three decades ago, an estimated 40,000 lives have been lost. The conflict has been, some say, a battle by activists among Turkey's Kurdish minority for independence. It has been, others say, a guerrilla war by rebels who have punctuated their campaign with terrorist acts. About a fifth of Turkey's population is Kurdish -- a minority long living under cultural oppression, most of them in the underdeveloped southeastern part of Turkey. From Turkish prison, Kurdish leader tells followers to lay down their arms.' Provide only the summary as the response.",summarize
169,"Provide a concise summary of the following text: 'A bus collided with a fuel tanker in southern Morocco on Friday, a fiery crash that killed at least 35 people -- most of them children -- state and local media reported. The accident caused a fire that hollowed out the bus, leaving little more than its frame. Debris scattered across the road, while smoke rose into the sky, videos posted to social media show. The dead included athletes traveling for a sporting competition, an eyewitness told 2M TV, a Moroccan state-owned network. After the crash, photos appeared on social media of young, smiling boys in soccer uniforms along with condolence messages such as ""May God have mercy on them"" and ""Oh no, they are so young."" The crash happened near the city of Tan-Tan just before 7 a.m., the Maghreb Arabe Presse state news agency reported. It said a number of people were also injured. Tan-Tan is near the country's Atlantic coast, more than 450 kilometers (about 280 miles) southwest of Marrakesh.' Provide only the summary as the response.",summarize
170,"Provide a concise summary of the following text: 'A helicopter crash Saturday in Malaysia killed six people, including the nation's former ambassador to the United States and a high-ranking member of the prime minister's staff, the Malaysian state news agency Bernama reported. The helicopter crashed near Kampung Pasir Baru in Semenyih, at 4:55 p.m. Saturday (4:55 a.m. ET), Bernama said. Prime Minister Najib Razak ordered an investigation. Among the victims were Azlin Alias, who worked on the prime minister's staff, and Jamaluddin Jarjis, former Malaysian ambassador to the United States and chairman of PR1MA Malaysia, Bernama said. PR1MA is an organization that develops housing in urban centers. ""We have lost two figures who had made great contributions to the government, party and country in this tragedy,"" Najib told reporters after visiting the crash site. Jamaluddin Jarjis was ""a person of high caliber, who had sacrificed much for the government, party and country,"" he said. ""He had many acquaintances here and abroad."" The state news agency called Azlin the prime minister's private secretary general, but Najib referred to him as chief of staff. ""Personally he had agreed to leave his career in the corporate sector to serve the government as his national service,"" Najib said. The helicopter's flight recorder has been found in good condition, Bernama reported Sunday, citing police. The news agency said Malaysian civil aviation authorities are expected to release a preliminary report on the crash within seven days. CNN's Jethro Mullen contributed to this report.' Provide only the summary as the response.",summarize
171,"Provide a concise summary of the following text: 'An Alaska Airlines flight was forced to make an emergency landing Monday after its pilot reported hearing unusual banging. Flight 448, which had been bound for Los Angeles, returned to Seattle. Upon landing, a ramp agent was discovered inside the front cargo hold, according to a statement from the airline. The agent, who is an employee of Alaska contractor Menzies Aviation, told authorities he had fallen asleep, the statement said. He appeared to be in OK condition. The cargo hold is pressurized and temperature controlled. The plane was also only in the air for 14 minutes, Alaska Airlines said. CNN affiliate KOMO spoke to Marty Collins, a passenger on the plane. ""We just took off for L.A. regular and then about, oh, about five minutes into the flight the captain came on and said we were going back and we'd land within five to seven minutes, and we did,"" Collins said. ""When we landed was when all the trucks and the police and the fire trucks surrounded the plane."" The agent was taken to an area hospital as a precaution. He passed a drug test and was discharged, Alaska Airlines said. He'd been on a four-person team loading baggage onto the flight. All ramp employees have security badges, and undergo full criminal background checks before being hired, said Alaska Airlines. A total of 170 passengers and six crew members were on Flight 448. After returning to Seattle, the aircraft took off again, arriving in Los Angeles on Monday evening.' Provide only the summary as the response.",summarize
172,"Provide a concise summary of the following text: 'So, you'd like a ""Full House"" reunion and spinoff? You got it, dude! Co-star John Stamos announced Monday night on ""Jimmy Kimmel Live"" that Netflix has ordered up a reunion special, followed by a spinoff series called ""Fuller House."" The show will feature Candace Cameron Bure, who played eldest daughter D.J. Tanner in the original series -- which aired from 1987 to 1995 -- as the recently widowed mother of three boys. ""It's sort of a role reversal, and we turn the house over to her,"" Stamos told Kimmel. Jodie Sweetin, who played Stephanie Tanner in the original series, and Andrea Barber, who portrayed D.J.'s best friend Kimmy Gibbler, will both return for the new series, Netflix said. Stamos will produce and guest star. Talks with co-starsBob Saget, Mary-Kate and Ashley Olsen, Dave Coulier and Lori Loughlin are ongoing, Netflix said. The show will be available next year, Netflix said. ""As big fans of the original Full House, we are thrilled to be able to introduce Fuller House's new narrative to existing fans worldwide, who grew up on the original, as well as a new generation of global viewers that have grown up with the Tanners in syndication,""  Netflix Vice President of Original Content Cindy Holland said in a statement. The show starts with Tanner -- now named Tanner-Fuller (get it ... Fuller?) -- pregnant, recently widowed and living in San Francisco. Her younger sister Stephanie -- now an aspiring musician -- and her lifelong best friend and fellow single mom, Kimmy, move in to help her care for her two boys and the new baby. On Monday, Barber tweeted Cameron Bure to ask whether she was ready to resume their onscreen friendship. ""We never stopped,"" Cameron Bure tweeted back. Fans were over the moon at the news.' Provide only the summary as the response.",summarize
173,"Provide a concise summary of the following text: 'Washington (CNN)A 54-year-old man carrying a suspicious package scaled a White House fence Sunday night, but was quickly apprehended. Jerome R. Hunt, of Hayward, California, climbed the fence on the south side of the White House complex about 10:25 p.m., said Brian Leary with the United States Secret Service. According to a source with knowledge of the investigation, the man made it 10 to 15 feet in on the South Lawn but ""was compliant"" once he saw the dogs ready to engage with thim. Hunt is in custody and charges are pending, Leary said. The package was being examined and later deemed to be harmless, a Secret Service source told CNN. Last week, a U.S. official told CNN that temporary steel spikes may be added to the tips of the White House perimeter fence to help deter jumpers. If done, this will be a temporary measure to protect the grounds until a new permanent one is constructed. The official said that the proposal is not in place yet. The Secret Service has come under heavy criticism after two incidents compromised the security of the grounds. On March 4, two senior Secret Service agents who were reportedly intoxicated allegedly drove their car into a White House barrier. Last September, a man jumped the White House fence and made it to an unlocked door on the grounds. Asked about the White House fence jumper, House Oversight Committee chairman Jason Chaffetz told CNN, ""Prevention and swift apprehension is the goal. I appreciate those who dealt with the situation, but I want to learn more."" CNN's Michelle Kosinski, Jim Acosta and Chris Frates contributed to this report.' Provide only the summary as the response.",summarize
174,"Provide a concise summary of the following text: 'Suzanne Crough, the child actress who portrayed youngest daughter Tracy on the '70s musical sitcom ""The Partridge Family,"" has died. She was 52. Crough passed away Monday at home in Laughlin, Nevada, the Clark County Coroner's Office said. Tracy played tambourine and percussion in the traveling ""Partridge Family"" band. The group consisted of a widowed mom, played by Shirley Jones, and her five children, played by David Cassidy, Susan Dey, Danny Bonaduce, Brian Forster and Crough. Band manager Reuben Kincaid, played by Dave Madden, rounded out the cast. The band had real hit songs with ""Come On Get Happy"" and ""I Think I Love You,"" though not all the members really sang or played instruments. The show aired from 1970-74. People we've lost in 2015. Redheaded Crough was raised in Los Angeles, the youngest of eight children, according to The Hollywood Reporter. Crough also starred in the TV series ""Mulligan's Stew"" and had spots on other series in the '70s. She appeared in a ""Partridge Family"" reunion on the ""Today"" show in 2010. ""I'm an office manager for Office Max,"" she told host Matt Lauer. ""I have two daughters, I'm married, I have a normal job."" CNN's Henry Hanks contributed to this report.' Provide only the summary as the response.",summarize
175,"Provide a concise summary of the following text: 'The cast of ""The Breakfast Crew"" escaped from Principal Richard Vernon 30 years ago, but a draft script of the 1985 teen classic has just been found in a filing cabinet in the school district where it was filmed, the Chicago Tribune reported. ""One day a few weeks ago, one of the assistants was going through a filing cabinet and found a file that had a manuscript from 'The Breakfast Club' dated Sept. 21, 1983,"" Ken Wallace, superintendent of Maine Township High School District 207 in suburban Chicago, told the newspaper. ""It's a first draft of the screenplay by John Hughes,"" Wallace said. The manuscript sports the approval signature of the district's then-superintendent and reveals that Molly Ringwald's character, Claire Standish, was originally to be named Cathy Douglas, according to the Tribune. The movie was filmed at the Maine North High School building, which was auctioned off by the district years ago and is now occupied by the Illinois State Police, according to the Tribune. The file was discovered at Maine South High School as district officials prepared to move to a newly acquired building next door. Wallace told the Tribune that he would like to find a way to display the script as a piece of film -- and district -- history. ""The odds of having such an iconic movie filmed and associated with your district are astronomical,"" he told the newspaper. ""The Breakfast Club"" returns to theaters 30 years later.' Provide only the summary as the response.",summarize
176,"Provide a concise summary of the following text: 'Once Hillary Clinton's official announcement went online, social media responded in a big way, with terms like ""Hillary Clinton,"" ""#Hillary2016,"" and yes, even ""#WhyImNotVotingforHillary"" trending. Certainly, you couldn't go far on Twitter (even before Clinton tweeted her announcement), without an opinion or thought on her new campaign (there were over 3 million views of her announcment tweets in one hour, and 750,000 Facebook video views so far by Sunday evening). Some tweeted their immediate support, with one word:.' Provide only the summary as the response.",summarize
177,"Provide a concise summary of the following text: 'WikiLeaks founder Julian Assange has agreed to be interviewed by Swedish prosecutors in London, his lawyer in Sweden told CNN. Assange has been holed up in the Ecuadorian Embassy in London since June 2012 to avoid extradition to Sweden, where prosecutors want to question him about 2010 allegations that he raped one woman and sexually molested another. According to the lawyer, Thomas Olsson, Swedish prosecutors will now have to reach out to British and Ecuadorian authorities to request permission to conduct the interview at the embassy. The prosecutors previously balked at coming to Britain to question Assange. However, some of the alleged crimes will be subject to a statute of limitations in August 2015, according to a statement from Marianne Ny, the director of public prosecutions. Ny explained the logic behind the Swedish authorities' change of approach in her statement. ""My view has always been that to perform an interview with him at the Ecuadorian embassy in London would lower the quality of the interview, and that he would need to be present in Sweden in any case should there be a trial in the future,"" Ny said. ""This assessment remains unchanged. Now that time is of the essence, I have viewed it therefore necessary to accept such deficiencies to the investigation and likewise take the risk that the interview does not move the case forward, particularly as there are no other measures on offer without Assange being present in Sweden."" The Australian national has not been charged and denies the claims. Assange has said he fears Sweden would extradite him to the United States, where he could face the death penalty if he is charged and convicted of publishing government secrets through WikiLeaks. Ecuador granted Assange political asylum in 2012. CNN's Per Nyberg contributed to this report.' Provide only the summary as the response.",summarize
178,"Provide a concise summary of the following text: 'Oprah's in there. So's Bill Murray, George Clooney, Scarlett Johansson, Jerry Seinfeld, Howard Stern, Tina Fey, Michael Keaton and Ray Romano. On Tuesday, ""The Late Show with David Letterman"" announced some of the guests for the talk show host's final month of broadcasts. The last ""Late Show"" will air Wednesday, May 20. Among the notables are Oprah Winfrey, with whom Letterman has had an on-and-off faux feud for years; Clooney, who's starring in ""Tomorrowland,"" which will be released on May 22; and Stern, who's always an engaging Letterman guest. But longtime fans may be even more intrigued by the appearances of Keaton, an old acquaintance who once shared a stage with Letterman as players on Mary Tyler Moore's short-lived 1978 variety show, and Murray, who was the very first guest on Letterman's old NBC show, ""Late Night with David Letterman."" Steve Martin, who's taken part in some of the ""Late Show's"" best bits, will also be dropping by. Letterman has been a late-night host for 33 years, close to 22 of them on CBS' ""Late Show."" Stephen Colbert will take over the ""Late Show"" on September 8.' Provide only the summary as the response.",summarize
179,"Provide a concise summary of the following text: 'A massive brawl involving two dozen people at a Queens, New York, casino was captured on video Friday night. The cell phone video shows a number of men throwing punches and even chairs into crowds of people. Stanchions can be seen flying and being used as weapons in the chaotic scene. The fight took place in the food court area of Resorts World Casino where approximately 300 people were still at the scene when police arrived, according to the New York Police Department. One witness told CNN affiliate WCBS the scene was ""chaotic"" and compared it to a World Wrestling Entertainment event. The brawl took place in front of Fat Tuesday, which opened at the food court Friday. Police said that there was a drink special advertised at the casino. Several thousand dollars' worth of damages was done to the casino, police said, and an officer was taken to the hospital for a hand injury. Three men were arrestted in connection to the brawl, according to police. Two of the men were given a summons for disorderly conduct and released, while the third remains in custody and has been charged with obstructing governmental administration, resisting arrest, and disorderly conduct. Police were not able to confirm the cause of the fight and the case is still under investigation, the NYPD said. CNN's Joe Sutton contributed to this report.' Provide only the summary as the response.",summarize
180,"Provide a concise summary of the following text: 'It's a girls' universe. On Wednesday, DC Entertainment, Warner Bros. and Mattel announced a partnership to launch DC Super Hero Girls, featuring familiar superheroes and supervillains as ""relatable teens,"" according to a press release. (Like CNN, DC and Warner Bros. are units of Time Warner.) The characters involved include Wonder Woman, Supergirl, Batgirl, Harley Quinn and Poison Ivy, among others. Though initial reaction on social media appeared favorable -- ""My daughter will be a big fan I think,"" wrote NerdGallagher -- praise wasn't universal. ""Just let us into the old universes!"" tweeted Kathleen E. Kennedy. And Jenna Busch, writing for Legion of Leia, was concerned the initiative was another way of keeping girls separate. ""Targeting them as 'for girls only' is just another way to be exclusive,"" she wrote. ""Look, I appreciate the effort, but drawing yet another line between men and women is not the way to go. So, where are you going to put these products in Target? On the pink side of the toy section or the blue side?"" DC Super Hero Girls is aimed at girls ages 6-12 and will include online content, toys, books and TV specials. Mattel is the toy licensee and Random House Books for Young Readers will publish books based on the franchise. The first elements will roll out in the fall.' Provide only the summary as the response.",summarize
181,"Provide a concise summary of the following text: 'If that was a tornado, it was one monster of one. Luckily, so far it looks like no one was hurt. With tornadoes touching down near Dallas on Sunday, Ryan Shepard snapped a photo of a black cloud formation reaching down to the ground. He said it was a tornado. It wouldn't be an exaggeration to say it looked half a mile wide. More like a mile, said Jamie Moore, head of emergency management in Johnson County, Texas. It could have been one the National Weather Service warned about in a tweet as severe thunderstorms drenched the area, causing street flooding. ""To repeat--tornadoes (yes, two) likely W and E of Rio Vista. The one to the E of Rio Vista is a large, damaging tornado,"" the NWS tweeted. Luckily, it tore through countryside, and there have been no reports of deaths. But surveyors had not been out to check for damage or casualties overnight because the weather was so bad, Moore said. There are reports of damage -- including many roofs ripped off -- in Rio Vista and Grandview, both outliers of Fort Worth. On social media, images circulated of flipped 18-wheelers. Tempestuous clouds created dangerous, awe-inspiring funnels and disks as a front swept through. Residents reported hail the size of softballs and posted photos as proof.' Provide only the summary as the response.",summarize
182,"Provide a concise summary of the following text: 'Eighteen-month-old twins drowned after their mother tried to fend off a bee and let go of their stroller, which rolled into a canal, Arizona police said. Alexis Keslar was walking with her twin sons, Silas and Eli Keslar, along a canal Friday when she tried to repel a bee, police in Yuma said. ""The stroller rolled away from her into the canal, with the boys belted in the seat,"" police said Monday. Keslar went into the canal and tried to rescue her sons, authorities said, but was hampered by the steep sides of the canal, the depth of the water and the force of the current. The current washed the stroller away. After Keslar got out of the canal, she called for help, police said. The irrigation district that manages the canal slowed the flow of water and reduced the water level to help emergency workers find the boys, authorities said. After more than an hour of searching, the toddlers were found and flown to a hospital, where they were pronounced dead. ""No parent should ever have to lose a child, you know, let alone both of them at the same time,"" family friend Marlene Gleim told CNN affiliate KYMA. ""That's what really, really is heartbreaking to me, because those little boys were, you know, meant so much to so many people."" Authorities say the paths along Yuma canals are popular for joggers and bicyclists, but can be dangerous. ""Many people typically do not comprehend how swift the current in these canals are and how deep the water can be,"" Yuma police said. ""They also do not realize how difficult it is to climb back up many of the canal embankments.""' Provide only the summary as the response.",summarize
183,"Provide a concise summary of the following text: 'A Lamborghini sports car crashed into a guardrail at Walt Disney World Speedway on Sunday, killing a passenger, the Florida Highway Patrol said. The crash occurred at 3:30 p.m. at the Exotic Driving Experience, which bills itself as a chance to drive your dream car on a racetrack. The 36-year-old passenger, Gary Terry of Davenport, Florida, was pronounced dead at the scene, Florida Highway Patrol said. The driver, 24-year-old Tavon Watson of Kissimmee, Florida, lost control of the vehicle, the Highway Patrol said. He was hospitalized with minor injuries. Petty Holdings, which operates the Exotic Driving Experience at Walt Disney World Speedway, released a statement Sunday night about the crash. ""On behalf of everyone in the organization, it is with a very heavy heart that we extend our deepest sympathies to those involved in today's tragic accident in Orlando,"" the company said. Petty Holdings also operates the Richard Petty Driving Experience -- a chance to drive or ride in NASCAR race cars named for the winningest driver in the sport's history. CNN's Janet DiGiacomo contributed to this report.' Provide only the summary as the response.",summarize
184,"Provide a concise summary of the following text: 'Kabul, Afghanistan (CNN)A suicide bomber detonated his explosives near a group of protesters in eastern Afghanistan on Thursday, killing 17 people and wounding dozens more, police said. An Afghan lawmaker taking part in the protests in the city of Khost was among the 64 people wounded, said Faizullah Ghairat, the provincial police chief. Taliban spokesman Zabiullah Mujahid denied his group was responsible for the attack. No other organization has so far claimed responsibility. Humayoon Humayoon, an Afghan member of parliament for Khost province, and the other protesters were on their way to join a larger rally against the provincial governor, according to Zahir Jan, an eyewitness. The suicide attack hit the group around 10 a.m. local time, police said. CNN's Masoud Popalzai reported from Kabul, and Jethro Mullen wrote from Hong Kong. CNN's Elizabeth Joseph contributed to this report.' Provide only the summary as the response.",summarize
185,"Provide a concise summary of the following text: 'Thousands sought refuge in temporary shelters in South Africa after mobs with machetes attacked immigrants in Durban, leaving at least five people dead, an aid group said Thursday. Heavily armed police have scrambled to stop clashes this week after local residents accused immigrants from other African nations of taking their jobs. The attacks in Durban killed two immigrants and three South Africans, including a 14-year-old boy, authorities said. ""There has been an outpouring of support from ordinary South Africans who are disgusted with the attacks not only because they are foreign, or African, but because they are fellow human beings,"" said Gift of the Givers charity, which is helping those seeking refuge. ""We are preparing aid packages for those who may journey onwards to their home countries."" The charity said about 8,500 people fled to refugee centers or police stations this week because of the violence. That doesn't count anyone who fled their homes to other, private accommodations, the group said. It said it hopes the violence is limited to Durban, but assured immigrants that it has a facility in Johannesburg to help those who might need shelter there. ""We have tents and all essential supplies on standby but pray that sanity prevails and this does not become necessary,"" it said. In the past, Johannesburg has been the epicenter of anti-immigrant tensions. In 2008, scores were killed in attacks in the poorest areas of Johannesburg. Most of the victims were Zimbabweans who had fled repression and dire economic circumstances. In that attack, police arrested more than 200 people for various crimes including rape, murder, robbery and theft.' Provide only the summary as the response.",summarize
186,"Provide a concise summary of the following text: 'Thump. The University of Nebraska at Omaha is getting a new $81.6 million stadium for its hockey, basketball and volleyball teams. Thump. It'll have luxury suites and everything. Thump. But it seems all anyone can talk about these days ... THUMP. ... is the taco cannon. That's right, we said taco cannon. An Omaha taco shop has teamed up with the university to shoot tacos into the stands at sporting events. That the foil-wrapped eats will make to fans was made evident when Voodoo Tacos owner Eric Newton demonstrated the power of the cannon for CNN affiliate KETV. That they'll make it undamaged? Not so much. ""I wouldn't say it would be as restaurant quality when it gets to them, but it's edible,"" Newton said. With this latest technological development, the taco will join t-shirts, stuffed toys, balls, biscuits and the lowly hot dog in hurtling into the stands at public gatherings. UNO fans, um, ate the idea up, sending #tacocannon hurtling past #EarthDay as the No. 1 trending topic Wednesday in Omaha. ""How we roll in Omaha...Frozen Four appearances and projectile tacos,"" Twitter user mavpuck said, referring to the school's recent, and sadly taco-less, appearance in the NCAA hockey tournament semifinals. ""This just might be the greatest invention.  EVER,"" thetoddbryant wrote on Twitter. The tacos will start flying this fall, when the school's new arena is scheduled to open. But Voodoo Tacos has already scored, catching plenty of publicity months ahead of opening night. ""My partners laughed and me and said 'that's dumb,' "" Newton told KETV. ""Now they're emailing me and saying, 'About the best thing we've ever bought.' ""' Provide only the summary as the response.",summarize
187,"Provide a concise summary of the following text: 'The people of Nepal are still trying to recover from two major earthquakes and a mudslide.   Each day is a struggle in many parts of of the country, but there is something you can do to make an impact. We have vetted a list of organizations working in Nepal that have created specific funds for relief efforts, including:. -- Nepal Red Cross Society. -- ActionAid USA. -- Action Against Hunger. --  Adventist Development and Relief Agency International. --  American Jewish Joint Distribution Committee. -- The American Jewish World Service. -- AmeriCares. -- CARE. -- Catholic Relief Services. -- ChildFund International. -- Concern Worldwide. -- Convoy of Hope. -- Direct Relief. -- dZi Foundation. -- Empower Generation. -- Global Giving. -- Habitat for Humanity. -- Handicap International. -- Himalayan HealthCare. -- International Federation of Red Cross and Red Crescent Societies. -- International Medical Corps. -- International Relief Teams. -- Islamic Relief USA. -- Jewish Federations of North America. -- Lutheran World Relief. -- MAP International. -- Medical Teams International. -- MercyCorps. -- NFCC International. -- Operation Blessing International. -- Operation USA. -- Oxfam International. -- Plan International. -- Real Medicine Foundation. -- Save the Children. -- The Salvation Army. -- Samaritan's Purse. -- Seva Foundation. -- Shelterbox. -- Team Rubicon. -- UNICEF. -- WaterAid. -- The World Food Programme. -- World Vision.' Provide only the summary as the response.",summarize
188,"Provide a concise summary of the following text: 'Cairo (CNN)An Egyptian court has sentenced 71 people to life in prison for their role in the August 2013 burning of a Christian church in the Giza province village of Kafr Hakim, state news reports. The Virgin Mary Church was torched and looted by a mob, some of whom chanted against Coptic Christians and called for Egypt to become an ""Islamic state,"" one of at least 42 churches and many more businesses and homes targeted that August, the advocacy group Human Rights Watch reports. Others attacked included St. George Church in Sohag, a city south of Cairo on the Nile River, and Prince Tadros Church in Fayoum, which is southwest of Cairo, according to reports. In addition to those getting life sentences, two minors were sentenced to 10 years in prison and fined 10,000 Egyptian pounds (about $1,300), Egypt's official Egynews reported. Most of those sentenced -- 52 of the 73 defendants -- were tried in absentia, with 21 already in prison, according to Egynews. Some blamed the church and other attacks on supporters of the Muslim Brotherhood, the Islamist movement that backed Mohamed Morsy. Morsy became Egypt's first democratically elected president following the ouster of longtime leader Hosni Mubarak. Morsy was pushed out by Egypt's military. Morsy was sentenced to 20 years in prison earlier this month after being convicted on charges related to violence outside the presidential palace in December 2012. But he was acquitted of murder in the deaths of protesters. Christian churches across Egypt stormed, torched. Journalist Sarah Sirgany reported from Cairo and CNN's Greg Botelho reported and wrote this story from Atlanta.' Provide only the summary as the response.",summarize
189,"Provide a concise summary of the following text: 'Like phone booths and typewriters, record stores are a vanishing breed -- another victim of the digital age. Camelot Music. Virgin Megastores. Wherehouse Music. Tower Records. All of them gone. Corporate America has largely abandoned brick-and-mortar music retailing to a scattering of independent stores, many of them in scruffy urban neighborhoods. And that's not necessarily a bad thing. Yes, it's harder in the Spotify era to find a place to go buy physical music. But many of the remaining record stores are succeeding -- even thriving -- by catering to a passionate core of customers and collectors. On Saturday, hundreds of music retailers will hold events to commemorate Record Store Day, an annual celebration of, well, your neighborhood record store. Many stores will host live performances, drawings, book signings, special sales of rare or autographed vinyl and other happenings. Some will even serve beer. To their diehard customers, these places are more than mere stores: They are cultural institutions that celebrate music history (the entire Duran Duran oeuvre, all in one place!), display artifacts (Aretha Franklin on vinyl!), and nurture the local music scene (hey, here's a CD by your brother's metal band!). They also employ knowledgeable clerks who will be happy to debate the relative merits of ""Blood on the Tracks"" and ""Blonde on Blonde."" Or maybe, like Jack Black in ""High Fidelity,"" just mock your lousy taste in music. So if you're a music geek, drop by. But you might think twice before asking if they stock ""I Just Called to Say I Love You.""' Provide only the summary as the response.",summarize
190,"Provide a concise summary of the following text: 'Sabra Dipping Co. is recalling 30,000 cases of hummus due to possible contamination with Listeria, the U.S. Food and Drug Administration said Wednesday. The nationwide recall is voluntary. So far, no illnesses caused by the hummus have been reported. The potential for contamination was discovered when a routine, random sample collected at a Michigan store on March 30 tested positive for Listeria monocytogenes. The FDA issued a list of the products in the recall. Anyone who has purchased any of the items is urged to dispose of or return it to the store for a full refund. Listeria monocytogenes can cause serious and sometimes fatal infections in young children, frail or elderly people, and others with weakened immune systems, the FDA says. Although some people may suffer only short-term symptoms such as high fever, severe headache, nausea, abdominal pain and diarrhea, Listeria can also cause miscarriages and stillbirths among pregnant women.' Provide only the summary as the response.",summarize
191,"Provide a concise summary of the following text: 'Ferguson, Missouri (CNN)At least three people were shot in separate incidents in Ferguson, Missouri, on late Tuesday and early Wednesday as hundreds of demonstrators gathered in support of protests in Baltimore, a city spokesman said. Two people were shot in the neck and another was shot in the leg, spokesman Jeff Small said. There is a suspect in custody in the latter case: a 20-year-old male from St. Louis County. The two victims shot in the neck were hospitalized, Small said. ""Police are having a difficult time investigating because of the rocks being thrown at them,"" he said. ""At this point police are not sure if the (shootings are) linked to the protest or not."" St. Louis Alderman Antonio French posted video on his Twitter account. Multiple gunshots can be heard as people flee in panic. Demonstrators set a portable toilet on fire.  One person can be seen squirting what appears to be lighter fluid on it. pic.twitter.com/FG0P2yf5Uf. The unrest carried on until about 3 a.m. and three police vehicles were damaged by rocks. The renewed tensions in Ferguson follow rioting in Baltimore after the death of Freddie Gray. The 25-year-old was arrested by police on April 12 and died one week later from a fatal spinal cord injury. Similar deaths over the last year include Michael Brown in Ferguson; Eric Garner in New York; and Walter Scott in North Charleston, South Carolina. CNN's Eliott C. McLaughlin, Tina Burnside and Dave Alsup contributed to this report.' Provide only the summary as the response.",summarize
192,"Provide a concise summary of the following text: 'Washington (CNN)A shooting that prompted the lockdown of the U.S. Capitol for several hours Saturday was a suicide and does not have an apparent connection to terrorism, Capitol Police Chief Kim Dine said in a news conference. An unidentified male walked through a public area on the west front of the Capitol early Saturday afternoon and shot himself, Dine told reporters. Witnesses told CNN dozens of shocked onlookers watched, including some young children. The unidentified shooter had a backpack and a rolling suitcase that authorities treated as treated suspicious packages, prompting the lockdown as they were investigated, Capitol police said. The male carried a sign with a message about ""social justice,"" authorities said. A witness, Robert Bishop, told CNN it also said something about taxing the ""1%."" Dine said there was ""no nexus to terrorism"" apparent so far in this incident. The building and the nearby Capitol Visitors Center were locked down, meaning tourists or any staff could not enter or leave the buildings. The Capitol area was crowded with tourists taking in the Cherry Blossom trees, which are in full bloom along the National Mall. Members of the Capitol police force, which responded to the scene, did not fire their weapons, Dine said. After the suspicious packages were examined, the lockdown was lifted about 3:50 p.m. ET and pedestrian traffic was allowed. Responding to the incident were the Metropolitan Police Department, which is investigating the death, as well as the FBI, Secret Service and Park Police. Many tourists at the scene were filming at the time and showed their photos and video to investigating law enforcement officers. CNN's Ted Barrett and Deirdre Walsh contributed to this report.' Provide only the summary as the response.",summarize
193,"Provide a concise summary of the following text: 'Lane Bryant has come up with a devil of an idea to market its lingerie while poking fun at a competitor. The plus-size clothing retailer has launched an ad campaign for its Cacique line titled #ImNoAngel, seeking to ""redefine sexy."" In a commercial posted on You Tube, a group of plus-size models show off the bras and panties while saying things like ""How boring would it be if we were all the same?"" and ""It's all about how you feel."" The campaign is a not-so-subtle dig at Victoria's Secret and its very popular Angels line, which caters to smaller women. The lingerie giant was criticized last year for a campaign featuring the words ""Perfect Body"" over images of slender supermodels, and Business Insider reports that it is under increasing pressure from consumers to offer larger sizes. Lane Bryant's campaign is getting positive buzz in social media land, with the company being hailed for celebrating beauty of all shapes and sizes. ""Our '#ImNoAngel' campaign is designed to empower ALL women to love every part of herself,"" Chief Executive Officer Linda Heasley said in a statement. ""Lane Bryant firmly believes that she is sexy and we want to encourage her to confidently show it, in her own way."" The ads will be featured in the company's stores, on television, in print and on billboards, as well as featured on the brand's social media accounts.' Provide only the summary as the response.",summarize
194,"Provide a concise summary of the following text: 'A TV series based on the 1999 sci-fi film ""Galaxy Quest"" is in the works at Paramount Television. The DreamWorks film centered on the cast of a canceled space TV show who are accidentally sent to a spaceship and must save an alien nation. TV Land's 'Younger' renewed for second season. The film's scribe Robert Gordon is expected to write the TV version and executive produce with the film's director Dean Parisot, producer Mark Johnson and Johnson's producing partner Melissa Bernstein. 'The Voice' coaches CeeLo Green, Gwen Stefani and Usher to return. The film starred Tim Allen, Sigourney Weaver, Alan Rickman, Tony Shalhoub, Sam Rockwell, Daryl Mitchell and Enrico Colantoni. PBS to conduct ""Internal Review"" over Ben Affleck's request to hide slave-owner ancestry. ""Galaxy Quest"" is the latest movie to be adapted for the small screen. This pilot season, ABC has ""Uncle Buck,"" CBS has ""Rush Hour"" and Fox has ""Minority Report."" Paramount Television specifically has turned several of the studio's hit films into TV series. ""School of Rock"" will debut on Nickelodeon later this year, and USA recently ordered a pilot for ""Shooter,"" based on the Mark Wahlberg film. ©2015 The Hollywood Reporter. All rights reserved.' Provide only the summary as the response.",summarize
195,"Provide a concise summary of the following text: 'Blinky and Pinky on the Champs Elysees? Inky and Clyde running down Broadway? Power pellets on the Embarcadero? Leave it to Google to make April Fools' Day into throwback fun by combining Google Maps with Pac-Man. The massive tech company is known for its impish April Fools' Day pranks, and Google Maps has been at the center of a few, including a Pokemon Challenge and a treasure map. This year the company was a day early to the party, rolling out the Pac-Man game Tuesday. It's easy to play: Simply pull up Google Maps on your desktop browser, click on the Pac-Man icon on the lower left, and your map suddenly becomes a Pac-Man course. Twitterers have been tickled by the possibilities, playing Pac-Man in Manhattan, on the University of Illinois quad, in central London and down crooked Lombard Street in San Francisco, among many locations:.' Provide only the summary as the response.",summarize
196,"Provide a concise summary of the following text: 'Singer-songwriter Joni Mitchell has been hospitalized in Southern California. Paramedics from the Los Angeles Fire Department were called to her home around 2:30 p.m. PT (5:30 p.m. ET) Tuesday on the report of a medical emergency, spokesman Robert Hinojosa said. ""Joni was found unconscious in her home (Tuesday) afternoon. She regained consciousness on the ambulance ride to an L.A. area hospital,"" according to her official website. ""She is currently in intensive care undergoing tests and is awake and in good spirits. More updates to come as we hear them. Light a candle and sing a song, let's all send good wishes her way."" Some of Mitchell's best-known songs are ""Big Yellow Taxi,"" ""Help Me"" and ""Free Man in Paris,"" but she has penned hits for other artists too. Crosby, Stills, Nash & Young scored with her anthem ""Woodstock,"" about the 1969 landmark music festival. Judy Collins registered a Top 10 hit in 1967 with Mitchell's ""Both Sides Now."" Mitchell, 71, was inducted into the Rock and Roll Hall of Fame in 1997.' Provide only the summary as the response.",summarize
197,"Provide a concise summary of the following text: 'Two passengers found dead on a cruise ship in Puerto Rico appear to have died in a murder-suicide, the cruise line said. Holland America Line said two guests were found dead inside their stateroom on the ms Ryndam at 11:30 a.m. Thursday. ""The cabin was immediately secured, and the authorities were notified, including the FBI,"" Holland America said. ""We are cooperating fully with the investigation, and the authorities will make the official determination on what occurred."" FBI spokesman Moises Quiñones said authorities were on scene investigating. The ship left Tampa, Florida, on March 29 on a 14-day Southern Caribbean cruise. It's currently in San Juan, Puerto Rico. Puerto Rico Port Authority spokesman Efraín Santiago told El Nuevo Dia newspaper that the cleaning staff on the ship had discovered the deceased passengers after knocking on the cabin's door.' Provide only the summary as the response.",summarize
198,"Provide a concise summary of the following text: 'Tornadoes, fierce winds and severe thunderstorms with large hail are predicted for the Midwest and for the Plains, from the Ozarks eastward to the lower Ohio Valley, on Thursday and Friday, the National Weather Service said. Severe weather is perilous anytime, of course, but CNN meteorologist Chad Myers says that tornado conditions are more dangerous during the night. ""Tornadoes can be more deadly when people are sleeping and not paying attention to the warnings,"" he said. Scattered storms will soak Illinois and Missouri, and wind and hail will continue to be moderate in those states, the National Weather Service said. By Thursday afternoon, storms will hit parts of Indiana and Kentucky. Earlier this week, severe weather struck the South. Alabama, Arkansas, Oklahoma and Georgia reported large hail. Residents in Shawnee, Oklahoma, were awakened early Wednesday morning by a severe storm producing golf ball-sized hail. ""The hail came out of nowhere so it was kind of shocking,"" Sherri McDonald said to CNN in an iReport. The hail dinged her car.' Provide only the summary as the response.",summarize
199,"Provide a concise summary of the following text: 'Call it a little piece of heaven for a family torn apart by tragedy. Back in July, Sierra Sharry and Lane Smith were just about to become parents.  Sharry was eight months pregnant. But then Smith fell and hit his head.  He was taken to the OU Medical Center in Oklahoma City.  Smith never recovered. ""July 13th 2014 was the absolute worst day of my life,"" Sharry posted on Facebook.  ""I lost my best friend. The father of my unborn child."" Their son Taos arrived a few weeks later. When it was time for his 6-month pictures, Sharry had a special request. Maybe the photographer could make their family complete, just for one picture. ""They asked me if I would be willing to 'play around' with capturing their first family photo by editing Taos' daddy in one of their pictures,"" Kayli Rene' Photography posted on Facebook. ""I just got to thinking, we don't have a picture with Lane in it,"" the new mom told CNN affilaite KOCO. The photographer wasn't sure it would work, but they found just the right picture of Smith -- one that has him looking over his family's shoulder. ""Lane's not physically here with us, of course, but that picture represents to us that he is always watching over us and he will always be there for us no matter what,"" Sharry said. The family photo has become a social media sensation after appearing on the photographer's Facebook page this week. It has some 193,000 likes and more than 24,000 shares. ""I can't believe she actually did this,"" Sharry said.  ""It's like amazing and apparently everyone else thinks it is too.""' Provide only the summary as the response.",summarize
200,"Provide a concise summary of the following text: 'At least 54 people have died and 15 others are missing after a Russian fishing vessel sank off the Kamchatka Peninsula, according to Russia's state-run Tass news agency. More than 60 people were rescued Thursday from the chilly waters in Russia's Far East. The Dalniy Vostok freezer trawler -- a commercial fishing vessel -- was carrying 132 people, the ministry said. Of the people on board, 78 were Russians. The 54 others were foreign nationals from Myanmar, Ukraine, Lithuania and Vanuatu, according to the news agency, with the majority coming from Myanmar. More than 20 fishing vessels are searching for the 15 people still thought to be missing, Tass said. The shipwreck was swift, with the trawler going down in the Sea of Okhotsk within 15 minutes of getting into difficulties, the news agency reported. The most likely cause of the shipwreck was collision with an obstacle which damaged the hull, the official spokesman of Russia's Investigative Committee, Vladimir Markin, is quoted as saying. The trawler is also thought to have keeled over as a result of hauling some 80 tons of fish on to the deck, the chairman of the emergencies commission in the Kamchatka region, Sergey Khabarov, told Tass.' Provide only the summary as the response.",summarize
201,"Provide a concise summary of the following text: 'Andrew Getty, the 47-year-old grandson of J. Paul Getty, died Tuesday afternoon in his home in Los Angeles, according to a statement from his mother and father. Ann and Gordon Getty also ""requested that members of the media and the public respect (the family's) privacy during this extremely difficult time,"" the statement added. Getty's death ""appears to be natural (causes) or an accident,"" Ed Winter, assistant chief in the Los Angeles County coroner's office, told CNN affiliate KTLA Tuesday night. Some medication had also been recovered from Getty's home, though investigators don't know if Getty was currently taking it or what his medical history was, Winter said. A female friend was at the home where Getty died and is cooperating with investigators, Los Angeles Police Department Capt. William Hayes said. KTLA reported that Getty was found on his side near a bathroom in his home. Where the Getty family fortune came from. Gordon Getty is one of three sons of J. Paul Getty, the oil tycoon who was thought to be the richest man in the world at the time of his death in 1976. Gordon Getty, 81, has a net worth of $2.1 billion, according to Forbes. Court records show Andrew Getty had recently filed to get a restraining order against a woman. A hearing in the case was scheduled for next week. CNN's attempt to reach Getty's attorney was not immediately successful. People we've lost in 2015. CNN's Doug Criss, Janet DiGiacomo, Mike Love, Julie In and Cheri Mossburg contributed to this report.' Provide only the summary as the response.",summarize
202,"Provide a concise summary of the following text: 'They used to do the guarding at Florida prisons. Now they're the ones behind bars. Two Florida corrections officers and one former officer trainee have been charged in a plot to kill a former inmate who was getting out of prison, the Florida Attorney General's office said Thursday. An FBI informant met the men -- Thomas Jordan Driver, 25; David Elliot Moran, 47; and Charles Thomas Newcomb, 42 -- after infiltrating a branch of the KKK:  the Traditional American Knights of the Ku Klux Klan, CNN affiliate WJXT reported. Driver told the informant that he had gotten into a fight with the inmate and that he and Moran wanted him ""six feet under,"" according to court documents. To convince the suspects that the deed had been done, the FBI staged a fake homicide scene with the former inmate and took pictures to show them that he had been killed. ""When the FBI staged this crime scene and these photographs were shown to each of these men, they were happy about it,"" said Statewide Prosecutor Nick Cox. The three men are now facing up to 30 years in jail if convicted on one count each of conspiracy to commit murder. ""We will not tolerate nor will we ever remain silent over the violence of hatred embedded in prejudice in this country,"" Florida Attorney General Pam Bondi said. CNN's Joe Sutton contributed to this report.' Provide only the summary as the response.",summarize
203,"Provide a concise summary of the following text: 'April 8, 2015. After a report on headlines concerning the U.S. and Cuba, CNN Student News gives some perspective on California's historic drought: Its effects are becoming more likely to ripple across the nation. There's been a flu outbreak in Chicago -- but not one that affects humans. And a proposed tunnel would connect Denmark and Germany via an undersea road and rail line. On this page you will find today's show Transcript and a place for you to request to be on the CNN Student News Roll Call. TRANSCRIPT. Click here to access the transcript of today's CNN Student News program. Please note that there may be a delay between the time when the video is available and when the transcript is published. CNN Student News is created by a team of journalists who consider the Common Core State Standards, national standards in different subject areas, and state standards when producing the show. ROLL CALL. For a chance to be mentioned on the next CNN Student News, comment on the bottom of this page with your school name, mascot, city and state. We will be selecting schools from the comments of the previous show. You must be a teacher or a student age 13 or older to request a mention on the CNN Student News Roll Call! Thank you for using CNN Student News!' Provide only the summary as the response.",summarize
204,"Provide a concise summary of the following text: 'Misao Okawa, the world's oldest person according to Guinness World Records, has died at the age of 117. Okawa passed away Wednesday morning in Osaka, Japan, Tadahi Uchimura, a local official from the city told CNN. She left behind three children, four grandchildren and six great grandchildren. Okawa was born on March 5, 1898. Her family ran a Kimono shop in Osaka, Satoshi Yoshioka, an employee at the nursing home where she had lived since 1997 told CNN. ""She was a person with mild character, and loved to eat so much. Her favorite food was sushi and udon noodles,"" Yoshioka said. ""She had eaten a lot of cake for her birthday last March 5. "" ""However, in the last 10 days she stopped eating. I think eating was her motivation to live, and when she lost it, she passed away."" According to Guiness World Records, the oldest person ever was Jeanne Louise Calment, who died at age 122 in 1997.' Provide only the summary as the response.",summarize
205,"Provide a concise summary of the following text: 'Pope Francis reminded the world of the Vatican's status as a state and his role as a moral diplomat in his traditional speech given at the end of Easter Mass. The Pontiff lamented the suffering of people in the conflicts currently making headlines and called for violence everywhere to end. Foremost, he asked that bloodshed end in Iraq and Syria and that humanitarian aid get to those in need. ""May the international community not stand by before the immense humanitarian tragedy unfolding in these countries and the drama of the numerous refugees,"" he said in his ""urbi et orbi"" address, Latin for ""to the city (Rome) and to the world."" Then he turned to the Holy Land, expressing the wish that the peace process between Israelis and Palestinians resume. Francis mentioned Libya; the nuclear talks with Iran in Lausanne, Switzerland; Yemen; Nigeria; South Sudan; and the shooting at the Garissa University College in Kenya. He also hoped for peace in Ukraine and for healing for those who have suffered there. The Pope turned to economic oppression: ""We ask for peace and freedom for the many men and women subject to old and new forms of enslavement on the part of criminal individuals and groups,"" he said. He asked for peace from drug dealers, corrupt officials who collaborate with them, and arms dealers. Pope Francis ended the address consoling the marginalized, the poor, the sick and the suffering. And he wished all a happy Easter. CNN's Annie Ramos contributed to this report.' Provide only the summary as the response.",summarize
206,"Provide a concise summary of the following text: 'Duke University students and faculty members marched Wednesday afternoon chanting ""We are not afraid. We stand together,""  after a noose was found hanging from a tree on campus. Duke officials have asked anyone with information about the rope noose, which was found near a student center at 2 a.m., to call campus police. Photos of the noose prompted outrage from the community as they were passed along on social media. At a forum held on the steps of Duke Chapel, close to where the noose was hung, hundreds of people gathered. ""You came here for the reason that you want to say with me, 'This is no Duke we will accept. This is no Duke we want. This is not the Duke we're here to experience. And this is not the Duke we're here to create,' "" Duke President Richard Brodhead told the crowd. The incident is one of several recent racist events to affect college students. Last month a fraternity at the University of Oklahoma had its charter removed after a video surfaced showing members using the N-word and referring to lynching in a chant. Two students were expelled. In February, a noose was hung around the neck of a statue of a famous civil rights figure at the University of Mississippi. A statement issued by Duke said there was a previous report of hate speech directed at students on campus. In the news release, the vice president for student affairs called the noose incident a ""cowardly act."" ""To whomever committed this hateful and stupid act, I just want to say that if your intent was to create fear, it will have the opposite effect,"" Larry Moneta said. Duke University is a private college with about 15,000 students in Durham, North Carolina.' Provide only the summary as the response.",summarize
207,"Provide a concise summary of the following text: 'April 2, 2015. An unstable Middle Eastern country has become a potential battlefield for a proxy war. Today on CNN Student News, hear an explainer on why Yemen is the focus of global concern. We also report on the origins of April Fools' Day, we detail how a 1,000-year-old recipe could cure a modern-day superbug, and we feature a Character Study on a woman who's steering kids to a better life. On this page you will find today's show Transcript and a place for you to request to be on the CNN Student News Roll Call. TRANSCRIPT. Click here to access the transcript of today's CNN Student News program. Please note that there may be a delay between the time when the video is available and when the transcript is published. CNN Student News is created by a team of journalists who consider the Common Core State Standards, national standards in different subject areas, and state standards when producing the show. ROLL CALL. For a chance to be mentioned on the next CNN Student News, comment on the bottom of this page with your school name, mascot, city and state. We will be selecting schools from the comments of the previous show. You must be a teacher or a student age 13 or older to request a mention on the CNN Student News Roll Call! Thank you for using CNN Student News!' Provide only the summary as the response.",summarize
208,"Provide a concise summary of the following text: 'Video may have killed the radio star, but in Norway it's digital that's killing FM radio. In two years' time, the Scandinavian nation is slated to become the first in the world to phase out radio entirely. That doesn't mean that Norwegians will be left with radio silence; they'll merely have to tune in digitally. According to officials in Oslo, many in this nation of 5 million have already made the move. On FM, Norwegians can only find five stations. On the Digital Audio Broadcasting network, there are four times that number. Half the country already listens that way, said Culture Minister Thorhild Widvey. ""Listeners will have access to more diverse and pluralistic radio-content, and enjoy better sound quality and new functionality,"" Widvey said in a news release. Officials say the move will spur innovation because the cost of digital transmission will save some $25 million. But the country's radio waves won't cut out all once, a blog post on Radio.no explained. Radio will be phased out region by region, starting in January 2017 and concluding in December.' Provide only the summary as the response.",summarize
209,"Provide a concise summary of the following text: 'A Detroit mother arrested last month after police discovered the bodies of two of her children inside a freezer was arraigned this week on murder and torture charges. Wayne County Prosecutor Kym Worthy charged Mitchelle Angela Blair on Wednesday with killing her then 13-year-old daughter, Stoni Ann Blair, and her then 9-year-old son, Stephen Gage Berry. According to Detroit Police Chief James Craig, the bodies were found wrapped in plastic inside the freezer by a bailiff performing a court ordered eviction on March 24. The Wayne County medical examiner has since determined that Stoni died from multiple blunt trauma injuries and Stephen from multiple blunt trauma and thermal injuries. Both were determined to be homicides, according to spokesman Ryan Bridges. According to CNN affiliate WDIV,  investigators believe Stephen was scalded with hot water, beaten and strangled in August 2012, while Stoni was killed in May 2013. A message left for Blair's court appointed attorney, who entered not guilty pleas on her behalf at her arraignment, wasn't immediately returned. In addition to the two counts of premeditated murder -- each of which carries a mandatory life sentence without the possibility of parole --  Blair, 35, has been charged with two counts of torture, four counts of felony child abuse and one count of committing child abuse in the presence of another child. She has two other children, a 17-year-old daughter and an 8-year-old son, both of whom are now in in protective custody, according to Worthy. Blair will be back in court June 19 for a court ordered competency hearing.' Provide only the summary as the response.",summarize
210,"Provide a concise summary of the following text: '""It's showtime!"" Michael Keaton paid homage -- ever so slightly -- to his roles in ""Beetlejuice"" and ""Batman"" in his third turn hosting ""Saturday Night Live"" this weekend. Keaton acknowledged in his opening monologue that a lot has changed since he first hosted the comedy sketch show in 1982. ""I had a baby -- he's 31. I also have a new girlfriend -- she's 28,"" he said. Fans who were hoping for a full-blown revival of Keaton's most memorable characters might have been a little disappointed. SNL cast members Taran Killam and Bobby Moynihan begged the actor with a song to ""play"" Batman and Beetlejuice with them. All they got in response were a couple of one-liners. Overall, Keaton's performance drew high marks from viewers and critics for its ""deadpan"" manner and ""unpredictable weirdness,"" in the words of A.V. Club's Dennis Perkins. Fans also delighted in a cameo from ""Walking Dead"" star Norman Reedus during Weekend Update. Keaton scored some laughs from the audience as an ad executive who's not very good at his job, a confused grandfather and a high school teacher who gets asked to the prom in a riff on the romantic comedy ""She's All That."" Other crowd-pleasing spots included a Scientology parody music video and a news conference spoofing the NCAA student-athlete debate. The show also poked fun at CNN with cast member Cecily Strong playing anchor Brooke Baldwin. Baldwin said on Twitter that she's taking it as a ""crazy compliment"" and shared a clip from the skit.' Provide only the summary as the response.",summarize
211,"Provide a concise summary of the following text: 'Johannesburg (CNN)South African troops deployed Tuesday evening as part of a new government effort to stop deadly anti-immigrant violence. Their first target: the Johannesburg suburb of Jeppestown, where xenophobic violence broke out on Friday. South African police raided a Jeppestown hostel Tuesday while troops secured the perimeter. Earlier, Defense Minister Nosiviwe Mapisa-Nqakula announced the plan to deploy an undisclosed number of troops to areas where police are spread too thin while trying to curb deadly attacks against immigrants. ""This intervention is not an indictment on the police. ... We are coming in because they need that support,"" she said after visiting Johannesburg's Alexandra township, one area where mobs have attacked immigrants from other African nations and looted their shops -- ostensibly based on the belief that immigrants are taking South Africans' jobs. Seven people have been killed in recent violence against poorer immigrants, many from South Africa's neighbors. Xenophobic killing caught by photographer. Much of this month's violence happened in the port city of Durban, where at least two foreigners and three South Africans were killed after mobs with machetes attacked immigrant shops. Thousands of people took temporary shelter at refugee centers or police stations as a result, according to aid group Gift of the Givers. Similar violence happened late last week in Johannesburg, where immigrant-owned shops were looted or destroyed. The attacks came as residents accused immigrants of taking their jobs and committing crimes. The unemployment rate in South Africa is 25%, according to government figures. The United Nations said the attacks began in March after a labor dispute between citizens and foreign workers. What's behind the xenophobic attacks in South Africa? CNN's Brent Swails reported from Johannesburg. CNN's Jason Hanna reported and wrote from Atlanta.' Provide only the summary as the response.",summarize
212,"Provide a concise summary of the following text: 'A New York City detective has been suspended after being accused of stealing $3,000 during an illegal cigarettes raid, according to police spokesman Stephen Davis. Surveillance video obtained by CNN affiliate News 12 Brooklyn appears to show Det. Ian Cyrus stashing cash in a bag before leaving the Yemen Deli and Grocery store in Brooklyn last Friday. The detectives had arrested two employees for selling loose cigarettes, according to News 12 Brooklyn. Ali Abdullah, the store's manager, noticed the money was gone from a box, but assumed it was taken by one of his employees. When he checked the cameras he couldn't believe what he saw, he told News 12 Brooklyn. Cyrus, who is under investigation by the internal affairs bureau, could not be reached for comment. His supervisor Sgt. Fritz Glemaud, who was heading the raid, was placed on modified duty, Davis said.' Provide only the summary as the response.",summarize
213,"Provide a concise summary of the following text: 'Island-hoppers take note: Providenciales in the Turks and Caicos is TripAdvisor's latest pick for the world's top island. Providenciales climbed a rung from last year's No. 2 ranking among the travel review site's Travelers' Choice award winners to bump Ambergris Caye out of the top spot. It was quite a tumble for the Belize island. Ambergris Caye held the top ranking on the TripAdvisor global islands list for two years in a row before dropping out of the top 10 completely this year. Why the disappearance? ""It's hard to say, as winners change from year to year based on feedback from travelers,"" said TripAdvisor spokeswoman Julie Cassetina. ""Similar to last year and 2013, winning islands were determined using an algorithm that looked at the quality and quantity of traveler reviews and opinions for hotels, attractions and restaurants on each island gathered during a 12-month period."" 30 envy-inducing island photos. Only two more of 2014's top 10 islands appear on this year's global list. Ko Tao, Thailand, gained five spots this year, moving up from No. 10 last year, while Bora Bora dropped from No. 3 last year to rank ninth. Here are the world's top 10 islands for 2015:. 1. Providenciales, Turks and Caicos. 2. Maui, Hawaii. 3. Roatan, Honduras. 4. Santorini, Greece. 5. Ko Tao, Thailand. 6. Madeira, Portugal. 7. Bali, Indonesia. 8. Mauritius, Africa. 9. Bora Bora, French Polynesia. 10. Fernando de Noronha, Brazil. In addition to the global list, TripAdvisor also ranks islands regionally. Here are the top 10 U.S. islands:. 1. Maui, Hawaii. 2. Island of Hawaii, Hawaii. 3. Kauai, Hawaii. 4. Key West, Florida. 5. Hilton Head Island, South Carolina. 6. Marco Island, Florida. 7. Key Largo, Florida. 8. Chincoteague Island, Virginia. 9. San Juan Island, Washington. 10. Mackinac Island, Michigan.' Provide only the summary as the response.",summarize
214,"Provide a concise summary of the following text: 'Eight Iranian border guards have been killed in clashes with militants near the border with Pakistan, Iranian state media reported. Three of the militants were killed by Iranian forces in the fighting Monday in the southeastern town of Negur, the state-run news agency IRNA reported. The news agency cited Ali Asghar Mirshekari, the deputy governor of Iran's Sistan-Baluchestan province, who said the militants crossed into the country from Pakistan. Iranian officials have reportedly asked Pakistani authorities to catch the surviving assailants. A militant group called Jaish al Adal claimed responsibility for the attack, according to Iranian state media and a Twitter account believed to be associated with the organization. According to Pakistani media, Jaish al Adal is an anti-Iranian group that has emerged during recent years in areas of Balochistan, the restive Pakistani province that borders southeastern Iran. The Sunni Muslim group has targeted Shiites and says it aims to thwart Iranian influence in Pakistan, according to the Pakistani newspaper Dawn. Jaish al Adal has also claimed responsibility for attacks on Iranian territory. One of the deadliest was in October 2013, when 14 Iranian border guards were killed near the city of Saravan. Iranian authorities say that after similar attacks, the militants have fled back into Balochistan. ""Iran has repeatedly criticized its eastern neighbor for failing to rein in the terrorists,"" IRNA said, referring to Pakistan. The Pakistani government condemned Monday's attack, calling it an ""act of terrorism."" ""The concerned security agencies of Pakistan are actively investigating this incident, which took place on Iran's territory, and have asked Iranian authorities to share with us any evidence that they have,"" the government said in a statement Wednesday. If the militants entered Pakistan after the attack, ""they will be apprehended and brought to justice,"" it said.' Provide only the summary as the response.",summarize
215,"Provide a concise summary of the following text: 'The ""Star Wars"" universe keeps on expanding. Details of the plot for 2016's ""Star Wars: Rogue One"" were revealed during a panel at Star Wars Celebration fan festival Sunday in Anaheim, California. Director Gareth Edwards (""Godzilla"") showed an early teaser for the movie and revealed plot details for the ""Star Wars"" anthology film (the term Disney prefers instead of ""spinoff""), starring Felicity Jones. The movie will take place in between ""Episode III: Revenge of the Sith"" and ""Episode IV: A New Hope"" (known to many as the first ""Star Wars"" movie from 1977). A group of rebels go on a rogue mission to steal plans for the Death Star. Jones will play a rebel soldier. The movie won't begin shooting until this summer so the footage shown in the teaser -- including a glimpse of the Death Star -- won't necessarily appear in the finished product. Edwards told the crowd that Jones is a ""Star Wars"" fan and dropped everything to take on the lead role. Producer Kathleen Kennedy said ""Rogue One"" was one of the first pitches she received after becoming president of Lucasfilm in 2012, and she could not turn it down. It was one of the final events at Celebration, where fans gather to talk about ""Star Wars,"" dress in costumes, look for rare ""Star Wars"" merchandise and learn about future projects for the franchise. The convention kicked off with the well-received trailer for this year's ""The Force Awakens."" Costumes and props from that movie also were on display. Anything bearing the movie logo was a hot item for collectors. Tens of thousands are expected to have attended the event when all is said and done. ""Rogue One"" is scheduled to hit theaters December 16, 2016.' Provide only the summary as the response.",summarize
216,"Provide a concise summary of the following text: 'One Israeli citizen was killed and another injured in what police are calling a suspected terror attack Wednesday night near Hebrew University in Jerusalem. Israel Police spokesman Micky Rosenfeld said a 37-year-old Arab motorist from East Jerusalem struck two people standing at a bus stop in the French Hill section of the city. One victim, identified by police as Shalom Yohai Cherki, 26, died at the hospital. A 20-year-old woman remains in serious condition, according to Rosenfeld. The driver has been arrested and is under investigation by the General Security Services. ""From the investigation and first findings, there is a strong suspicion that we're talking about a terror attack,"" Rosenfeld said. Amid the ongoing investigation, a magistrate court has issued a gag order on details of the incident.' Provide only the summary as the response.",summarize
217,"Provide a concise summary of the following text: 'Civil unions between people of the same sex will soon be recognized in Chile. The country joined several of its South American neighbors in allowing the unions when President Michelle Bachelet enacted a new law on Monday. ""This is a concrete step in the drive to end the difference between homosexual and heterosexual couples,"" Bachelet said. The new law will take effect in six months. It will give legal weight to cohabiting relationships between two people of the same sex and between a man and a woman. The Chilean government estimates that around 2 million people will be able to benefit from the change. The law is intended to end discrimination faced by common-law couples, such as not being allowed to visit partners in hospital, make medical decisions on their behalf or decide what to do with their remains. It also gives the couples greater rights in the realms of property, health care, pensions and inheritance. A number of South American nations have moved to allow same-sex civil unions in recent years. But marriage between people of the same sex is legal only in Argentina, Brazil and Uruguay.' Provide only the summary as the response.",summarize
218,"Provide a concise summary of the following text: 'Scotland will discover on May 21 if September's Euro 2016 qualifier with Georgia will be played behind closed doors. UEFA has announced it has opened disciplinary proceedings against the Georgian Football Federation (GFF) after fans twice invaded the field of play during Sunday's 2-0 defeat by Germany in Tbilisi. European football's governing body is also set to look at charges that allege home fans were guilty of setting off fireworks while a string of safety breaches, including blocked stairs, locked gates and a lack of body searches by staff at the Boris Paichadze Stadium, will also be investigated. A fan invades the pitch during Georgia's 2-0 defeat by Germany on Sunday in Tbilisi. Play was halted twice at the Boris Paichadze Stadium due to Georgia fans arriving onto the field. UEFA's Control, Ethics and Disciplinary Body will decide the case on May 21. The GFF has already vowed to tighten up security in the wake of those crowd disturbances. But GFF president Zviad Sichinava admits he fears UEFA will force him to shut the stadium for the September 4 meeting with Gordon Strachan's side, throwing Scottish supporters' travel plans into chaos. UEFA has opened disciplinary proceedings against the Georgian Football Federation over the incidents. He said: 'Delegates from UEFA are already sending reports and unfortunately there will be monetary sanctions. 'Also the next Georgia home game - against Scotland - could be held without spectators.' Scotland currently sit third in Group D, a point behind leaders Poland. Georgia are fifth, with just one win from five games.' Provide only the summary as the response.",summarize
219,"Provide a concise summary of the following text: 'A New York City mother has fled to Germany with her daughter during a custody battle, police claim. Ulrike Berger, 44, is barred by a court order from leaving the country with seven-year-old Kaia. But on March 22, a day after the little girl was dropped off for a weekend visit, they are believed to have boarded a plane to Europe. Manhunt: Police are searching for Ulrike Berger, 44, (left) and her seven-year-old daughter Kaia (right). It is believed the pair boarded a plane from New York to Germany on March 22, violating a custody court order. Police say the pair were last seen at Berger's home in Boerun Hill, Brooklyn, at 10am on March 21, when Kaia's father dropped her off. The estranged couple had scheduled a date for Kaia to be returned, the New York Post reported. According to the paper, Berger, a German national, also uses the first name 'Julie'. Anyone with information about the case should call the NYPD Crime Stoppers Hotline: 800-577-TIPS.' Provide only the summary as the response.",summarize
220,"Provide a concise summary of the following text: 'A dramatic video has emerged showing the moment a group of men riding on top of a van were sent flying as it swerved around a corner. About half a dozen people were sitting on the roof of the vehicle on a road near the coastal city of Salé, Morocco when it toppled on to one side at high speed. Terrifying footage of the incident was taken from a car following the van, which is understood to have been transporting football fans. Scroll down for video. Terrifying: Footage shows the moment a van carrying football supporters starts weaving from side to side on a busy road. The video shows the moment the packed vehicle starts to swerve from side-to-side on what appears to be a dual carriageway. One of the back doors is left open and the van is seen veering across both lanes of the road. As the driver loses control of the vehicle, it rides up on to its two righthand wheels. Losing control: Video captured by a following motorist shows the van veering across two lanes while travelling at speed. The van can be seen crashing down on to its side sending the men on the roof rack flying. Seconds later, it can be seen crashing down on to its side sending the men on the roof rack flying. The van was travelling at such speeds that it carries on travelling some 50 metres down the carriageway before finally grinding to a halt. The video, which was posted on social media sites, then shows men leaping out and running back up the road. It is not yet clear how many people were hurt in the crash but New York Daily News reports that at least six people were on the roof.' Provide only the summary as the response.",summarize
221,"Provide a concise summary of the following text: 'An irritated elephant decided to douse a buffalo bull with cold water when it got a little too close for comfort. The wildlife creature was relaxing in the Kruger National Park in South Africa with its family by a small pool of water when the bull approached  - much to the elephant's annoyance. In a gesture captured on camera, the African elephant squirts the bull with water stored up its trunk to get it to leave, but misses its target. Scroll down for video. The frustrated elephant attempts to squirt water on the bull which has wandered too close for comfort. Its young elephant cozies up to its parent for protection, as the bull drinks from a small pool of water. The large elephant keeps an eye on the bull as they move away, guarding its young which walks in its shadow. Not to be beaten, the huge creature then begins to size up the bull, which is clearly unperturbed by the actions of the elephant and carries on drinking. The amazing images were taken in the historic park, which opened in 1898 to help protect the wildlife of South Africa. According to the Kruger National Park website, the area is home to 147 different types of mammals, 507 birds, 114 reptiles and 34 amphibians. Water drips down from the elephant's trunk, after it attempted to douse the buffalo bull that came too close. Taking a swing: The elephant rounds on the bull, which keeps its head and horns down as it passes.' Provide only the summary as the response.",summarize
222,"Provide a concise summary of the following text: 'Amazing pictures have emerged of  blue fluorescent algae lighting up Australia's east coast. The images were taken in Jervis Bay, the south coast of NSW, as the neon glow illuminated one of Australia's popular beaches. Photographer Andy Hutchinson described the sight as a 'beautiful supernatural scene' caused by millions of plankton omitting light. A similar display was shown in Sydney's Manly Beach back in August 2014 where an oceanography expert told Daily Mail Australia there was no need to be concerned about the algae. 'The glow is caused by Noctiluca scintillans, which is a single celled phytoplankton - the algae of the sea - which blossoms in the spring and the autumn and in 90 per cent of occasions occurs due to natural causes,' Iain Suthers, of University of New South Wales, said. Mr Suthers explained that the bizarre carnivorous cell, which preys on another type of algae called diatoms, gives off the luminous glow as a defence mechanism. Scroll down for video. Incredible pictures have emerged of blue fluorescent algae lighting up Australia's east coast. The amazing images were taken in Jervis Bay which is in the south coast of New South Wales. Photograher Andy Hutchinson captured trhe neon glow illuminating one of Australia's popular beaches. Mr Hutchinson described the sight as a 'beautiful supernatural scene' caused by millions of plankton omitting light. A similar display - like the one in Jervis Bay (pictured) - was shown in Sydney's Manly Beach back in August 2014. Iain Suthers, of University of New South Wales, says the algae blossoms in the spring and the autumn.' Provide only the summary as the response.",summarize
223,"Provide a concise summary of the following text: 'Filipe Luis insists he wants to stay at Chelsea until the end of his contract, despite Atletico Madrid considering bringing him back in the summer. The full back signed a three-year contract when he moved from the Spanish champions last July, but has struggled to make the left back position his own at Stamford Bridge. Atletico hope that may give them leverage, but Luis said: ‘I’m happy at Chelsea. I want to stay at the club until the end of my contract.�?Filipe Luis insists he wants to stay at Chelsea (right), despite Atletico Madrid considering re-signing him. Luis played in Brazil’s friendly wins against France and Chile during the international break, but attentions now turn to the Premier League title run-in. And Chelsea manager Jose Mourinho is refusing to let his league leaders rest on their laurels until the job is done. ‘He always asks for everybody to be focused and concentrate in the matches and try to win every game we play,�?Luis added. ‘He always says that to us. He never says anything else. ‘It’s really difficult. We have nine really difficult games. We have to be better than ever but I think we’re prepared to cope with the hard situation that we have.�?The defender's attentions now turn to the Premier League having played for Brazil against France and Chile.' Provide only the summary as the response.",summarize
224,"Provide a concise summary of the following text: 'England have been drawn with the Republic of Ireland, Holland and Italy in Group D of the UEFA Under 17 European Championships, which take place in Bulgaria in May. John Peacock's Young Lions are the defending European champions, having defeated Holland on penalties in last year's final in Malta. And they will have to overcome the Dutch again to advance to the quarter-finals in this tournament, which has been expanded from eight to 16 nations for the first time. John Peacock's England have been drawn with Holland, Italy and Ireland at the European Championships. Danny Collinge runs away in celebration after scoring his first England goal against Norway in qualifying. Scotland, meanwhile, have been placed in Group C alongside Greece, Russia and France. Group A contains hosts Bulgaria, Croatia, Spain and Austria, while Group B has the Czech Republic, Slovenia, Belgium and Germany. The tournament will take place in the east Bulgarian venues of Burgas, Sozopol, Sliven and Stara Zagora between May 6 and 22. England reached the tournament with a 100 per cent record, having seen off Norway, Slovenia and Romania in last week's Elite Qualifying Round.' Provide only the summary as the response.",summarize
225,"Provide a concise summary of the following text: 'A bus driver who was caught reading a newspaper while driving has been slammed by his boss as a 'complete idiot'. A passenger filmed the driver on a bus in Auckland, New Zealand, and sent the video to bus company Ritchies Coachlines along with a complaint. In the footage the driver can be seen flicking through pages of the newspaper while the bus is in motion. Scroll down for video. A bus driver was caught reading a newspaper while driving in Auckland, New Zealand. As the bus slows to a stop at a set of traffic lights he moves his head to get a good look at one of the pages. Ritchies Coachlines boss Andrew Ritchie said he was embarrassed by the 'idiot' driver's actions. 'I am absolutely amazed by how absolutely stupid the guy is. Bloody irresponsible behaviour to the first degree, I can't believe it,' Mr Ritchie told the New Zealand Herald. 'The people on that bus put their trust in him. He wasn't even trying to hide it, he was holding the whole newspaper open, over the steering wheel.' Mr Ritchie said the driver would be disciplined, but would not go into detail. A passenger filmed the driver and sent the video to bus company Ritchies Coachlines along with a complaint. Ritchies Coachlines boss Andrew Ritchie said he was embarrassed by the 'idiot' driver's actions.' Provide only the summary as the response.",summarize
226,"Provide a concise summary of the following text: 'Police are hunting a man aged between 50 and 60 suspected of robbing a bank in broad daylight and running off with £3,000 in cash. The robbery took place at 12.30pm at a Lloyds Bank branch in Fairwater, Cardiff, police said. Detectives have issued CCTV images of the suspect, who is 5ft 9in to 6ft and was wearing black clothing. Detectives have issued CCTV images of the suspect, who is 50 to 60, 5ft 9in to 6ft and was wearing black clothing. The white male suspect, who has greying black hair and wore glasses, was captured on camera inside the bank. Detectives said no one was injured during the robbery and they were 'confident' the public would be able to identify the suspect. Detective Sergeant Andy Miles, from Fairwater CID, said: 'Inquiries are continuing to identify the culprit. The CCTV is clear and I am confident that members of the public will know his identity. 'I can confirm there have been no reports of any injuries as a result of the incident. 'While incidents of this nature are rare in South Wales, when they do occur we will investigate them thoroughly to trace whoever is responsible. The robbery took place at 12.30pm at a Lloyds Bank branch (pictured) in Fairwater, Cardiff, police said. 'An investigation is continuing to establish what took place and we are appealing for the public's help to identify the man and for any other information that may assist our inquiries.' A spokeswoman for South Wales Police said: 'The amount stolen is somewhere in the region of £3,000. 'At this stage we do not know if he was armed, but we do know that he was seen as a clear threat when the incident took place.'' Provide only the summary as the response.",summarize
227,"Provide a concise summary of the following text: 'The Court of Arbitration for Sport has lifted Morocco's ban from the next two editions of the African Cup of Nations that was imposed by the Confederation of African Football. The North-African nation was expelled from the 2017 and 2019 tournaments and was fined $1 million by the CAF. The CAF also demanded a further $9 million in compensation, after the country pulled out because of fears related to the Ebola epidemic. Morocco pulled out as hosts of the African Cup of Nations, which won by Ivory Coast in Equatorial Guinea. Morocco can now compete in the next two African Cup of Nations after the initial ban was imposed. Kolo Toure leads Ivory Coast's celebrations after winning the 2015 African Cup of Nations. CAS said that the sanctions have been set aside, 'with the exception of the fine, which is however reduced to $50,000.' Morocco was disqualified from this year's tournament after withdrawing as host just two months before the start of the competition. Their national federation cited health risks from fans travelling from Ebola-affected regions. It asked for a delay but CAF refused and the tournament was moved to Equatorial Guinea.' Provide only the summary as the response.",summarize
228,"Provide a concise summary of the following text: 'Andros Townsend enjoyed silencing the critics with his wonder strike for England, saying naysayers like Paul Merson provided the perfect motivation for him in Italy. This has been a topsy-turvy season for the 23-year-old, who has yet to reach the heights he scaled when he first burst onto the international scene. Three Lions manager Roy Hodgson has, however, kept faith with the Tottenham winger - belief he paid back in quite exceptional fashion at the Juventus Stadium. Andros Townsend scores England's equaliser in their 1-1 friendly draw with Italy in Turin on Tuesday night. Townsend celebrates his strike with Tottenham Hotspur team-mates Ryan Mason (left) and Kyle Walker.' Provide only the summary as the response.",summarize
229,Provide a concise summary of the following text: 'Kilmarnock interim manager Gary Locke has been given the role on a permanent basis after signing a three-year deal. The former Hearts boss joined the club as assistant boss to Allan Johnston last summer but took control of the team when his ex-Tynecastle team-mate quit at the start of February. The 39-year-old - who will speak at a press conference on Friday morning - has lost just once in seven games since taking over at Rugby Park. Gary Locke has been given the job at Kilmarnock on a permanent basis after a successful interim spell. Locke shakes hands with chairman Jim Mann after signing a three-year deal at the club.' Provide only the summary as the response.,summarize
230,"Provide a concise summary of the following text: 'Scoring against your old team, and executing a perfect set-piece from the training ground are two of the most satisfying things in football. For Notts County star Ellen White, Thursday night was a night to remember as she managed both at the same time against Arsenal in the Women's Super League. In the 26th minute, with County having been awarded a free kick on the edge of the box, Laura Bassett and Alex Greenwood appeared to mess things up, the former almost running into the latter. Laura Bassett and Alex Greenwood almost run into each other, causing confusion at the free kick. Ellen White spins on the edge of the box and fires the free kick into the corner against her former club. As the Arsenal defence relaxed, the ball was shifted for White, who span and smashed it into the corner against the club where she spent three seasons. 'Thankfully it came off,' White told BBC Radio Nottingham. 'But now we can never do it again, which is a little annoying.' 'We have been working on things a little bit differently in pre-season. I'm pleased it went in because I've skied it over the bar and it has gone wide, but thankfully that one went in.' However, White also missed a penalty which would have made it 2-0, before Arsenal hit back to equalise late on and rescue a point. Arsenal equalised five minutes from time when Chioma Ubogagu netted a debut goal to earn a point.' Provide only the summary as the response.",summarize
231,"Provide a concise summary of the following text: 'Chinese parents are passionate about raising child prodigies - whether they are 10-year-old university entrants or four-year-old Michael Jackson dance-alikes. Now a new basketball superstar is on the rise. A viral video is making the rounds in China, which shows a small boy displaying a dazzling array of basketball skills that would put to shame many professional players. The five-year-old child is called Mai Zizhuo and he has been shooting hoops since he was two and a half years old, reported the People's Daily Online. The video starts off with the pint-sized player scoring a succession of hoops before running around dribbling two basketballs. His eyes are focused on the camera while handling two basketballs at the same time and still he didn't lose rhythm once. His incredible skills have won him legions of fans across basketball-mad China. The country's biggest basketball star so far has been Shanghai-born Yao Ming, who played for NBA's Houston Rockets from 2002 to 2011. Talented: Five-year-old Mai Zizhuo shows his outstanding basketball skills in a viral video. Skilful: The pint-sized player scored a succession of hoops before running around dribbling two basketballs. Praised: His incredible skills have won him legions of fans across China. Stunned by Mai's potential, netizens in China leave comments by the thousands. Lakers fan 'Siu720' said: 'I can't believe it…�?.it must be special effects!' 'NickWooster' from Fujian simply asking: 'Who is his father?' Others feel ashamed of their own basketball skills in comparison to the kid. 'Cubex' from Hunan posted: 'I want to reincarnate and start over again! What have I been doing for the past 32 years?'' Provide only the summary as the response.",summarize
232,"Provide a concise summary of the following text: 'Bayern Munich will be without versatile left-back David Alaba for the closing stages of the season after he was ruled out for around seven weeks with a torn knee ligament. Alaba, out for three months earlier this season after a partial ligament tear in his right knee, was injured while playing for Austria in their 1-1 draw against Bosnia on Tuesday. 'I am bitterly disappointed,' the 22-year-old told the club's website. 'But I have a big aim and that is to be there at the season finale.' David Alaba is tackled by Emir Spahic's tackle during Austria's 1-1 draw against Bosnia-Herzegovina. Marc Janko (left) celebrates with Martin Harnik and Alaba after he scored against Liechtenstein last Friday. He is set to start rehabilitation work in about a month, Bayern said. Alaba had been in superb form for Bayern since his comeback, helping them stay firmly on track for a treble of titles with some spectacular goals. Bayern, who are top of the Bundesliga with eight games left and through to the German Cup last eight, face Porto in the Champions League quarter-finals later this month. Alaba (left) has been in excellent form for Bayern this season as the Bavarian giants chase a treble of titles.' Provide only the summary as the response.",summarize
233,"Provide a concise summary of the following text: 'Get ready to dig deep - the impulse to buy a treat peaks today at 12.52pm. A study claims that Britons spend an average of £62 a week on rewarding themselves, with retail therapy reaching a high at lunchtime today. Treats can range from as little as a bar of chocolate or a glass of wine to designer clothes and shoes, according to research by website VoucherCodes.co.uk. A study reveals that Britons spend an average of £62 a week on rewarding themselves, with retail therapy reaching a high at lunchtime today. Treats can range from a bar of chocolate to a glass of wine. And surprisingly, men spend a third more a month than women on treating themselves. They are also more likely to lie about their expenditure and hide items they have purchased from their partners in a desperate quest to keep their shopping habits under wraps, a different survey last year found. The shoppers of Swansea are the most frivolous, with 44 per cent splurging as soon as they are paid, followed by those in Aberdeen (42 per cent) and Belfast (39 per cent). The most cautious spenders live in Wolverhampton, where only 19 per cent choose to treat themselves on pay day. Designer items (stock image above) are also popular buys and men spend a third more a month than women on treating themselves, the research claims. Other research claimed the average Brit spends £153 within 24 hours of payday - while 10 per cent splurge more than £500. Some workers said they spend so much in the 24 hours after payday because they had arranged their regular payments and direct debits to leave their accounts around that time. While others said it was because they felt like they deserved the treat.' Provide only the summary as the response.",summarize
234,"Provide a concise summary of the following text: 'Six people have been arrested in Dover on suspicion of Syria-related terrorism offences, West Midlands Police said. Five men and one woman were detained at approximately 8am this morning in the departure zone of the south coast port, according to the force's Twitter feed. Four of the men, all in their 20s, are from Birmingham, West Midlands, while a 26-year-old man and a 23-year-old woman of no fixed abode were also held. Six people were arrested at Dover this morning on suspicion of Syria-related terrorism offences, according to West Midlands Police. They are currently being questioned at a police station in the West Midlands area. Searches are taking place at a number of addresses in Birmingham and police say the arrests are part of an on-going investigation. Officers added that the suspects, who are not a family group and were not accompanied by children, did not pose any immediate risk to public safety. It comes a day after it was revealed that one of the nine Britons detained in Turkey for allegedly trying to cross the border into Syria is the son of Rochdale Labour councillor, Shakil Ahmed. Politics student Waheed Ahmed, 21, and his aunt, cousins and four children were caught by security forces in Hatay province, southern Turkey. Police are yet to confirm whether the two cases are linked. Four of the men are from Birmingham, West Midlands, and in their 20s, while a 26-year-old man and a 23-year-old woman of no fixed abode were also arrested. Sorry we are not currently accepting comments on this article.' Provide only the summary as the response.",summarize
235,"Provide a concise summary of the following text: 'Arachnophobes beware - the following will make your blood run cold. A Victorian driver got a rude shock when a massive huntsman crawled out from inside his door handle. The spine-tinging video, which was captured in Wangaratta, northeast Victoria, begins with the man approaching his black Holden Ute and spraying the door with an insect repellent. The driver  sprays his car with insect repellent, forcing a huntsman spider to reveal itself from under the door handle. ‘Get out, you bast***,�?he stoically says to the spider. But the man appears less composed when the hairy huntsman’s legs pop out, yelping and cowering back in fright. ‘That’s the creepiest thing ever,�?he says between yelling expletives. ‘It’s a bloody super-spider!�?Having endured  enough of the spray, the spider drops onto road and retreats underneath the vehicle. 'Yeah, I love living in the bush,' declares the man. The spider drops onto road and retreats underneath the vehicle, much to the drivers relief. The video has already garnered hundreds of thousands of view on social media since being uploaded on Friday. Huntsman are a breed of spiders notorious for their formidable size and speed, though their venom is not considered dangerous for humans. The video, titled ‘Nothing worse than opening your car door and feeling something furry�? was uploaded to social media on Friday. It has already garnered over 100,000 views on YouTube and 12,000 shares on Facebook. Huntsman are a breed of spiders notorious for their formidable size and speed, though their venom is not considered dangerous for humans.' Provide only the summary as the response.",summarize
236,"Provide a concise summary of the following text: 'Not everyone should be behind the wheel of a $50,000 car. That's one lesson to take away from a video posted by YouTube user Richard Stewart showing a Porsche Cayman flying out of control as it speeds from a green light on Prince Edward Island in Canada. The sports car swerves wildly before smashing into the concrete median. A wheel even comes off before the car finally comes to a halt. 'Just cause you have a nice car doesn't make you a good driver. Don't let your son drive your Porsche!"" wrote Stewart on YouTube about the crash. KHOU reports that police have not made the identity of the driver public but have said that a 31-year-old driver was cited for the crash, leaving the car a totaled as it was towed away. The footage begins with the Porsche idling at a green light. The car booms ahead at a dangerous speed. Almost immediately the driver begins to lose control. The unidentified man verse wildly across the dividing line. The car is twisting at such dangerous speeds a wheel comes loose. Finally the car comes to a halt, a total wreck waiting for the tow truck.' Provide only the summary as the response.",summarize
237,"Provide a concise summary of the following text: 'Mustafa Kamal resigned as ICC president on Wednesday, accusing India of influencing the outcome of the Cricket World Cup quarter-final against Bangladesh. 'Everyone saw what happened during the Bangladesh-India match ... India has influenced the outcome of the match using its position (in the ICC),' Kamal, a Bangladeshi, said at the airport on his return from the tournament in Australia. 'From now on, I am a former president of the ICC. I would have reacted similarly had it happened to any other country.' Mustafa Kamal, pictured with the Cricket World Cup trophy, has stepped down as ICC President. Kamal has stepped down amid accusations that India influenced the outcome of a World Cup match. Kamal, also president of the Bangladesh Cricket Board, criticised the umpires in the quarter-final, and questioned their partiality, over a disputed no-ball against India batsman Rohit Sharma. Kamal said he spoke as a fan, and not the president, but International Cricket Council chief executive Dave Richardson termed the criticism as 'unfortunate.' Kamal also said the ICC asked him to either withdraw his statement or apologise for his outburst, otherwise he would be denied the duty of handing the World Cup trophy to the winning captain at the final. Kamal presents India's Virat Kohli with a man of the match award during the 2014 World Twenty20. 'I told them during the meeting that I did not speak against any particular person or a country. Why should I apologise?,' Kamal said. 'I am the president of the ICC, to whom would I seek apology?' ICC chairman Narayanaswami Srinivasan, of India, handed over the trophy to captain Michael Clarke after Australia defeated New Zealand by seven wickets in Sunday's final in Melbourne.' Provide only the summary as the response.",summarize
238,"Provide a concise summary of the following text: 'Celta Vigo forward Nolito has declared that Lionel Messi should hit the Spanish coast on Sunday instead of risking his foot injury during their La Liga clash. The Barcelona forward has been training following a minor problem, and is set to recover in time for the trip to Celta, but 28-year-old Nolito has urged the Argentine to stay away. 'I guess he'll come, but he can spend the day at the beach as far as I'm concerned,' Nolito told Marca. 'I'll give his dad a ring in a minute.' Lionel Messi should be fit to face Celta Vigo for Barcelona after recovering from a foot injury. Barcelona forward trains alongside team-mate Javier Mascherano (centre) on Thursday. Nolito played alongside Messi for a period at Barcelona, but struggled to impress at the Catalan club that are four points clear at the top of La Liga this season. Celta currently sit 10th in the table, although Nolito insists that his team-mates do not fear Messi and Co. 'The games have to be played,' Nolito added. 'You never know what's going to happen. 'Celta aren't scared of any opposition, regardless of whether they are the best team in the world. We've got nothing to lose.' Messi was forced to sit out both of Argentina's friendlies during the international break. Celta Vigo forward Nolito has declared that Messi should head to the beach rather than playing his team.' Provide only the summary as the response.",summarize
239,"Provide a concise summary of the following text: 'Blackpool are in talks to sign Austria defender Thomas Piermayr. The 25-year-old has been training with the Championship club this week and they are keen to get him on board for what is expected to be confirmed as a campaign in League One next season. Piermayr is a free agent and had been playing for Colorado Rapids. The former Austria Under-21 international had a spell with Inverness Caledonian Thistle in 2011. Blackpool are in talks to sign Austria defender Thomas Piermayr (left), pictured playing for Colorado Rapids. He has never played in England but Blackpool could give the defender his first chance. The Tangerines are preparing for life in League One next year as they sit bottom of the Championship on 23 points ahead of their trip to Bolton on Saturday. The club had won just four matches all season - none away from home - before they made the journey to the Macron Stadium. Obafemi Martins of the Seattle Sounders dribbles against  Piermayr in April 2014 before he left.' Provide only the summary as the response.",summarize
240,"Provide a concise summary of the following text: 'Raheem Sterling has admitted he is not ready to sign a new contract at Liverpool deal despite being offered a £100,000-a-week deal to stay with the Merseyside club. The 20-year-old wideman edged closer towards an Anfield exit after revealing in an interview with the BBC on Wednesday that he would have signed for a lot less a year ago. However, despite being one of Liverpool's star men, Sterling has struggled to repeat the impressive form he showed for the Reds last season. The England international has managed just six goals this season - one less than Stoke frontman Jon Walters - while his conversion rate and minutes per goal ratio have worsened as the graphic below shows. Raheem Sterling has managed just six goals this season - one less than Stoke forward Jon Walters (left)' Provide only the summary as the response.",summarize
241,"Provide a concise summary of the following text: 'Brighton and Hove Albion are giving the club's young players training in the law and ethics surrounding sexual consent. The Championship side are the first club to provide training and counselling to its youth players, reports the BBC. The Protect, Inform and Prevent (PIP) programme aims to explain when consent can be said to have been given, in law. Brighton and Hove Albion are giving young players training in the law and ethics surrounding sexual consent. Part of the training is said to involve players taking part in confidential question and answer sessions about previous encounters and is led by a former police detective and a psychotherapist. Four current and former Brighton players were cleared of sexual assault charges in 2013. The four players were found not guilty of sexually assaulting a 19-year-old women at a Brighton hotel in 2013. The Championship club, who play at the Amex Stadium (pictured), are the first to provide such training.' Provide only the summary as the response.",summarize
242,"Provide a concise summary of the following text: 'Police investigating the murder of a five-month-old baby have today arrested her parents. The child's father, 25, and mother, 25, from Perry Barr, Birmingham, were held  after their daughter died yesterday afternoon. Police were called to their home at just before 1am yesterday morning because the baby was said to be suffering breathing difficulties. House: A baby was found dead at this home in Perry Barr, Birmingham yesterday this afternoon. The child was taken to Birmingham Children's Hospital but died hours later. A spokesman for West Midlands Police said: 'The death is being treated as suspicious; a post mortem will take place today to establish the exact cause of death. 'A 25-year-old man and a 22-year-old woman have been arrested on suspicion of murder and are currently helping police with their inquiries'. An ambulance crew was the first to arrive at the home on Tuesday evening, at around 11.45pm. Investigations: A 25-year-old man and 22-year-old woman, who may be the child's parents, were arrested by West Midlands Police. A West Midlands Ambulance Service spokesman added: 'We sent a paramedic in a rapid response vehicle and an ambulance crew was also in attendance. 'The youngster was taken to Birmingham Children's Hospital but due to the police investigation we cannot reveal any further details.' Sorry we are not currently accepting comments on this article.' Provide only the summary as the response.",summarize
243,"Provide a concise summary of the following text: 'A seven-year-old boy was raped and set on fire by two youths when he went to buy some food. The youths took the boy to an isolated place and raped him. When he resisted, they set him on fire, Inspector Sasthe told PTI. The boy, who suffered 30 per cent burns to his body, somehow managed to escape, Sasthe added. The shocking incident occurred in Pagma Nagar (located on this map), in Bhiwandi City, a suburb of Mumbai. The incident, which happened in Bhiwandi, in Mumbai (stock image) is being investigated by police. The incident took place in Padma Nagar in the city of Bhiwandi, a suburb of Mumbai, police said today. A case has been registered under Sections 307 (attempt to murder), 377 (sodomy) of the Indian Penal Code and relevant sections of the Protection of Children from Sexual Offences Act 2012. The seven-year-old boy is being treated at the Thane Civil hospital, about 30 minutes away. Police have said they are working to identify and catch the accused.' Provide only the summary as the response.",summarize
244,"Provide a concise summary of the following text: 'A pro-Ukip businessman who forced Liam Fox to resign as Defence Secretary is behind an extraordinary bid to defeat a ‘golden boy�?Tory candidate. Tycoon Harvey Boulter has already given £30,000 to the Ukip candidate fighting Fox in his Somerset seat in a continued vendetta against him. Boulter is also spending another £30,000 to try to defeat Tom Tugendhat, who is standing for the Tories in Tonbridge and West Malling, Kent. Scroll down for video. Pro-Ukip businessman Harvey Boulter (above), who forced Liam Fox to resign as Defence Secretary, is behind an extraordinary bid to defeat a ‘golden boy�?Tory candidate. Tugendhat’s father, Sir Michael Tugendhat, is the High Court judge who awarded Fox a six-figure sum in damages after he sued Boulter for libellous remarks made on Sky TV. Fox resigned from the Cabinet in 2011 after Boulter revealed details of how Fox’s close friend, businessman Adam Werritty, accompanied him on overseas trips as Defence Secretary. Mr Boulter said: ‘This may look like naked revenge and in a sense it is. I was outraged with what happened in the court case.�?A Tory Party spokesman last night declined to comment. Fox (above) resigned from the Cabinet in 2011 after Boulter revealed details of how Fox’s close friend, businessman Adam Werritty, accompanied him on overseas trips as Defence Secretary.' Provide only the summary as the response.",summarize
245,"Provide a concise summary of the following text: 'He has been seen in toast, pancakes, crisps and even ice cream. But a builder was stunned when he spotted Jesus Christ on a plank of wood just a few days before Easter. Paddy Morrall noticed the full-length Christ on a snapped scaffolding board  in Inverness, Scotland, on Wednesday. Scroll down for video. Paddy Morrall noticed the full-length Christ on a snapped scaffolding board in Inverness, Scotland, on Wednesday. The son of God appeared wearing a robe after the joiner and colleagues left the piece of wood out in the rain for several hours. The 31-year-old builder, from Keighley, near Bradford, has kept the board. He said: 'We didn't take it too seriously but it really did look like him. We thought it was a bit crazy. 'It's the first time I've seen anything like this. I'm not a normally a religious guy but it is Easter. 'We all thought it was pretty mad.' It comes two days after a shop assistant spotted the image of Christ on a hot cross bun. It comes two days after a shop assistant from Peterborough, Cambridgeshire, spotted the image of Jesus Christ on a hot cross bun. An Arizona woman similarly got an early Easter surprise when she saw the image of Jesus Christ in her dental x-rays during a check-up last month. Lindsey Norman noticed the uncanny resemblance in a six pack of £1 buns she had purchased from her local Sainsbury's in Peterborough, Cambridgeshire. An Arizona woman similarly got an early Easter surprise when she saw the image of Christ in her dental x-rays during a check-up  last month. He appeared in one of Kym Ackerman's left-side molars on March 25.' Provide only the summary as the response.",summarize
246,"Provide a concise summary of the following text: 'Most fans wants to get their hands on a rare piece of memorabilia once belonging to their favourite player or team and little bits of history can fetch thousands of pounds on the open market. But you may be surprised to know that an expired passport of Paul Parker - most famous for playing right back for Manchester United and England during the nineties - was listed on eBay for an eye-watering £5,000. The item was listed earlier in March and bidding ended on Tuesday but it is unclear whether anyone actually stumped up the sizeable sum being quoted. Ex-Manchester United and England defender Paul Parker's old passport was listed on eBay. The former defender's expired passport was listed for £5,000 but the seller was open to offers. 'This listing was ended by the seller because the item is no longer available,' read the message on eBay. Although the old passport was listed for £5,000, the seller made it clear he was open to negotiation, asking potential buyers to 'make me an offer and see if I accept'. Parker (right) played for Manchester United between 1991 and 1996 and won two league titles at Old Trafford. Parker closes down Holland forward Marco van Basten during one of his 19 caps for England. The eBay seller described Parker, 50, as an 'ex-Manchester United and Chelsea legend' but, while he made more than 100 appearances for United and won two league titles, his grand total of four outings for the Blues doesn't quite merit legendary status. Parker made 19 international appearances but his United and England career ended largely because of the emergence of Gary Neville.' Provide only the summary as the response.",summarize
247,"Provide a concise summary of the following text: 'Karim Benzema showed his talents aren't just limited to the football pitch as the Real Madrid star posted a video showcasing his rapping skills while cruising along in his Bugatti Veyron. As Real Madrid prepare for their La Liga clash against Granada at the Bernabeu on Sunday, Benzema shared a video of him singing along to Tupac's classic track 'Check Out Time'. Tupac's track 'All Eyez on me' might have been a more suitable choice for the Los Blancos star, however, as Benzema looks to add to his goal tally of 20 goals in all competitions so far this season. Real Madrid and France forward Karim Benzema sings along to Tupac in his Bugatti Veyron. Benzema boldly stated earlier this week that he can win the Ballon d'Or award during his career. The France international is confident his club success at the Bernabeu can force his way into contention for the prestigious award. However, Benzema's Real team-mate Cristiano Ronaldo has picked up the last two accolades for the world's best footballer whereas Barcelona talisman Lionel Messi prevailed between 2009-12. Benzema vents his frustration during France's recent 3-1 loss to Brazil at the Stade de France in Paris. Despite the duo's dominance, Benzema is adamant he can compete for the title if he continues to perform for Real Madrid and at international level. 'If I keep winning titles then I can win this award in future,' he told Le Parisien. 'We have Cristiano Ronaldo and Messi, the two best players. We know I won't reach 80 or 100 goals in a season. They can do that.' Benzema (right) has scored 20 goals, in all competitions, for Real Madrid this season.' Provide only the summary as the response.",summarize
248,"Provide a concise summary of the following text: 'Three people have been taken to hospital following a head-on collision between a vintage sports car and a 4WD. The crash happened on Easter Sunday night on Warringah Road in Frenchs Forest, northern Sydney at a traffic light intersection. The 1973 E-Type Jaguar, which is thought to be worth over $120,000 was completely written off when it came up against the Toyota Kluger on their Sunday drive. A 1973 E-Type Jaguar has been involved in a crash with a Toyota Kluger. Nobody was hurt in the collision, however all three adults were taken to hospital as a precaution. NSW police told Daily Mail Australia that they are still investigating the circumstances surrounding the devastating collision. The photos of the crash were posted to the NSW Traffic and Highway Patrol Command's Facebook page, where car enthusiasts were quick to sympathise with the owner of the classic Jaguar. The crash occurred on Warringah Road in Frenchs Forest. 'That is a really, really rare car. They go for over $120,000. I feel sorry for the owner,' one Facebook user said. 'How could a modern car hit a classic car - I just don't know. We need to admire and respect drivers that take the time to restore and drive classic cars. It's part of our motoring history,' another commenter said. 'As a car enthusiast I died a little,' one user said. The $120,000 Jaguar was completely written off in the crash. The crash comes after police warned motorists to obey the road rules over the Easter long weekend or risk 'ending up in custody, hospital or the morgue'. Extra police are on duty during the annual Operation Tortoise, which sees the force crack-down on drink-driving and reckless driving.' Provide only the summary as the response.",summarize
249,"Provide a concise summary of the following text: 'Villagers from Shandong Province in eastern China have reportedly resorted to transporting natural gas in plastic bags. Recent images show intrepid residents from Lijin village in Dongying city carry the explosive in bags as long as six metres on rickshaws, reported the People’s Daily Online. Worried passers-by compared this behaviour to carrying a bomb on their backs because any contact with a naked flame or even a cigarette could spell disaster. Gas-guzzler: Carrying natural gas in huge plastic bags is a common scene in some villages in Shandong. Penny-pinching: Local media suggest this is a way for villages to save money on the transportation of gas. This reckless behaviour has been reported on as early as May 2011 in Zibo city in Shandong. It has since spread to different parts of the province. Netizens and media suggest this is a way for the locals to save money on transportation. Some suggest they are actually stealing gas. An earlier undercover investigation by Anhui Satellite TV Station shows that villagers in Zibo have little understanding of the dangers, claiming it to be safe. Unaware of danger: Previous investigation discovered that residents had little understanding of the hazards. The news clip documented villagers and even school pupils stealing gas from a large roadside container. Their plastic bags were inflated within minutes, and they carried them off before someone else came along to do the same. Villagers told the undercover reporter transporting gas this way isn't dangerous at all. Questions are now being raised within China about why the authorities have taken no steps to ban this practise after all these years. Unprotected: The gas bags are sealed in a basic manner. Passers-by worry they could spell disaster any time.' Provide only the summary as the response.",summarize
250,"Provide a concise summary of the following text: 'Baseball has long been considered America's favorite pastime, so it should come as no surprise that most people feel very strongly when it comes to their favorite professional team. And there are no two baseball teams that are greater, or more storied, than eternal rivals the New York Yankees and Boston Red Sox, who come in first and second respectively in terms of the number of people who claim them as their favorite. Also making a very impressive showing are the Texas Rangers and Atlanta Braves, who have fans across a wide area in the South. Then there are a few teams who don't get as much love - like the New York Mets. Scroll down for video. A new Facebook graph reveals the favorite baseball teams in the country by sorting through people's likes and breaking down winners by county. The New York Yankees (left) and Boston Red Sox (right) come in first and second respectively in terms of the number of people who claim them as their favorite. The Mets are not the favorite team in one county in the country, with fans in their area seeming to all go for the Yankees. Same goes for the Oakland Athletics. The Toronto Blue Jays can also claim almost all of Canada, though the Yankees and Red Sox are also favorites in some areas. The graph, created by Facebook, uses profile likes and then breaks the individuals down by country to determine a winner. And with the exception of those aforementioned Yankees, Red Sox and recent World Series champs San Francisco Giants, who get some love in Hawaii, most teams only really get support near their home field.' Provide only the summary as the response.",summarize
251,"Provide a concise summary of the following text: 'A teenage girl has appeared in court accused of plotting to travel overseas to join Kurdish rebels in the fight against the Islamic State. Sixth-form student Silhan Ozcelik, 18, went missing from her Kurdish family’s home in north London last October, while she was still only 17. The Old Bailey head how Ozcelik travelled on the Eurostar with another man to Stuttgart, Germany, where the Kurdish Workers�?Party (PKK) youth movement have its headquarters. Sixth-form student Silhan Ozcelik, 18, is accused of preparing to carry out a terrorist attack in October 2014. The teenager, who is of Kurdish heritage, was then detained at Stansted Airport after she returned to the UK from Germany on January 16. Ozcelik, from Clissold Park, north London, has been charged with one count of engaging in preparation for terrorist activity in October 2014. As the hearing was taking place, protestors gathered outside the Old Bailey with banners and flags to voice their disapproval at the trial. The Kurdistan Workers’s Party (PKK) is a Kurdish rebel organisation founded in 1978, originally fighting for self-determination and political rights for Kurds in Turkey. As the hearing was taking place, protestors gathered outside the Old Bailey with banners and flags to voice their disapproval at the trial. More recently PKK have been fighting to relieve Kurdish enclaves, such as Kobani in Syria, which has come under attack from ISIS. PKK is listed as a terrorist organisation by NATO, the United States and the European Union. After appearing in court today via videolink, the teenager was again in remanded in custody by Mr Justice Sweeney. She is due to enter pleas to the allegations on June 12. Her trial date is set for September 7. Sorry we are not currently accepting comments on this article.' Provide only the summary as the response.",summarize
252,"Provide a concise summary of the following text: 'Caykur Rizespor midfielder Ludovic Obraniak was taken to hospital with a suspected heart problem after being substituted during his side's match against Fenerbahce on Saturday. The Poland international had to be replaced after just 30 minutes before being taken for tests. Caykur Rizespor revealed on social media that Obraniak was not in any immediate danger following preliminary tests. Ludovic Obraniak (left) is currently on loan at Caykur Rizespor from German side Werder Bremen. Moussa Sow celebrates after scoring for Fenerbahce during their 5-1 win on Saturday. There were fears that the 30-year-old, who is on loan from Bundesliga club Werder Bremen had suffered a heart attack but he appears to have given the all-clear. Fenerbahce went on to win the game 5-1 tomove to the top of the Turkish Super Lig.' Provide only the summary as the response.",summarize
253,"Provide a concise summary of the following text: 'Former Holland forward and assistant coach Patrick Kluivert has made a winning start in World Cup qualifying as coach of Curacao. The Caribbean island team advanced to the second qualifying round in CONCACAF for the 2018 tournament late Tuesday. Curacao drew 2-2 in a second-leg match at Montserrat to win 4-3 on aggregate. Kluivert's team won 2-1 on Saturday in Willemstad. Patrick Kluivert has helped Curacao progress to the next stage of 2018 World Cup qualification. Former Holland assistant Kluivert (far right) worked with Louis van Gaal (centre) at the 2014 World Cup. The first-round encounter was headed to extra time on Tuesday until former Holland Under 21 international Charlton Vicento scored in the 87th minute, five minutes after coming on as a substitute. Curacao face Cuba in the next round, on June 8 and 16. Kluivert, whose mother is from Curacao, was a World Cup losing semi-finalist in 1998 as a player, and last year as assistant to coach Louis van Gaal.' Provide only the summary as the response.",summarize
254,"Provide a concise summary of the following text: 'Edinburgh welcome back three Scotland internationals for Sunday's European Challenge Cup quarter-final with London Irish. Dougie Fife, Alasdair Dickinson and Ross Ford were all rested for last week's Guinness Pro12 26-15 win over Scarlets in Llanelli following their efforts for the Dark Blues during the RBS Six Nations. But the trio have been recalled by head coach Alan Solomons for the Madejski Stadium clash with the Exiles as the South African looks to name is strongest XV. Dougie Fife is one of a trio of Scottish players returning to Edinburgh following Six Nations duty. England's Courtney Lawes (left) is tackled by Scotland's Ross Ford (centre) and David Denton. He said: 'When one gets to the play-off stage of a competition each game is a one-off. We are well aware of that and know that we will need to be at our best on Sunday.' Fife returns to the right wing while the rest of the backline remains in place following last Saturday's victory in Wales. Jack Cuthbert starts at full-back, with Tim Visser on the left wing. The centre pairing of Andries Strauss and Phil Burleigh is retained, while scrum half Sam Hidlago-Clyne - the competition's top scorer with 53 points - and stand-off Greig Tonks continue their half-back combo. Edinburgh coach Alan Solomons has named his strongest XV heading into the key clash with London Irish. In the pack, prop Dickinson and hooker Ford reclaim their places, with Willem Nel remaining at tighthead. Anton Bresler and Ben Toolis start in the second row lock. Captain Mike Coman misses out after sustaining a head knock against Scarlets, so Roddy Grant moves up from the bench to start as blindside flanker. Hamish Watson and David Denton retain their places at openside and number eight respectively, leaving Ford to skipper the side.' Provide only the summary as the response.",summarize
255,"Provide a concise summary of the following text: 'Sri Lanka's Kumar Sangakkara should reconsider his decision to retire from limited overs cricket and continue for another year, the country's sports minister said on Wednesday. Sangakkara bid farewell to the one-day game on March 18, disappointed with a World Cup quarter-final defeat and saying that he was happy Sri Lanka were in a better place than when he came into the side in 2000. 'At this moment as the sports minister, I humbly request Kumar Sangakkara to render his service to the country for another one year period,' Navin Dissanayake told reporters after appointing a new interim body to run the sport headed by former test cricketer Sidath Wettimuny. Kumar Sangakkara plays a shot during Sri Lanka's quarter final defeat at the World Cup. Sangakkara scored four successive centuries before bowing out of the Cricket World Cup. 'I spoke to him when I was in New Zealand. He was very disappointed about what was happening here. But now I think he might change his mind if Sidath talks to him.' Sangakkara, the elegant lefthander scored 45 runs against South Africa to take his last World Cup tournament tally to 541, including a record four successive centuries. The 37-year-old, who will continue playing Tests, has accumulated 14,234 one-day runs -- second only to Indian great Sachin Tendulkar -- and the greatest number of dismissals by a wicketkeeper. Sangakkara will play for English county side Surrey this season. The 37-year-old waves to the crowd after losing to South Africa in Sydney. Sri Lanka sports minister Navin Dissanayake has asked the batsman to reconsider his decision.' Provide only the summary as the response.",summarize
256,"Provide a concise summary of the following text: 'Crystal Palace manager Alan Pardew insists Manchester City can come from behind again to snatch the Barclays Premier League title from Chelsea. City overtook Liverpool with one match to go before being crowned champions last season and in 2012, Sergio Aguero's injury-time strike in the final game sank Manchester United on goal difference. Chelsea are currently six points clear at the top of the table with a game in hand but Pardew, whose Palace side host City on Monday, believes the race is far from over. Alan Pardew cups his ears during a clash between Crystal Palace against Stoke and the Eagles boss has refused to rule Manchester City out of the title race. Manchester City won the Premier League title last season after going top with one game to play. Sergio Aguero's dramatic injury time winner against QPR in 2012 sealed City's first Premier League title win. 'Of course they are still in the title race, it's been proven many times the race is never over,' Pardew said. 'Even when City won it, it went to the last seconds. 'It's the great thing about the Premier League, you can't take victories for granted.' Pardew has no fresh injury concerns ahead of the match against City. Marouane Chamakh, Fraizer Campbell (both hamstring) and Jordon Mutch (thigh) are still out while captain Mile Jedinak is suspended.' Provide only the summary as the response.",summarize
257,"Provide a concise summary of the following text: 'Toby Alderweireld will return to Atletico Madrid when his season-long loan finishes at Southampton, according to the Spanish club's sporting director Jose Luis Perez Caminero. The Belgian defender, 26, has impressed this season on the South Coast, and has hinted in the past that he would like to remain permanently in the Premier League, with Tottenham also believed to be admirers. But Atletico say they are counting on Aldeirwereld to return to La Liga, as well as Oliver Torres who has been plying his trade in Portugal with Porto. Toby Alderweireld will return to Atletico Madrid once his loan spell ends at Southampton. 'Our coaches follow a detailed monitoring of all the players that are loaned to other teams,' Caminero told Atletico's official website. 'We are very pleased with their performance and growth in general. Oliver [Torres] and Alderweireld, for example, are finishing a very good season with Porto and Southampton and we are counting on them for the next campaign.' Alderweireld contract expires in June 2017, and has been a key part of a defence with Southampton that has seen Ronald Koeman's side challenge for the Champions League places. Alderweireld holds his head during Belgium's Euro 2016 qualifier with Israel in Jerusalem last week.' Provide only the summary as the response.",summarize
258,"Provide a concise summary of the following text: 'Lionel Messi and Cristiano Ronaldo are billed as two great rivals of modern day football but if former Brazil striker Ronaldo has his way, they could one day be in the same team. The 2002 World Cup winner is a co-owner of second tier United States side Fort Lauderdale Strikers and Ronaldo wants to leave no stone unturned in his quest to make the side a major global force. The ex-Barcelona and Real Madrid striker admitted his desire to see the best talent in the world at his club. Ronaldo says he 'would pay out of his own pocket' to sign Lionel Messi to his United States football team. Cristiano Ronaldo is also a target for ex-Brazil and Inter Milan striker's US team. Ronaldo is a co-owner of second tier United States team, Fort Lauderdale Strikers. 'I would pay from my own pocket to sign Messi,' Ronaldo is reported as saying in Marca. 'This club will be great. Why not Messi, Cristiano Ronaldo why not? In a few years we can achieve it. Nothing is impossible.' Ronaldo believes that football will continue to grow in popularity in the United States and that the lifestyle on offer in America appeals to the elite calibre of players. 'The US is the second country in the world after China, where football grows,' Ronaldo said. 'Many famous players want to come to play South Florida for the quality of life. Who would not want to live here?'' Provide only the summary as the response.",summarize
259,"Provide a concise summary of the following text: 'Ulster have announced the signing of New Zealand international Charles Piutau. Piutau, who can play full back, wing or centre, has agreed a two-year deal from July 2016. He has won 14 caps for the All Blacks, making his Test debut against France two years ago. 'To secure someone of Charles' ability is hugely exciting for us,' Ulster team manager Bryn Cunningham said. New Zealand international Charles Piutau will join Ulster on a two-year deal from 2016. The 23-year-old has played for the Blues in New Zealand since 2012 and has won 14 caps for the national side. 'Our aim is to produce local players with the ability to play for Ulster and Ireland, and then supplement them with top-quality internationals. 'As he has shown for both the (Auckland) Blues and New Zealand, he has searing pace and great feet. He has an exceptional off-loading game and he is rock-solid in defence. 'He also possesses leadership qualities and maturity beyond his years, and that came across strongly in my conversations with him.'' Provide only the summary as the response.",summarize
260,"Provide a concise summary of the following text: 'Swansea's England Under 21 international Tom Carroll faces up to six weeks on the sidelines due to ankle ligament damage. Carroll, who is on loan from Tottenham, was hurt during England Under 21s' 1-0 victory over the Czech Republic last Friday. He scored the only goal as England triumphed in Prague. Tom Carroll celebrates after scoring the winning goal for England Under 21s against Czech Republic. The Swansea midfielder is mobbed by his team-mates after steering the U21s to victory on Friday. Carroll has made 18 appearances for Swansea during his season-long loan spell from Tottenham. A Swansea spokesman has confirmed that the 22-year-old midfielder is now expected to be out for between four and six weeks. Carroll has so far made 18 appearances for the Swans after joining them last summer on a season-long loan. Swansea manager Garry Monk, meanwhile, is understood to be awaiting results of a scan on winger Jefferson Montero, who reportedly suffered a muscle strain playing for Ecuador against Mexico last weekend. Swansea resume their Barclays Premier League on campaign on Saturday when they host Hull City.' Provide only the summary as the response.",summarize
261,"Provide a concise summary of the following text: 'Brazil's World Cup stadium in Natal is up for sale as the company that owns it is suffering from cash flow problems following a corruption scandal. Natal's Dunas Arena is being sold by owner Grupo OAS, with the company also trying to sell the 50 percent share it owns of the Fonte Nova arena in Salvador. The company has struggled for months with the impact of a corruption investigation at state-controlled oil company Petrobras, which undercut the builder's access to financing. A general view of Natal's Dunas Arena during the World Cup match between Italy and Uruguay last year. An economic downturn, government austerity and a slumping currency has also taken its toll, leading to Grupo OAS to announce it is selling its stakes in the stadiums and other businesses to focus on the core construction business. OAS spent 591 million reais (around £126 million) on completely rebuilding the old Fonte Nova arena in Salvador and 423 million reais (£90 million) on the new Dunas area. The Fonte Nova hosted six games in the 2014 tournament and the Dunas Arena four. The announcement was the latest in a string of bad news for Brazilian football post-World Cup. Holland take on Costa Rica in a World Cup quarter-final at Salvador's Fonte Nova arena last July. Earlier this week Esporte Club Bahia, one of the biggest clubs in Salvador, said they were abandoning plans to use the Fonte Nova because they felt the owners did not respect their fans. Several other stadiums have seen bigger crowds for concerts and religious events than for football and the ground in Cuiaba was closed because of structural problems.' Provide only the summary as the response.",summarize
262,"Provide a concise summary of the following text: 'The Barclays Premier League have announced the final set of televised fixtures for the 2014-15 season. As the campaign reaches its climax, both Sky Sports' and BT Sport's allocation have been revealed with the race for the Champions League featuring prominently. Chelsea vs Liverpool on May 10 and Manchester United vs Arsenal on May 17 are arguably the standout games from the live batch. The TV schedule for the final day of the season, Sunday, May 24, will be announced at a later date. Juan Mata celebrates scoring for Manchester United at Liverpool last month in a live TV match. Manchester United beat Arsenal at the Emirates in the Premier League earlier this season. Saturday, May 2. 12.45pm: Leicester City v Newcastle United (BT Sport) 5.30pm: Manchester United v West Bromwich Albion (Sky Sports) Sunday, May 3. 1.30pm: Chelsea v Crystal Palace (Sky Sports) 4pm: Tottenham Hotspur v Manchester City (Sky Sports) Monday, May 4. 8pm: Hull City v Arsenal (Sky Sports) Saturday, May 9. 12:45pm: Everton v Sunderland (BT Sport) 5:30pm: Crystal Palace v Manchester United (Sky Sports) Sunday, May 10. 1:30pm: Manchester City v Queens Park Rangers (Sky Sports) 4pm: Chelsea v Liverpool (Sky Sports) Monday, May 11. 8pm: Arsenal v Swansea City (Sky Sports) Saturday, May 16. 12:45pm: Southampton v Aston Villa (BT Sport) 5:30pm: Liverpool v Crystal Palace (Sky Sports) Sunday, May 17. 1:30pm: Swansea City v Manchester City (Sky Sports) 4pm: Manchester United v Arsenal (Sky Sports) Monday, May 18. 8pm: West Bromwich Albion v Chelsea (Sky Sports)' Provide only the summary as the response.",summarize
263,"Provide a concise summary of the following text: 'Five people, including the son of the governor of Sao Paulo, have died after a helicopter crashed into a house in the Brazilian city. According to official sources Thomaz Alckmin, son of Geraldo Alckmin, the city governor, was one of the victims after the aircraft came down in a residential neighborhood,. The crash happened in the Carapicuiba area on the outskirts of Sao Paulo at around 5.20pm local time yesterday. Scroll down for video. The helicopter came down on a house in the Carapicuiba area of Sao Paulo killing five people, one of whom was reportedly Thomaz Alckmin, son of Sao Paulo governor Geraldo Alckmin. No one was thought to have been in the house, the roof of which was clearly devastated by the impact. It is thought the damaged house had been under construction. It is understood three mechanics were killed. A friend of the younger Mr Alckmin, Carlos Isquerdo, was piloting the helicopter. Television reports showed aerial footage of firefighters working on the crash scene, which was strewn with the shattered remnants of the craft. No one was thought to have been in the house, the roof of which had been devastated by the impact. Officers could be seen evacuating residents from the area. It is also understood the damaged house was under construction. Authorities said they were investigating the cause of the crash. According to reports the aircraft was making a test flight after the exchange of a main rotor blade. It is understood three mechanics, as well as the pilot, were among the dead. Firefighters and policemen set up a cordon in the Sao Paulo off street where the helicopter crashed yesterday. The crash happened in the residential area of Carapicuiba. Authorities said they were investigating the cause.' Provide only the summary as the response.",summarize
264,"Provide a concise summary of the following text: 'Venezuela captain Juan Arango has apologised to a rival player after biting him on the shoulder at the end of a tempestuous Mexican league match. Arango's Tijuana side were losing 4-3 to Monterrey with just seconds left when he went up to midfielder Jesus Zavala and bit him. 'I did something I shouldn't have done with Zavala,' the 34-year old midfielder said. Juan Arango (left) bites the shoulder of opponent Jesus Zavela in a moment of madness. Zavala holds his shoulder after being bitten by Arango, in the game Zavala's side won 4-3. Zavala shows the referee the mark on his shoulder after being bittern by Arango. Arango (right) earlier scored a magnificent free kick to bring his club Tijuana team level against Monterrey. 'I spoke to him after the game and apologised, it was a very hot-blooded game, I got heated up, I took that negative attitude, that isn't me but unfortunately it happened. We exchanged shirts after the game, we spoke and that's it over.' Zavala fell to the ground and later posted a photo of the bit mark on social media. The incident was reminiscent of Uryguayan Luis Suarez's bite on Italian Giorgio Cheillini's shoulder during last year's World Cup. Suarez was given a nine-game suspension from international matches and a four-month ban from league action. The referee in Sunday's Mexican league game ended the game seconds after the bite and did not take action against Arango. The league's disciplinary commission could still punish him. Tijuana are top of the table with 23 points from 12 games. Monterrey are in 10th on 16 points.' Provide only the summary as the response.",summarize
265,"Provide a concise summary of the following text: 'La Liga strugglers Almeria have named former Barcelona player Sergi Barjuan as their third coach of the season. The 43-year-old Barjuan replaces Juan Ignacio Martinez, who was fired on Sunday, a day after Almeria lost 4-1 at home to Levante. Almeria confirmed that if all the necessary paperwork is complete Barjuan will coach Almeria's away match at Barcelona on Wednesday. Almeria have named former Barcelona defender Sergi Barjuan (right) as the club's new manager. Barjuan made 53 international appearances for Spain between 1998 and 2004. Barjuan spent nine years at Barcelona as a defender and played in two World Cups for Spain. He coached Recreativo in Spain's second division from 2012-14. Almeria are in the relegation zone after failing to win in seven straight matches. The club fired their first manager of the season, Francisco Rodriguez, in December.' Provide only the summary as the response.",summarize
266,"Provide a concise summary of the following text: 'From kittens for sale to handymen for hire, the majority of ads posted in newsagents' windows are practical ones. But for one lonely heart, it proved the perfect alternative to internet dating after a man, known only as John, used it to advertise for someone special. In the post, which has gone viral after being photographed and put online, the man sets out his requirements and offers 'a way of life with quality'. 'John' who is reportedly a builder posted this advert in his local newsagents, it has since gone viral after it was spotted by a passer by. John posted his advert, which is written in capital letters in black pen, in the window of his local newsagents in Muswell Hill. It reads: 'John looking for a companion an apprentice / worker / lover for a craft that will change your life and bring you a way of life with quality. It then details a phone number and says: 'Contact... Or call me for interview must be female between 30yrs - 40yrs.' Unfortunately for prospective lovers, John did not specify precisely what the 'craft' referred to was. John placed is advert in a corner shop much like this one (stock photo) The lonely heart, which was posted last week, has now gone viral after it was spotted by an eagle-eyed passer by. The anonymous Londoner then posted a picture of the ad on a Facebook account dedicated to London life where it went viral. One user on the Facebook group jokingly commented: 'I seem to remember this is how that film Saw starts?'' Provide only the summary as the response.",summarize
267,"Provide a concise summary of the following text: 'Helsinborg manager Henrik Larsson was forced to play his 42-year-old kit man in goal on Saturday. The former Celtic and Barcelona striker had no option but to play Daniel Andersson  with goalkeepers Par Hansson and Matt Pyzdrowski out injured. Astonishingly, the emergency stopper kept a clean sheet as Helsinborg drew 0-0 against Kalmar in the Allsvenskan season opener. Helsinborg manager Henrik Larsson was forced to play 42-year-old kit man Daniel Andersson in goal. Speaking to local TV after the game, Andersson - a retired goalkeeper who earned one cap for Sweden in 2001 - said: 'It was a scenario that I never could have prepared myself for. Going from kit man, to goalie coach, to playing. 'I am a goalie coach first and foremost. But now I have set the standard.' Larsson added: 'You have to be impressed. He [Andersson] is almost 43 and didn’t make a mistake in this game. I’m very happy to have Daniel Andersson multi-tasking for our club.' Andersson made 130 appearances for the club between 2004 and 2009 and also spent a season with Scottish club Hibernian during a 22-year playing career. Larsson, pictured in 2013, was impressed with Andersson's display during Helsinborg's 0-0 draw with Kalmar.' Provide only the summary as the response.",summarize
268,"Provide a concise summary of the following text: 'An Australian kangaroo has hopped to it's freedom, shocking onlookers in West Germany. Police in Rhein Erft, received a bizarre phone call explaining that a large kangaroo was spotted 'happily' hopping through a field. They immediately assumed it was a April Fools prank and dismissed the strange call. Scroll down for video. Police in Rhein Erft, Germany initially dismissed reports that a kangaroo was found hopping in a field nearby. They discovered that the call was in fact serious and later found the Australian marsupial in a field in Bruhl. It wasn't until the caller was questioned in detail and provided 'very believable' answers, that the police realised that they were telling the truth. They were shocked to find a large, Australian kangaroo 'happily' hopping through a field in the town of Bruhl, 20 kilometres south of the city centre of Cologne. They attempted to capture the beast with the help of the local fire department, to no avail reported Deutsche Welle news. Police instead began to work on finding out who the marsupial belonged to. The owners later came forward and it is believed that the animal's fencing was damaged due to severe storms. They contacted a travelling circus who had recently passed through the area but they could account for all of their kangaroos. The owners later contacted police after their kangaroo had returned to it's enclosure. It is suspected that the animal's fencing was damaged after the severe storm names 'Niklas' by German meteorologists battered through Europe. The super storm had gusts of up to 192 kilometres per hour and was one of the most powerful storms in recent years.' Provide only the summary as the response.",summarize
269,"Provide a concise summary of the following text: 'Social media has reacted after Channel 7 managed to let a questionable name appear on screen during one of Australia’s biggest charity telethons. TV hosts stood by unaware that philanthropist Hugh G. Rection made a generous donation of $32.38, which earned his name some valuable screen time. Twitter users were quick to identify the blunder. Twitter users were quick to notice Hugh's generous donation. In a record breaking effort The Royal Children’s Hospital’s Good Friday Appeal managed to rake in over $17.1 million that will be put towards vital research and facilities to benefit their young patients. The massive effort foreshadowed the $16.8 million donated at last year’s event. While a host of people rattled tins for donations around 1500 volunteers were madly counting the offerings. Every year the Good Friday Appeal calls on people from all parts of the community to help raise much needed funds to support the work of The Royal Children’s Hospital. Twitter users react to onscreen blunder where Channel 7 allowed the name Hugh G. Rection to feature on the screen during the broadcasting of The Royal Children’s Hospital’s Good Friday Appeal.' Provide only the summary as the response.",summarize
270,"Provide a concise summary of the following text: 'No Tiger Woods and no Rory McIlroy in the field is proving no problem in Houston, where record numbers have descended on the small suburb of Humble for the Shell Houston Open. The last tournament before the Masters is proving quite a show-stopper itself thanks to the crowd-pleasing antics of the popular Phil Mickelson and local boy Jordan Spieth. It’s 18 months now since Spieth attracted criticism for giving up on university and joining the PGA Tour as the 809th ranked player in the world. Spieth, only 21, has since risen to number four in the world. Funnily enough, no-one’s criticising him anymore. Spectators have flocked to see Texas local boy Jordan Spieth in action at the Shell Houston Open. Spieth's fellow American Phil Mickelson has also impressed in the run up to the Masters. In seven starts this season Spieth, who finished runner-up on his Masters debut last year, has finished outside the top seven only twice, and here a second-round 66 lifted him to within three shots of the leader, Andrew Putnam. As for Mickelson, he’d hardly played a decent shot this year before posting rounds of 66 and 67 to be one stroke behind at halfway. The stage was set beautifully, therefore, for the two Americans at opposite ends of their careers. Englishmen Justin Rose and Paul Casey were also going well at five shots off the pace.' Provide only the summary as the response.",summarize
271,"Provide a concise summary of the following text: 'The Miami Open is threatening to turn into national cake week, after Serena Williams became the latest recipient of a giant celebration present after she clocked her 700th career victory. The day following Andy Murray’s 500th win another huge cake was wheeled out to mark Williams reaching the semi-final with a 7-6, 1-6, 6-3 progression over Germany’s Sabine Lisicki. Williams’s hopes of another meeting with sister Venus were dashed by her elder sibling’s defeat to Spain’s Carla Suarez Navarro, but the world No 1 was intent on staying alive in what is the nearest thing she has to a hometown event. Serena Williams strikes a pose next to her cake after recording her 700th career victory. Williams beat Sabine Lisicki in three sets on Wednesday to progress to the semi-finals of the Miami Open. Willaims celebrates as the world No 1 sealed a match against either Sloane Stephens or Simona Halep. Andy Murray pretends to take a bite out a celebratory cake presented to him after winning his 500th match. In a battle of two huge servers, Williams seemed to give away the second set but eventually gained a measure of revenge for the shock defeat she suffered at Wimbledon 2013 against the same opponent, who has never quite been the same since. Williams will face Romania's Simona Halep for a place in the final after the third-seed beat Sloane Stephens 6-1, 7-5. Williams plays a backhand during her quarter-final at Crandon Park in Florida on Wednesday. Lisicki and Williams shake hands at the net after the tight match at the Miami Open. Simona Halep celebrates after beating Sloane Stephens to reach the Miami Open semi-finals.' Provide only the summary as the response.",summarize
272,"Provide a concise summary of the following text: 'Somerset's new limited-overs captain Alfonso Thomas has agreed to coach Delhi Daredevils in the Indian Premier League this month. Veteran seamer Thomas, still recovering from a broken ankle, is not yet fit for selection for Somerset's first LV= County Championship fixture at home to Durham - and is therefore free, with his club's blessing, to take up the short-term coaching appointment with Delhi until April 16. Veteran Somerset seamer has agreed a deal to become Delhi Daredevils coach in the Indian Premier League. Somerset director of cricket Matthew Maynard said: 'The chance arose for him to take on a short-term coaching role at Delhi - which is great experience, should he wish to move into coaching in the future.' Thomas will continue his rehabilitation in India in the hope of being fit again in time for Somerset's second championship fixture against Middlesex at the end of this month. He said: 'I have enjoyed my time as a player in the IPL, and this is a great opportunity to gain coaching experience in the short term - and to work with Gary Kirsten - which I am really looking forward to'.' Provide only the summary as the response.",summarize
273,"Provide a concise summary of the following text: 'Moeen Ali is planning to join England for the latter stages of their Test tour of the West Indies, as his side injury continues to improve. The off-spinning all-rounder hurt himself during England's failed World Cup campaign, and was therefore not available when the selectors chose the Caribbean squad. Moeen Ali trudges off after being dismissed against New Zealand during the World Cup. Moeen enjoyed a successful introduction to Test cricket last summer, picking up 22 wickets in seven Tests. They nonetheless left open from the outset the possibility of Moeen joining up later in the month-long trip, for which James Tredwell and the uncapped Adil Rashid are instead the initial frontline spin options. As England prepared to fly west on Thursday, Moeen revealed he expects to be fit again in time for Worcestershire's first LV= County Championship match at home to title-holders Yorkshire on April 12. He told Cricinfo: 'I'm hoping to play that game against Yorkshire, prove my fitness and fly immediately afterwards.' Adil Rashid (left) and James Tredwell are current spinning options in the squad to tour West Indies.' Provide only the summary as the response.",summarize
274,"Provide a concise summary of the following text: 'Sim Bhullar and the Sacramento Kings are about to make NBA history. The Kings are signing Bhullar to a 10-day contract that will make him the league's first player of Indian descent, a person with knowledge of the deal said on Wednesday. The person spoke to the Associated Press on condition of anonymity because the Kings are not expected to announce Bhullar's deal until Thursday, when David Wear's 10-day contract expires and a roster spot opens up. Sim Bhullar is set to become the NBA's first player of Indian descent with the Sacramento Kings. The 7-foot-5, 360-pound Bhullar is being called up from the team's NBA Development League affiliate, the Reno Bighorns. The 22-year-old centre will be on the roster on Friday when the Kings host the New Orleans Pelicans. Bhullar (right) in action for New Mexico State Aggies during a match in Washington last year.' Provide only the summary as the response.",summarize
275,"Provide a concise summary of the following text: 'That really takes the biscuit! Celtic's Leigh Griffiths invoked the power of the Tunnock's Tea Cake in his warm-up routine for Good Friday night's game with St Mirren. The controversial striker warily looked round in the dug-out before unwrapping the tasty treat within the first 10 minutes of the vital SPL encounter. His manager, Ronnie Deila has encouraged the concept of the 24/7 athlete by insisting on a strict diet regime for his players. Celtic striker Leigh Griffiths was caught on camera enjoying a biscuit during their match at St Mirren. Griffiths was caught in the act on the substitutes bench during the opening 10 minutes of the match. But he wouldn't have been impressed when Griffiths was caught tucking into the biscuit on live TV. Needless to say the Scotland star remained firmly on the bench throughout the Premiership leaders' 2-0 win in Paisley. The commentator on BT Sport asked: 'Are you allowed to do that on the bench? �?I'm not sure. Part of a footballer's healthy diet.' Griffiths has always something in reserve. Next time, maybe it will be a Caramel Wafer. Despite not starting for the Bhoys, Griffiths looks content as he tucks into the biscuit on Good Friday.' Provide only the summary as the response.",summarize
276,"Provide a concise summary of the following text: 'River Plate are keen to sign Manchester United striker Radamel Falcao but admit a deal is complicated. The Colombia forward spent eight years with the Argentine side before leaving for Porto in 2009 and River Plate are open to Falcao returning. During an interview with Esto es River program, vice president Matias Patanian said: 'We dream of Falcao Garcia. The doors are open.' River Plate are keen to sign former forward Radamel Falcao who has struggled on loan at Manchester United. River Plate vice president Matias Patanian admits the club 'dream of Falcao' and that 'the doors are open' The 29-year-old has struggled during a season-long loan spell at Old Trafford this term - scoring just four Premier League goals - and it remains to be seen whether United will exercise the option to keep the frontman or whether he will return to parent club Monaco. However, Falcao has been in good goalscoring form for his countrythis week, finding the net three times in two games to equal Colombia’s all-time goalscoring record with 24 goals. Joining River Plate at the age of 15 in 2001 before making his first-team debut four years later, Falcao went on to score 34 goals in 90 appearances for the Primera Division club. Falcao scored 34 goals in 90 appearances for the Argentine club during his four seasons in the first team.' Provide only the summary as the response.",summarize
277,"Provide a concise summary of the following text: 'Former Liverpool hero Jamie Carragher took advantage of the international break to jet out to Spain to watch his son play for the Under 12s in the Mediterranean International Cup. Carragher flew out to watch James play in the famous youth tournament which features over 200 clubs from 36 countries in Girona in northern Spain. Jamie Carragher jetted out to Spain to watch his son play for the Liverpool U12s. Carragher spoke to a local TV starton during his time in Girona. Carragher posted a picture on his Instagram account of the opening ceremony. The former defender �? a columnist for Sportsmail and a pundit for Sky Sports �?cheered from the sidelines as the Liverpool youngsters drew 1-1 with local Catalan side CE Mercantil. The Reds also play CE Cristinenc before taking on FE ATL Bisbalenc in their Group E games. The tournament is now in its 15th year and both Philippe Coutinho and Lucas played in the tournament in the past as well as other big names, including Lionel Messi, Cesc Fabregas, Neymar, Geard Pique, Oscar and Juan Mata.' Provide only the summary as the response.",summarize
278,"Provide a concise summary of the following text: 'Salford half-back Rangi Chase faces the threat of a four to eight-match ban after he was charged with making a Grade E dangerous throw on Good Friday. The Red Devils went on to beat Huddersfield 18-12 to continue their recent good form, but they could now be without their mercurial stand-off for a lengthy period. The Rugby Football League's match-review panel viewed Chase's tackle on Brett Ferres in the 15th minute of the match at the John Smith's Stadium as dangerous and he has been asked to appear before an independent disciplinary tribunal on Wednesday evening. Salford's Rangi Chase could face a ban of up to eight matches following a dangerous tackle. Chase will be joined at Red Hall by Salford team-mate Weller Hauraki, Widnes' Danny Tickle and Hull KR prop Mitch Allgood, who face Grade C, B and A charges respectively. Four other players - Widnes hooker Lloyd White, Warrington prop Anthony England, Hull KR back-rower Maurice Blair and Hull FC utility back Jordan Rankin - were also charged for offences in round eight and have until 11am on Wednesday to submit early-guilty pleas. All eight players are available to play for their clubs on Easter Monday.' Provide only the summary as the response.",summarize
279,"Provide a concise summary of the following text: 'Bayern Munich playmaker Thiago admits coming on against Borussia Dortmund to make his first appearance in a year was an emotional moment and has thanked the German club. The midfielder hadn't played for the Bayern since March in 2014, when he suffered a serious knee injury against Hoffenheim, but came on for Philipp Lahm in the 1-0 win at the Westfalenstadion on Saturday. And Spain international Thiago said that after seeing the reaction of the fans it has reminded him of the joy in the sport and admitted: 'Football is my life'. Thiago came on for his first appearance in over a year against Borussia Dortmund on Saturday. The Spanish midfielder celebrates with Bayern Munich team-mates after their 1-0 win at the Westfalenstadion. 'It's crazy. I have to thank everyone: the club, the coaches, my team-mates. They've all been really supportive,' he told Bayern's official website. 'The fans have helped me. It was an emotional moment. I'm very happy. 'Some people think football is just a game, but when I saw how emotional the fans were, I knew: football is my life.' Thiago admits he is still far from full fitness but is now hoping to get back into the side as Pep Guardiola's men continue their hunt for the treble. 'I'm not ready for 90 minutes, I felt tired after 10!' he added. 'My goals haven't changed: to win games and win titles.' Thiago came on for Philipp Lahm and admitted he barely felt fit enough to play 10 minutes.' Provide only the summary as the response.",summarize
280,Provide a concise summary of the following text: 'Real Madrid star James Rodriguez is set to return to first team action against Granada on Sunday after recovering from a fractured right foot following two months on the sidelines. Madrid manager Carlo Ancelotti has said Rodriguez will start Sunday's La Liga match at the Santiago Bernabeu. Ancelotti said Rodriguez 'has shown in training that he is fine and he will start'. Real Madrid attacking midfielder James Rodriguez will start against Granada after recovering from injury. Rodriguez is expected to start in Real Madrid's attack alongside Cristiano Ronaldo and Gareth Bale. The Colombian international has scored 12 goals in 33 games in all competitions since joining the La Liga giants in the summer. Rodriguez needed surgery after breaking his foot on February 4. Madrid have since lost their lead at the top of the table and trail Barcelona by four points. Rodriguez will be hoping to add to the 12 goals he has scored in 33 games since joining Real Madrid.' Provide only the summary as the response.,summarize
281,"Provide a concise summary of the following text: 'St Etienne want to sign Cardiff full-back Kevin Theophile-Catherine on a permanent deal. The 25-year-old signed for Cardiff from Stade Rennais for £2.1million but has been on loan with St Etienne this season. They have an option to make the deal permanent for £1.5million but Theophile-Catherine wants to see if there are other options before committing. He has two years left on contract at Cardiff. St Etienne defender Kevin Theophile-Catherine shields the ball from PSG forward Zlatan Ibrahimovic. St Etienne, meanwhile, will not take up an option to sign Norwich striker Ricky Van Wolfswinkel on a permanent deal. The Dutchman scored only one goal following his £8.5million move to Norwich from Sporting Lisbon and has scored six times this season for St Etienne in 31 appearances. He will return to Carrow Road at the end of the season. Theophile-Catherine (right) competes for a header with Montpellier  forward Kevin Berigaud in December.' Provide only the summary as the response.",summarize
282,"Provide a concise summary of the following text: 'The goals may have dried up at club level for Graziano Pelle but the Southampton striker repaid Italy coach Antonio Conte's faith by scoring against England. Having arrived from Feyenoord at a reported cost of £9million, the 29-year-old seamlessly slotted in at St Mary's, netting nine goals in his first 12 matches. However,  Pelle has struggled in front of goal in recent months and has not managed to find the net in the Barclays Premier League since December 20. Graziano Pelle celebrates after giving Italy the lead against England at Juventus Stadium on Tuesday night. The Southampton striker glanced Girogio Chiellini's cross into Joe Hart's far corner to make it 1-0. Saints fans will be hoping that drought may soon come to an end after seeing the striker score a fine, glancing header in the Azzurri's 1-1 draw with England at the Juventus Stadium. 'I felt good today and the manager gave me the opportunity,' Pelle, the only British-based player in the Italy squad, said. England No 1 Hart dives in vain as Pelle claims his second international goal in his third cap. Pelle has not scored in the Premier League for Southampton since December. 'Those that play always have to prove themselves to the coach. 'I played alongside Eder at Sampdoria and we understand each other well. I'm happy to have scored and to have been given another chance by the manager. 'I wanted to score another but unfortunately it didn't happen.'' Provide only the summary as the response.",summarize
283,"Provide a concise summary of the following text: 'England ace Joe Hart labelled fellow goalkeeper Gianluigi Buffon a 'legend of the game' after seeing the Italian veteran claim his 147th cap. Hart, who passed an impressive milestone of his own by representing his country for the 50th time on Tuesday night, said after the 1-1 draw with Italy that Buffon was an inspiration. Speaking to FA TV, Hart said: 'I’m still learning my game and I’m still watching the likes of Buffon and the way he goes about his business at 37 years old. England and Manchester City goalkeeper Joe Hart has lavished praise on fellow goalkeeper Gianluigi Buffon. Hart has labelled Buffon, who won his 147th cap against England on Tuesday night, a 'legend of the game' 'I’ve got a lot more learning to do and I want to do it in this team. '[Buffon’s caps total] is a long way off, but it’s definitely a night to celebrate a terrific goalkeeper and a legend of the game, someone I personally look up to and it’s inspirational to see.' The Manchester City shot stopper, who is 10 years younger than Buffon, revealed his delight at receiving his 50th cap at the Juventus Stadium. 'I was proud of my first cap, I was proud to represent the Under 21s, and 50 caps at my age is good,' added Hart. 'I want to keep going, that’s not the end for me. I just want to keep going, keep playing well for my club and country and rack them up.' England ace Hart, pictured saving a shot by Citadin Eder, is desperate to add to his 50 international caps.' Provide only the summary as the response.",summarize
284,"Provide a concise summary of the following text: 'Italian newspaper La Gazzetta dello Sport have criticised Theo Walcott's display against Italy by highlighting how little impact he had against their national team. The Milan-based publication have scored England's players out of 10, with Walcott receiving the worst rating with five. England captain Wayne Rooney, goalscorer Andros Townsend and substitute Ross Barkley have all been awarded seven out of 10 for their performances at the Juventus Stadium. Italy national team boss Antonio Conte receives high plaudits for the Azzurri's 1-1 draw with England. La Gazzetta dello Sport scored England forward Theo Walcott five out of 10 for his performance against Italy. Corriere dello Sport's headline reads 'Bring Pelle back to Italy' following the Southampton striker's goal. Italy manager Antonio Conte and Southampton striker Graziano Pelle, who opened the scoring for the Azzurri, receive high praise for the part they played in the 1-1 draw with England. La Gazzetta dello Sport's front page headline reads 'Conte wins, Italy almost wins', while Tuttosport say the Italians are 'still with' the former Juventus manager despite his topsy-turvy start to life as the Italy national team boss. Corriere dello Sport focus on Pelle's display, with their headline reading 'Bring Pelle back to Italy'. Manchester City midfielder Yaya Toure continues to be linked with a move to Roberto Mancini's Inter Milan, as one Italian newspaper suggests the Serie A outfit are preparing an offer. Much of the focus in Spain revolves around Real Madrid and Barcelona's decision to sign a new right back before the start of next season. Real completed the signing of Porto defender Danilo on Tuesday evening, while Barcelona have identified six possible candidates to either replace or compete with Dani Alves. Marca (left) reflect on Real Madrid's latest purchase while Mundo Deportivo (right) report on Barcelona's possible summer targets.' Provide only the summary as the response.",summarize
285,"Provide a concise summary of the following text: 'Pupils could face disruption to classes as teachers prepare to vote on a national walkout over pay and conditions. Tens of thousands of teachers could strike in the autumn, potentially causing temporary school closures. The National Union of Teachers is expected to call for a vote on industrial action this weekend over the prospect of looming funding cuts. Strike threat: Members of the National Union of Teachers is expected to call for a vote on industrial action this weekend, like the strike here in 2013. The ballot of its 300,000 members would take place after the election, with strikes possible from September. The last time teachers across the country went on strike was in July, when 21 per cent of schools were forced to close �?leaving parents having to pay for childcare or take a day off work. A motion to hold a ballot on strike action was announced yesterday at the NUT annual conference in Harrogate, with a debate expected tomorrow. Disruption: Tens of thousands of teachers could strike in the autumn, potentially causing temporary school closures. Members will be asked to consider funding shortages in schools, which the union said would lead to redundancies. NUT deputy general secretary Kevin Courtney said education will face a ‘terrible set of cuts�?if action is not taken. Last month, the Institute for Fiscal Studies suggested schools could see cuts of up to 12 per cent over the next parliament.' Provide only the summary as the response.",summarize
286,"Provide a concise summary of the following text: 'A man has been charged with stabbing his girlfriend in the backside with a pitchfork. Antonio Nuñez, 59, was said to be arguing with the woman, who has not been named, at his home in San Antonio, Texas, on Monday. It escalated, and at 4.15am Nuñez allegedly grabbed the gardening tool and drove it into the woman's behind. Attack: Antonio Nunez allegedly stabbed his girlfriend in the backside with a pitchfork during an argument. According to police, the woman pepper sprayed Nuñez in the eyes and ran across the street to a neighbor who called 911. She is in hospital recovering. Nuñez will be charged with aggravated assault, the Houston Chronicle reported. Neighbors told KSAT the couple have frequent fights which have ended in police attending the scene numerous times. The scene: Deputies were called to the property in San Antonio, Texas, at 4.30am on Monday.' Provide only the summary as the response.",summarize
287,"Simplify the following text to improve its readability, ensuring its core meaning remains intact: 'the land before time dvd the film explores issues of prejudice between the different species and the hardships they endure in their journey as they are guided by the spirit of littlefoot s mother.' Provide only the simplified text as the response.",simplification
288,"Simplify the following text to improve its readability, ensuring its core meaning remains intact: 'to commemorate his death josquin des prez composed the motet la d ploration de la mort de johannes ockeghem a setting of the poem nymphes des bois by jean molinet.' Provide only the simplified text as the response.",simplification
289,"Simplify the following text to improve its readability, ensuring its core meaning remains intact: 'he suffered serious head injuries and was sidelined for the rest of the season replaced by andrea de cesaris and a returning lehto who had been replaced at benetton after injury complications.' Provide only the simplified text as the response.",simplification
290,"Simplify the following text to improve its readability, ensuring its core meaning remains intact: 'however writing in the english antiquarian thomas hearne claims wright was born in shoe lane london and after an adolescent conversion to roman catholicism was taken to scotland by a priest.' Provide only the simplified text as the response.",simplification
291,"Simplify the following text to improve its readability, ensuring its core meaning remains intact: 'mesnil clinchamps is a commune in the calvados department in the basse normandie region in northwestern france.' Provide only the simplified text as the response.",simplification
292,"Simplify the following text to improve its readability, ensuring its core meaning remains intact: 'a city gate is a gate which is or was set within a city wall.' Provide only the simplified text as the response.",simplification
293,"Simplify the following text to improve its readability, ensuring its core meaning remains intact: 'lilian thuram lrb born ruddy lilian thuram ulien on january in pointe pitre rrb is a retired french professional football defender and is the most capped player in the history of the france national team.' Provide only the simplified text as the response.",simplification
294,"Simplify the following text to improve its readability, ensuring its core meaning remains intact: 'it was originally scored for a chamber group of flute piccolo clarinet lrb b flat and c rrb two pianos glass armonica xylophone two violins viola cello and double bass but is usually performed today with a full orchestra of strings and with a glockenspiel substituting for the rare glass armonica.' Provide only the simplified text as the response.",simplification
295,"Simplify the following text to improve its readability, ensuring its core meaning remains intact: 'miles part of the national forest and borders on greater manchester to the north west west yorkshire to the north south yorkshire to the north east nottinghamshire to the east leicestershire to the south east staffordshire to the west and south west and cheshire also to the west.' Provide only the simplified text as the response.",simplification
296,"Simplify the following text to improve its readability, ensuring its core meaning remains intact: 'bob cobb real name of the maestro in the nbc sitcom seinfeld' Provide only the simplified text as the response.",simplification
297,"Simplify the following text to improve its readability, ensuring its core meaning remains intact: 'however it may be difficult to reintroduce ew species into the wild even if their natural habitats were restored because survival techniques which are normally passed from parents to offspring during parenting may be lost.' Provide only the simplified text as the response.",simplification
298,"Simplify the following text to improve its readability, ensuring its core meaning remains intact: 'in and prunk was awarded scholarships by the alexander von humboldt foundation which enabled him to continue his studies in cologne and freiburg.' Provide only the simplified text as the response.",simplification
299,"Simplify the following text to improve its readability, ensuring its core meaning remains intact: 'it is named after the norwegian skater axel paulsen who first performed the jump in.' Provide only the simplified text as the response.",simplification
300,"Simplify the following text to improve its readability, ensuring its core meaning remains intact: 'the pok mon series began with the release of pocket monsters red and green for the game boy in japan. when these games proved extremely popular an enhanced blue version was released sometime after and the blue version was reprogrammed as pok mon red and blue for international release.' Provide only the simplified text as the response.",simplification
301,"Simplify the following text to improve its readability, ensuring its core meaning remains intact: 'queen beatrix of the netherlands lives and works in the hague.' Provide only the simplified text as the response.",simplification
302,"Simplify the following text to improve its readability, ensuring its core meaning remains intact: 'in the florida everglades a of trees were knocked down by the storm.' Provide only the simplified text as the response.",simplification
303,"Simplify the following text to improve its readability, ensuring its core meaning remains intact: 'the color of the stripes from the top down follows the sequence white red blue white red blue white red.' Provide only the simplified text as the response.",simplification
304,"Simplify the following text to improve its readability, ensuring its core meaning remains intact: 'in three phyla and one subclass of animals endoskeletons of various complexity are found chordata echinodermata porifera and coleoidea.' Provide only the simplified text as the response.",simplification
305,"Simplify the following text to improve its readability, ensuring its core meaning remains intact: 'he also owns a cello made of carbon fiber by the luis and clark company of boston.' Provide only the simplified text as the response.",simplification
306,"Simplify the following text to improve its readability, ensuring its core meaning remains intact: 'sean beavan who mixed antichrist superstar mechanical animals and eat me drink me is co producer of the album along with chris vrenna.' Provide only the simplified text as the response.",simplification
307,"Simplify the following text to improve its readability, ensuring its core meaning remains intact: 'irenaeus in against heresies notes the gnostic view that the ascension happened eighteen months after the resurrection.' Provide only the simplified text as the response.",simplification
308,"Simplify the following text to improve its readability, ensuring its core meaning remains intact: 'the court meets in washington d.c. in the united states supreme court building and consists of a chief justice and eight associate justices who are nominated by the president and confirmed by the senate.' Provide only the simplified text as the response.",simplification
309,"Simplify the following text to improve its readability, ensuring its core meaning remains intact: 'craig chad leo stansberry lrb born march in dammam saudi arabia rrb is a major league baseball third baseman who is currently in the san diego padres organization.' Provide only the simplified text as the response.",simplification
310,"Simplify the following text to improve its readability, ensuring its core meaning remains intact: 'many secular jews attend synagogue on yom kippur for many secular jews the high holidays are the only recurring times of the year in which they attend synagogue causing synagogue attendance to soar and almost four fifths fast.' Provide only the simplified text as the response.",simplification
311,"Simplify the following text to improve its readability, ensuring its core meaning remains intact: 'the f hrerbunker was located about. metres beneath the garden of the old reich chancellery building at wilhelmstra e about metres north of the new reich chancellery building which had the address vo stra e.' Provide only the simplified text as the response.",simplification
312,"Simplify the following text to improve its readability, ensuring its core meaning remains intact: 'today a great number of small and middle sized businesses dominate the economy.' Provide only the simplified text as the response.",simplification
313,"Simplify the following text to improve its readability, ensuring its core meaning remains intact: 'in she was elected an independent member of the new south wales legislative assembly lrb mla rrb for the seat of balmain.' Provide only the simplified text as the response.",simplification
314,"Simplify the following text to improve its readability, ensuring its core meaning remains intact: 'it is closely related to the amethyst throated sunangel and species limits in this complex are unclear.' Provide only the simplified text as the response.",simplification
315,"Simplify the following text to improve its readability, ensuring its core meaning remains intact: 'the keystone of the british defense was the complex infrastructure of detection command and control that ran the battle.' Provide only the simplified text as the response.",simplification
316,"Simplify the following text to improve its readability, ensuring its core meaning remains intact: 'this does not conflict with either of the above theories however since both increased warfare and internal unrest can also be effects of a general period of drought and famine.' Provide only the simplified text as the response.",simplification
317,"Simplify the following text to improve its readability, ensuring its core meaning remains intact: 'these adaptations to an oxygen rich environment might include high concentrations of protective enzymes.' Provide only the simplified text as the response.",simplification
318,"Simplify the following text to improve its readability, ensuring its core meaning remains intact: 'this was the largest earthquake to hit vancouver island and the largest onshore earthquake in canada.' Provide only the simplified text as the response.",simplification
319,"Simplify the following text to improve its readability, ensuring its core meaning remains intact: 'in the origin darwin had deliberately avoided tackling human evolution but left a gnomic trailer light will be thrown on the origin of man and his history.' Provide only the simplified text as the response.",simplification
320,"Simplify the following text to improve its readability, ensuring its core meaning remains intact: 'in his twenties he tried to create diamonds by heating graphite and shorted out glasgow s electricity supply.' Provide only the simplified text as the response.",simplification
321,"Simplify the following text to improve its readability, ensuring its core meaning remains intact: 'dj dougal lrb real name paul arnold clarke born rrb is a british uk hardcore and happy hardcore artist and dj.' Provide only the simplified text as the response.",simplification
322,"Simplify the following text to improve its readability, ensuring its core meaning remains intact: 'cbbc lrb a contraction of the original name children s bbc short for children s bbc and children s british broadcasting corporation rrb is the brand name used for the bbc s children s television programs and currently specifically refers to those programs aimed at children.' Provide only the simplified text as the response.",simplification
323,"Simplify the following text to improve its readability, ensuring its core meaning remains intact: 'glinka also composed many art songs many piano pieces and some chamber music.' Provide only the simplified text as the response.",simplification
324,"Simplify the following text to improve its readability, ensuring its core meaning remains intact: 'the summit of the khyber pass is inside pakistan at landi kotal and it cuts through the northeastern part of the safed koh mountains which themselves are a far southeastern extension of the hindu kush range.' Provide only the simplified text as the response.",simplification
325,"Simplify the following text to improve its readability, ensuring its core meaning remains intact: 'around million years ago a collision between australia and southeast asia allowed the varanids to move into what is now the indonesian archipelago.' Provide only the simplified text as the response.",simplification
326,"Simplify the following text to improve its readability, ensuring its core meaning remains intact: 'swiss family robinson was one of the rare widescreen disney films shot with panavision lenses.' Provide only the simplified text as the response.",simplification
327,"Simplify the following text to improve its readability, ensuring its core meaning remains intact: 'true crabs are decapod crustaceans of the infraorder brachyura which typically have a very short projecting tail lrb short tail rrb or where the reduced abdomen is entirely hidden under the thorax.' Provide only the simplified text as the response.",simplification
328,"Simplify the following text to improve its readability, ensuring its core meaning remains intact: 'o reilly s macdevcentre article by daniel h. steinberg jan the program was first sold publicly as keynote. in competing against existing presentation software most notably microsoft powerpoint.' Provide only the simplified text as the response.",simplification
329,"Simplify the following text to improve its readability, ensuring its core meaning remains intact: 'it formed an administrative county from to after which the entirety of the county was absorbed into the new county of cumbria.' Provide only the simplified text as the response.",simplification
330,"Simplify the following text to improve its readability, ensuring its core meaning remains intact: 'santa fe high school is located within the city of santa fe springs.' Provide only the simplified text as the response.",simplification
331,"Simplify the following text to improve its readability, ensuring its core meaning remains intact: 'in his own time his reputation far exceeded that of his contemporaries hokusai hiroshige and kuniyoshi.' Provide only the simplified text as the response.",simplification
332,"Simplify the following text to improve its readability, ensuring its core meaning remains intact: 'he is attracted to her and with jewellery and help from a neighbor martha the devil draws gretchen into faust s arms.' Provide only the simplified text as the response.",simplification
333,"Simplify the following text to improve its readability, ensuring its core meaning remains intact: 'edward bawden cbe ra lrb rrb was a british painter illustrator and graphic artist.' Provide only the simplified text as the response.",simplification
334,"Simplify the following text to improve its readability, ensuring its core meaning remains intact: 'reading vocabulary a person s reading vocabulary is all the words he or she can recognize when reading.' Provide only the simplified text as the response.",simplification
335,"Simplify the following text to improve its readability, ensuring its core meaning remains intact: 'alexain is a commune in the mayenne department in northwestern france.' Provide only the simplified text as the response.",simplification
336,"Simplify the following text to improve its readability, ensuring its core meaning remains intact: 'for example in pok mon red and blue the player has the choice of starting with bulbasaur squirtle or charmander.' Provide only the simplified text as the response.",simplification
337,"Simplify the following text to improve its readability, ensuring its core meaning remains intact: 'geography annonay lies a few kilometres from the river rh ne south of lyon and from saint tienne.' Provide only the simplified text as the response.",simplification
338,"Simplify the following text to improve its readability, ensuring its core meaning remains intact: 'the internet archive lrb ia rrb is a nonprofit organization dedicated to building and maintaining a free and openly accessible online digital library including an archive of the world wide web.' Provide only the simplified text as the response.",simplification
339,"Simplify the following text to improve its readability, ensuring its core meaning remains intact: 'up until most seasons saw only the highest scoring driver in each race for each constructor contributing points towards the championship.' Provide only the simplified text as the response.",simplification
340,"Simplify the following text to improve its readability, ensuring its core meaning remains intact: 'it is the only national park in india north of the himalayas the largest notified protected area in india lrb and thus the largest national park of india rrb and is the second largest contiguous protected area after the nanda devi biosphere reserve and surrounding protected areas.' Provide only the simplified text as the response.",simplification
341,"Simplify the following text to improve its readability, ensuring its core meaning remains intact: 'olivia mary de havilland lrb born july rrb is a british american film and stage actress.' Provide only the simplified text as the response.",simplification
342,"Simplify the following text to improve its readability, ensuring its core meaning remains intact: 'her father francis van arnum brown worked at a number of jobs including as a clerk at the washington patent office and as a manager and salesman for a wholesale butcher.' Provide only the simplified text as the response.",simplification
343,"Simplify the following text to improve its readability, ensuring its core meaning remains intact: 'the kalabhras were displaced around the th century with the revival of pallava and pandya power.' Provide only the simplified text as the response.",simplification
344,"Simplify the following text to improve its readability, ensuring its core meaning remains intact: 'let s go was certified gold on july and with the success of the album the band was pursued by a number of major record labels including madonna s label maverick records.' Provide only the simplified text as the response.",simplification
345,"Simplify the following text to improve its readability, ensuring its core meaning remains intact: 'because the individual lenses are so small the effects of diffraction impose a limit on the possible resolution that can be obtained.' Provide only the simplified text as the response.",simplification
346,"Simplify the following text to improve its readability, ensuring its core meaning remains intact: 'in the hawaiian language honolulu means sheltered bay or place of shelter.' Provide only the simplified text as the response.",simplification
347,"Simplify the following text to improve its readability, ensuring its core meaning remains intact: 'lauren bacall lrb born september rrb is an american film and stage actress and model known for her distinctive husky voice and sultry looks.' Provide only the simplified text as the response.",simplification
348,"Simplify the following text to improve its readability, ensuring its core meaning remains intact: 'monts rs is a commune in the mayenne department in northwestern france.' Provide only the simplified text as the response.",simplification
349,"Simplify the following text to improve its readability, ensuring its core meaning remains intact: 'there are communes in the province lrb source italian institute of statistics istat see this link rrb.' Provide only the simplified text as the response.",simplification
350,"Simplify the following text to improve its readability, ensuring its core meaning remains intact: 'leandro montera da silva or simply leandro lrb born february rrb is a brazilian striker.' Provide only the simplified text as the response.",simplification
351,"Simplify the following text to improve its readability, ensuring its core meaning remains intact: 'deryck jason whibley lrb born march rrb is a canadian musician and producer best known for his work as the guitarist and lead vocalist songwriter and producer of the multi juno award winning pop punk band sum.' Provide only the simplified text as the response.",simplification
352,"Simplify the following text to improve its readability, ensuring its core meaning remains intact: 'setting up a system of rules institutions and procedures to regulate the international monetary system the planners at bretton woods established the international monetary fund lrb imf rrb and the international bank for reconstruction and development lrb ibrd rrb which today is part of the world bank group.' Provide only the simplified text as the response.",simplification
353,"Simplify the following text to improve its readability, ensuring its core meaning remains intact: 'in general archives consist of records which have been selected for permanent or long term preservation due to their enduring research value.' Provide only the simplified text as the response.",simplification
354,"Simplify the following text to improve its readability, ensuring its core meaning remains intact: 'in captain william brown of england was the first foreigner to sail into what is now honolulu harbor.' Provide only the simplified text as the response.",simplification
355,"Simplify the following text to improve its readability, ensuring its core meaning remains intact: 'the signing caused a rift between soundgarden and its traditional audience.' Provide only the simplified text as the response.",simplification
356,"Simplify the following text to improve its readability, ensuring its core meaning remains intact: 'one litre of water has a mass of almost exactly one kilogram when measured at its maximal density which occurs at about degrees celsius.' Provide only the simplified text as the response.",simplification
357,"Simplify the following text to improve its readability, ensuring its core meaning remains intact: 'jordanhill railway station is a side platformed suburban railway station in the jordanhill area in the west end of glasgow scotland.' Provide only the simplified text as the response.",simplification
358,"Simplify the following text to improve its readability, ensuring its core meaning remains intact: 'the american hockey league lrb ahl rrb is a team professional ice hockey league based in the united states and canada that serves as the primary developmental circuit for the national hockey league lrb nhl rrb.' Provide only the simplified text as the response.",simplification
359,"Simplify the following text to improve its readability, ensuring its core meaning remains intact: 'the aurochs originally ranged throughout europe north africa and much of asia. in historical times its range became restricted to europe and the last known individual died in masovia poland in about.' Provide only the simplified text as the response.",simplification
360,"Simplify the following text to improve its readability, ensuring its core meaning remains intact: 'rolling stock munich u bahn uses three different generations of electric multiple unit trains.' Provide only the simplified text as the response.",simplification
361,"Simplify the following text to improve its readability, ensuring its core meaning remains intact: 'the inhabitants of the town of saint marcel d ard che are marcellois st. san marcelloises.' Provide only the simplified text as the response.",simplification
362,"Simplify the following text to improve its readability, ensuring its core meaning remains intact: 'st benedict biscop was adopted as the city s patron saint in march.' Provide only the simplified text as the response.",simplification
363,"Simplify the following text to improve its readability, ensuring its core meaning remains intact: 'world trade center formerly the freedom tower is the main building of the new world trade center under construction in lower manhattan in new york city usa.' Provide only the simplified text as the response.",simplification
364,"Simplify the following text to improve its readability, ensuring its core meaning remains intact: 'in thile teamed up with mandolinist mike marshall for the duet album into the cauldron which included original pieces as well as pieces by charlie parker and j. s. bach.' Provide only the simplified text as the response.",simplification
365,"Simplify the following text to improve its readability, ensuring its core meaning remains intact: 'the mexicans settle chapultepec a former toltec stronghold.' Provide only the simplified text as the response.",simplification
366,"Simplify the following text to improve its readability, ensuring its core meaning remains intact: 'the name potassium comes from the word potash davy lrb o o rrb p..' Provide only the simplified text as the response.",simplification
367,"Simplify the following text to improve its readability, ensuring its core meaning remains intact: 'the main rivalry heading into armageddon on the smackdown brand was a match involving three competitors known as a triple threat match in wwe for the wwe championship between edge triple h and jeff hardy.' Provide only the simplified text as the response.",simplification
368,"Simplify the following text to improve its readability, ensuring its core meaning remains intact: 'today s hopwood is the location of hopwood park services a motorway service station on the m motorway.' Provide only the simplified text as the response.",simplification
369,"Simplify the following text to improve its readability, ensuring its core meaning remains intact: 'it belongs to the indo aryan branch of the indo european languages.' Provide only the simplified text as the response.",simplification
370,"Simplify the following text to improve its readability, ensuring its core meaning remains intact: 'he was first granted land in van diemen s land in which he exchanged for land near lake george in.' Provide only the simplified text as the response.",simplification
371,"Simplify the following text to improve its readability, ensuring its core meaning remains intact: 'carolina evelyn kl ft lrb rrb lrb born february rrb is a swedish athlete competing in triple jump long jump and formerly in heptathlon and pentathlon.' Provide only the simplified text as the response.",simplification
372,"Simplify the following text to improve its readability, ensuring its core meaning remains intact: 'ndash the treaty of amiens is signed as a definitive treaty of peace between france and the kingdom of great britain and ireland.' Provide only the simplified text as the response.",simplification
373,"Simplify the following text to improve its readability, ensuring its core meaning remains intact: 'the government has created an annual speak good english movement to emphasise the point.' Provide only the simplified text as the response.",simplification
374,"Simplify the following text to improve its readability, ensuring its core meaning remains intact: 'the allied powers who defeated nazi germany in world war ii divided the country west of the oder neisse line into four occupation zones for administrative purposes during the period.' Provide only the simplified text as the response.",simplification
375,"Simplify the following text to improve its readability, ensuring its core meaning remains intact: 'marie clotilde of france lrb marie ad la de clotilde xavi re september march rrb known as madame clotilde was a french princess who became queen of sardinia as clotilda in. she was the younger sister of louis xvi of france and later the wife of charles emmanuel iv of sardinia.' Provide only the simplified text as the response.",simplification
376,"Simplify the following text to improve its readability, ensuring its core meaning remains intact: 'true crabs are decapod crustaceans of the infraorder brachyura which typically have a very short projecting tail lrb short tail rrb or where the reduced abdomen is entirely hidden under the thorax.' Provide only the simplified text as the response.",simplification
377,"Simplify the following text to improve its readability, ensuring its core meaning remains intact: 'novartis international ag is a multinational pharmaceutical company based in basel switzerland ranking number three in sales among the world wide industry which accounted. billon in.' Provide only the simplified text as the response.",simplification
378,"Simplify the following text to improve its readability, ensuring its core meaning remains intact: 'the exxon mobil corporation or exxonmobil is an american oil and gas corporation.' Provide only the simplified text as the response.",simplification
379,"Simplify the following text to improve its readability, ensuring its core meaning remains intact: 'however in phoenix dropped to second place with. per lrb behind modesto california rrb although total car thefts rose to.' Provide only the simplified text as the response.",simplification
380,"Simplify the following text to improve its readability, ensuring its core meaning remains intact: 'sixty gallons of water had to be removed from the national weather service office in galveston this weather office also temporarily lost its radar.' Provide only the simplified text as the response.",simplification
381,"Simplify the following text to improve its readability, ensuring its core meaning remains intact: 'it is also the judicial capital making it one of the three national capitals of south africa lrb together with the administrative capital pretoria and the legislative capital cape town rrb.' Provide only the simplified text as the response.",simplification
382,"Simplify the following text to improve its readability, ensuring its core meaning remains intact: 'gparted and kde partition manager are graphical programs using the parted libraries.' Provide only the simplified text as the response.",simplification
383,"Simplify the following text to improve its readability, ensuring its core meaning remains intact: 'however when william had to go to military she governed alone.' Provide only the simplified text as the response.",simplification
384,"Simplify the following text to improve its readability, ensuring its core meaning remains intact: 'this act brought the united states into world war ii.' Provide only the simplified text as the response.",simplification
385,"Simplify the following text to improve its readability, ensuring its core meaning remains intact: 'she frequently appears on television radio and as a speaker at public events and private events.' Provide only the simplified text as the response.",simplification
386,"Simplify the following text to improve its readability, ensuring its core meaning remains intact: 'trilobites lrb pronounced meaning three lobes rrb are a well known fossil group of extinct marine arthropods that form the class trilobita.' Provide only the simplified text as the response.",simplification
387,"Simplify the following text to improve its readability, ensuring its core meaning remains intact: 'bakhshali today in march there were attacks made on music shops in bakhshali.' Provide only the simplified text as the response.",simplification
388,"Simplify the following text to improve its readability, ensuring its core meaning remains intact: 'the key principle of wisdom literature is that while techniques of traditional story telling are used books also presume to offer insight and wisdom about nature and reality.' Provide only the simplified text as the response.",simplification
389,"Simplify the following text to improve its readability, ensuring its core meaning remains intact: 'mikroglottika an international journal of minority language philologies is a linguistic journal about minority languages.' Provide only the simplified text as the response.",simplification
390,"Simplify the following text to improve its readability, ensuring its core meaning remains intact: 'stuart is the only city in martin county florida on florida s treasure coast.' Provide only the simplified text as the response.",simplification
391,"Simplify the following text to improve its readability, ensuring its core meaning remains intact: 'the city of bradford is a local government district in west yorkshire england that is a metropolitan borough with the status of a city.' Provide only the simplified text as the response.",simplification
392,"Simplify the following text to improve its readability, ensuring its core meaning remains intact: 'thallium lrb i rrb sulfate lrb tl so rrb archaically known as thallous sulfate is the sulfate salt of thallium.' Provide only the simplified text as the response.",simplification
393,"Simplify the following text to improve its readability, ensuring its core meaning remains intact: 'long undisturbed by tectonic activity the peninsula is an extremely eroded almost level low plain dominated by mighty meandering rivers and vast floodplains with some very low hills rising to some m elevation in the mcilwraith range on the eastern side around coen.' Provide only the simplified text as the response.",simplification
394,"Simplify the following text to improve its readability, ensuring its core meaning remains intact: 'expanding his interest in the neglected area of chamber music brain formed a wind quintet with his brother in.' Provide only the simplified text as the response.",simplification
395,"Simplify the following text to improve its readability, ensuring its core meaning remains intact: 'attock lrb urdu rrb lrb formerly campbellpur rrb is a city located in the northern border of the punjab province of pakistan and the headquarters of attock district.' Provide only the simplified text as the response.",simplification
396,"Simplify the following text to improve its readability, ensuring its core meaning remains intact: 'independent music awards past judges in thile formed the how to grow a band with whom he recorded how to grow a woman from the ground thile s fifth album.' Provide only the simplified text as the response.",simplification
397,"Simplify the following text to improve its readability, ensuring its core meaning remains intact: 'mario basler lrb born december in neustadt an der weinstra e germany rrb is a german former football winger who is now manager of wacker burghausen.' Provide only the simplified text as the response.",simplification
398,"Simplify the following text to improve its readability, ensuring its core meaning remains intact: 'shogh effend rabb n lrb march november rrb better known as shoghi effendi was the guardian and appointed head of the bah faith from until his death in.' Provide only the simplified text as the response.",simplification
399,"Simplify the following text to improve its readability, ensuring its core meaning remains intact: 'it is bordered by germany to the southwest west and northwest poland to the north east the czech historical region of moravia to the east and austria to the south.' Provide only the simplified text as the response.",simplification
400,"Simplify the following text to improve its readability, ensuring its core meaning remains intact: 'he was inducted into the baseball hall of fame in his first year of eligibility.' Provide only the simplified text as the response.",simplification
401,"Simplify the following text to improve its readability, ensuring its core meaning remains intact: 'the riots the rice riots were unparalleled in modern japanese history in terms of scope size and violence.' Provide only the simplified text as the response.",simplification
402,"Simplify the following text to improve its readability, ensuring its core meaning remains intact: 'giza is most famous as the location of the giza plateau the site of some of the most impressive ancient monuments in the world including a complex of ancient egyptian royal mortuary and sacred structures including the great sphinx the great pyramid of giza and a number of other large pyramids and temples.' Provide only the simplified text as the response.",simplification
403,"Simplify the following text to improve its readability, ensuring its core meaning remains intact: 'dia public web page this is dia the defense intelligence community is headed by the dia through its director lrb who chairs the military intelligence board rrb and coordinates the activities of the army navy marine corps and air force intelligence components.' Provide only the simplified text as the response.",simplification
404,"Simplify the following text to improve its readability, ensuring its core meaning remains intact: 'media local media include the namoi valley independent newspaper and the radio stations mo and ggg.' Provide only the simplified text as the response.",simplification
405,"Simplify the following text to improve its readability, ensuring its core meaning remains intact: 'in this way the united kingdom became the union of the kingdoms of england ireland and scotland. disputes within ireland over the terms of irish home rule led eventually to the partition of the island in with dominion status for the irish free state in while northern ireland remained part of the uk.' Provide only the simplified text as the response.",simplification
406,"Simplify the following text to improve its readability, ensuring its core meaning remains intact: 'while walking along the beach rocks aras slipped and sliced open his hand and back requiring a total of eight stitches.' Provide only the simplified text as the response.",simplification
407,"Simplify the following text to improve its readability, ensuring its core meaning remains intact: 'during that time she fostered a close relationship with zhou enlai and was on familiar terms with mao zedong.' Provide only the simplified text as the response.",simplification
408,"Simplify the following text to improve its readability, ensuring its core meaning remains intact: 'divorcing cassidy in she later married comic actor marty ingels on november.' Provide only the simplified text as the response.",simplification
409,"Simplify the following text to improve its readability, ensuring its core meaning remains intact: 'throughout its seven seasons and a total of episodes buffy and by extension gellar became cult icons in the united states canada the uk and australia particularly as an archetype of an empowered woman.' Provide only the simplified text as the response.",simplification
410,"Simplify the following text to improve its readability, ensuring its core meaning remains intact: 'the film s animation technique combines traditional hand drawn animation and extensive use of computer generated imagery.' Provide only the simplified text as the response.",simplification
411,"Simplify the following text to improve its readability, ensuring its core meaning remains intact: 'the maldives national football team is the national team of the maldives and is controlled by the football association of maldives.' Provide only the simplified text as the response.",simplification
412,"Simplify the following text to improve its readability, ensuring its core meaning remains intact: 'versainville is a commune in the calvados department in the basse normandie region in northwestern france.' Provide only the simplified text as the response.",simplification
413,"Simplify the following text to improve its readability, ensuring its core meaning remains intact: 'in physiology a signal or biopotential is an electric quantity lrb voltage or current or field strength rrb caused by chemical reactions of charged ions.' Provide only the simplified text as the response.",simplification
414,"Simplify the following text to improve its readability, ensuring its core meaning remains intact: 'ch lons en champagne is a city in france.' Provide only the simplified text as the response.",simplification
415,"Simplify the following text to improve its readability, ensuring its core meaning remains intact: 'shaun of the dead is a british romantic zombie comedy directed by edgar wright starring simon pegg and nick frost and written by pegg and wright.' Provide only the simplified text as the response.",simplification
416,"Simplify the following text to improve its readability, ensuring its core meaning remains intact: 'max tonetto lrb born november in trieste rrb is an italian football defender.' Provide only the simplified text as the response.",simplification
417,"Simplify the following text to improve its readability, ensuring its core meaning remains intact: 'using this definition the flux of the poynting vector over a specified surface is the rate at which electromagnetic energy flows through that surface.' Provide only the simplified text as the response.",simplification
418,"Simplify the following text to improve its readability, ensuring its core meaning remains intact: 'ndash jonas savimbi angolan political leader lrb d. rrb' Provide only the simplified text as the response.",simplification
419,"Simplify the following text to improve its readability, ensuring its core meaning remains intact: 'kvirc is able to connect to several servers at the same time lrb optionally with ssl and or over ipv rrb.' Provide only the simplified text as the response.",simplification
420,"Simplify the following text to improve its readability, ensuring its core meaning remains intact: 'the operations of vector addition and scalar multiplication have to satisfy certain requirements called axioms listed below. an example of a vector space is that of euclidean vectors which are often used to represent physical quantities such as forces any two forces lrb of the same type rrb can be added to yield a third and the multiplication of a force vector by a real factor is another force vector.' Provide only the simplified text as the response.",simplification
421,"Simplify the following text to improve its readability, ensuring its core meaning remains intact: 'his performances of bach beethoven brahms mozart haydn schumann wagner and carl orff are also notable.' Provide only the simplified text as the response.",simplification
422,"Simplify the following text to improve its readability, ensuring its core meaning remains intact: 'kunie kitamoto is a japanese football player who plays for vissel kobe.' Provide only the simplified text as the response.",simplification
423,"Simplify the following text to improve its readability, ensuring its core meaning remains intact: 'wwe released a complete dvd box set entitled royal rumble the complete anthology which showcases every royal rumble event in its entirety up to the royal rumble on march.' Provide only the simplified text as the response.",simplification
424,"Simplify the following text to improve its readability, ensuring its core meaning remains intact: 'he first married amie gertrude lathe lrb rrb around in boston massachusetts.' Provide only the simplified text as the response.",simplification
425,"Simplify the following text to improve its readability, ensuring its core meaning remains intact: 'both the geographic center of the contiguous u.s. and the population center of the u.s. are in the midwest.' Provide only the simplified text as the response.",simplification
426,"Simplify the following text to improve its readability, ensuring its core meaning remains intact: 'in cordes received its charter to become a bastide lrb fortified town rrb from the count of toulouse.' Provide only the simplified text as the response.",simplification
427,"Simplify the following text to improve its readability, ensuring its core meaning remains intact: 'gilbert was a taxidermist for the zoological society of london where he met john gould.' Provide only the simplified text as the response.",simplification
428,"Simplify the following text to improve its readability, ensuring its core meaning remains intact: 'costa coffee is a coffee house company based in the united kingdom founded in by italian brothers sergio and bruno costa as a wholesale operation supplying roasted coffee to caterers and specialist italian coffee shops.' Provide only the simplified text as the response.",simplification
429,"Simplify the following text to improve its readability, ensuring its core meaning remains intact: 'example walnuts and hickories belong to the juglandaceae or walnut family.' Provide only the simplified text as the response.",simplification
430,"Simplify the following text to improve its readability, ensuring its core meaning remains intact: 'events may battle of dandanaqan seljuk turks defeat the ghaznavids.' Provide only the simplified text as the response.",simplification
431,"Simplify the following text to improve its readability, ensuring its core meaning remains intact: 'amanda peet lrb born january rrb is an american actress.' Provide only the simplified text as the response.",simplification
432,"Simplify the following text to improve its readability, ensuring its core meaning remains intact: 'the national mint also issued special commemorative silver coins to mark his birthday.' Provide only the simplified text as the response.",simplification
433,"Simplify the following text to improve its readability, ensuring its core meaning remains intact: 'and committed to the imprisonment of the bishop of london.' Provide only the simplified text as the response.",simplification
434,"Simplify the following text to improve its readability, ensuring its core meaning remains intact: 'bricqueville is a commune in the calvados department in the basse normandie region in northwestern france.' Provide only the simplified text as the response.",simplification
435,"Simplify the following text to improve its readability, ensuring its core meaning remains intact: 'to make the feat even more memorable ripken hit a home run in the previous night s game that tied gehrig s record and another home run in his st game which fans later voted as major league baseball s most memorable moment in mlb history.' Provide only the simplified text as the response.",simplification
436,"Simplify the following text to improve its readability, ensuring its core meaning remains intact: 'cilenti and guillory married in and during the ceremony guillory wore her grandmother s wedding dress.' Provide only the simplified text as the response.",simplification
437,"Simplify the following text to improve its readability, ensuring its core meaning remains intact: 'in the end ruth marie and melinda sided with cirie as the secretly grieving tina was voted out.' Provide only the simplified text as the response.",simplification
438,"Simplify the following text to improve its readability, ensuring its core meaning remains intact: 'nancy patricia d alesandro pelosi lrb born march rrb is the speaker of the united states house of representatives.' Provide only the simplified text as the response.",simplification
439,"Simplify the following text to improve its readability, ensuring its core meaning remains intact: 'license change up to version... azureus was distributed under the gnu general public license lrb gpl rrb beginning with the version distribution the license presented upon installation changed.' Provide only the simplified text as the response.",simplification
440,"Simplify the following text to improve its readability, ensuring its core meaning remains intact: 'its pattern of two tier metropolitan and non metropolitan county and district councils remains in use today in large parts of england although the metropolitan county councils were abolished in and both county and district councils were replaced with unitary authorities in many areas in the s.' Provide only the simplified text as the response.",simplification
441,"Simplify the following text to improve its readability, ensuring its core meaning remains intact: 'lewisport is a city in hancock county kentucky united states along the ohio river.' Provide only the simplified text as the response.",simplification
442,"Simplify the following text to improve its readability, ensuring its core meaning remains intact: 'marco di vaio lrb born july rrb is an italian football striker who currently plays for bologna fc.' Provide only the simplified text as the response.",simplification
443,"Simplify the following text to improve its readability, ensuring its core meaning remains intact: 'patients diagnosed with pancreatic cancer typically have a poor prognosis partly because the cancer usually causes no symptoms early on leading to locally advanced or metastatic disease at time of diagnosis.' Provide only the simplified text as the response.",simplification
444,"Simplify the following text to improve its readability, ensuring its core meaning remains intact: 'gordon david strachan obe lrb born february in edinburgh rrb is a scottish football manager and former player.' Provide only the simplified text as the response.",simplification
445,"Simplify the following text to improve its readability, ensuring its core meaning remains intact: 'dolores hidalgo lrb in full dolores hidalgo cuna de la independencia nacional is the name of a city and the surrounding municipality in the north central part of the mexican state of guanajuato.' Provide only the simplified text as the response.",simplification
446,"Simplify the following text to improve its readability, ensuring its core meaning remains intact: 'sill le philippe is a commune in the sarthe department in the region of pays de la loire in northwestern france.' Provide only the simplified text as the response.",simplification
447,"Simplify the following text to improve its readability, ensuring its core meaning remains intact: 'david hilbert lrb january february rrb was a german mathematician.' Provide only the simplified text as the response.",simplification
448,"Simplify the following text to improve its readability, ensuring its core meaning remains intact: 'servaas faas wilkes lrb october august rrb was a dutch football forward who earned a total of caps for the dutch nation team in which he scored goals lrb average. goals per game rrb.' Provide only the simplified text as the response.",simplification
449,"Simplify the following text to improve its readability, ensuring its core meaning remains intact: 'johnny shines interviewed by john hammond jr. in the search for robert johnson lrb dvd rrb it was this chance meeting with robert johnson his greatest influence that gave him the inspiration to return to music.' Provide only the simplified text as the response.",simplification
450,"Simplify the following text to improve its readability, ensuring its core meaning remains intact: 'ndash the u.s. congress abrogates the united states use of the gold standard by enacting a joint resolution lrb stat.' Provide only the simplified text as the response.",simplification
451,"Simplify the following text to improve its readability, ensuring its core meaning remains intact: 'the movie is a light parody which plays on the clich s of typical horror films.' Provide only the simplified text as the response.",simplification
452,"Simplify the following text to improve its readability, ensuring its core meaning remains intact: 'it was created by the german chemist alfred einhorn lrb rrb who gave the chemical the trade name novocaine from the latin nov lrb meaning new rrb and caine a common ending for alkaloids used as anesthetics.' Provide only the simplified text as the response.",simplification
453,"Simplify the following text to improve its readability, ensuring its core meaning remains intact: 'after being raised by the british press the connection was picked up by conservative blogs and newspapers in the united states.' Provide only the simplified text as the response.",simplification
454,"Simplify the following text to improve its readability, ensuring its core meaning remains intact: 'a simple example is when equally spaced divisions on the vertical axis of a chart are labeled instead of.' Provide only the simplified text as the response.",simplification
455,"Simplify the following text to improve its readability, ensuring its core meaning remains intact: 'the danube flows into the black sea within romania s territory forming the danube delta the second largest and the best preserved delta in europe and a biosphere reserve and a biodiversity world heritage site.' Provide only the simplified text as the response.",simplification
456,"Simplify the following text to improve its readability, ensuring its core meaning remains intact: 'godwinson was subsequently defeated within a month by another viking descendant william duke of normandy lrb normandy had been acquired by vikings lrb normans rrb in rrb.' Provide only the simplified text as the response.",simplification
457,"Simplify the following text to improve its readability, ensuring its core meaning remains intact: 'division iii the advanced project requires students to complete an in depth project in their field of choice lrb which is generally related to the division ii field rrb.' Provide only the simplified text as the response.",simplification
458,"Simplify the following text to improve its readability, ensuring its core meaning remains intact: 'the municipality is located in the locarno district sonogno is the is the last village on the paved road through the valley verzasca.' Provide only the simplified text as the response.",simplification
459,"Simplify the following text to improve its readability, ensuring its core meaning remains intact: 'he supervised the construction of hwaseong fortress in suwon in the early.' Provide only the simplified text as the response.",simplification
460,"Simplify the following text to improve its readability, ensuring its core meaning remains intact: 'the departments are listed below with the departmental capital cities in parentheses.' Provide only the simplified text as the response.",simplification
461,"Simplify the following text to improve its readability, ensuring its core meaning remains intact: 'bowlegs was named after an early resident lula bowlegs a descendant of the florida seminole chief billy bowlegs.' Provide only the simplified text as the response.",simplification
462,"Simplify the following text to improve its readability, ensuring its core meaning remains intact: 'the definition of organic matter varies upon the subject for which it is being used.' Provide only the simplified text as the response.",simplification
463,"Simplify the following text to improve its readability, ensuring its core meaning remains intact: 'the memorial wall was designed by u.s. landscape architect maya lin.' Provide only the simplified text as the response.",simplification
464,"Simplify the following text to improve its readability, ensuring its core meaning remains intact: 'linux mint has a stated focus on elegance and it includes a number of applications that are not available in ubuntu lrb see aforementioned mint tools rrb.' Provide only the simplified text as the response.",simplification
465,"Simplify the following text to improve its readability, ensuring its core meaning remains intact: 'legal status according to the legal theory followed by the western allies the occupation of most of germany ended in with the declaration of the federal republic of germany and the german democratic republic.' Provide only the simplified text as the response.",simplification
466,"Simplify the following text to improve its readability, ensuring its core meaning remains intact: 'the feet have no hind toe and the three anterior toes are completely webbed.' Provide only the simplified text as the response.",simplification
467,"Simplify the following text to improve its readability, ensuring its core meaning remains intact: 'moulins le carbonnel is a commune in the sarthe department in the region of pays de la loire in northwestern france.' Provide only the simplified text as the response.",simplification
468,"Simplify the following text to improve its readability, ensuring its core meaning remains intact: 'other near by towns or locations are crooked corner peelwood redground wheeo narrawa north history the origin of the name is thought to be from the gandangara aboriginal word for deep water.' Provide only the simplified text as the response.",simplification
469,"Simplify the following text to improve its readability, ensuring its core meaning remains intact: 'although the metropolitan police moved away from scotland yard in the name new scotland yard was adopted for the new headquarters.' Provide only the simplified text as the response.",simplification
470,"Simplify the following text to improve its readability, ensuring its core meaning remains intact: 'in addition to the marble quarries the city has academies of sculpture and fine arts and a museum of statuaries and antiquities and a yearly marble technology fair.' Provide only the simplified text as the response.",simplification
471,"Simplify the following text to improve its readability, ensuring its core meaning remains intact: 'he was the director of antiquities in egypt during the th century who was who in egyptology... page by warren royal dawson and excavated in memphis and dashur providing many drawings of many egyptian pyramids.' Provide only the simplified text as the response.",simplification
472,"Simplify the following text to improve its readability, ensuring its core meaning remains intact: 'in practice the mean time between failures lrb mtbf o rrb is often used instead of the failure rate.' Provide only the simplified text as the response.",simplification
473,"Simplify the following text to improve its readability, ensuring its core meaning remains intact: 'the queen can be moved any number of unoccupied squares in a straight line vertically horizontally or diagonally thus combining the moves of the rook and bishop.' Provide only the simplified text as the response.",simplification
474,"Simplify the following text to improve its readability, ensuring its core meaning remains intact: 'fuz l appears to have received a good education first under his father who was a mufti in the city of al hillah and then under a teacher named rahmetullah.' Provide only the simplified text as the response.",simplification
475,"Simplify the following text to improve its readability, ensuring its core meaning remains intact: 'a gas syringe also known as glass collecting bottle is a piece of laboratory glassware used to insert or withdraw a volume of a gas from a closed system or to measure the volume of gas evolved from a chemical reaction.' Provide only the simplified text as the response.",simplification
476,"Simplify the following text to improve its readability, ensuring its core meaning remains intact: 'shines moved to hughes arkansas in and worked on farms for three years putting his musical career on hold.' Provide only the simplified text as the response.",simplification
477,"Simplify the following text to improve its readability, ensuring its core meaning remains intact: 'hereford cattle are a beef cattle breed widely used both in intemperate areas and temperate areas mainly for meat production.' Provide only the simplified text as the response.",simplification
478,"Simplify the following text to improve its readability, ensuring its core meaning remains intact: 'a fish is any aquatic vertebrate animal that is covered with scales and equipped with two sets of paired fins and several unpaired fins.' Provide only the simplified text as the response.",simplification
479,"Simplify the following text to improve its readability, ensuring its core meaning remains intact: 'the bbc sports personality of the year is an awards ceremony that takes place annually in december.' Provide only the simplified text as the response.",simplification
480,"Simplify the following text to improve its readability, ensuring its core meaning remains intact: 'during this period she had her last us chart single with a cover of smokey robinson s get ready previously a hit for the temptations and some months later a top five hit for rare earth.' Provide only the simplified text as the response.",simplification
481,"Simplify the following text to improve its readability, ensuring its core meaning remains intact: 'feuguerolles bully is a commune in the calvados department in the basse normandie region in northern france.' Provide only the simplified text as the response.",simplification
482,"Simplify the following text to improve its readability, ensuring its core meaning remains intact: 'other items have washed down gullies and still others lie beneath the waters offshore.' Provide only the simplified text as the response.",simplification
483,"Simplify the following text to improve its readability, ensuring its core meaning remains intact: 'until el paso was home to el paso natural gas company. it is now in houston texas under the name el paso corporation.' Provide only the simplified text as the response.",simplification
484,"Simplify the following text to improve its readability, ensuring its core meaning remains intact: 'possession island is located at the center of the possession island national park an area of. km established as a protected area in and managed by the queensland parks and wildlife service.' Provide only the simplified text as the response.",simplification
485,"Simplify the following text to improve its readability, ensuring its core meaning remains intact: 'at least two different versions of the ganesha sahasranama exist one version is drawn from the ganesha purana a hindu scripture venerating ganesha.' Provide only the simplified text as the response.",simplification
486,"Simplify the following text to improve its readability, ensuring its core meaning remains intact: 'by eating of the fruit of the tree adam and eve sought to be like god.' Provide only the simplified text as the response.",simplification
487,"Simplify the following text to improve its readability, ensuring its core meaning remains intact: 'the smooth running characteristics of the straight made it popular in luxury and racing cars of the past.' Provide only the simplified text as the response.",simplification
488,"Simplify the following text to improve its readability, ensuring its core meaning remains intact: 'puerto rico geographically is composed of an archipelago that includes the main island of puerto rico and a number of smaller islands and keys the largest of which are vieques culebra and mona.' Provide only the simplified text as the response.",simplification
489,"Simplify the following text to improve its readability, ensuring its core meaning remains intact: 'spice is the debut album by british pop group spice girls released on november by virgin records.' Provide only the simplified text as the response.",simplification
490,"Simplify the following text to improve its readability, ensuring its core meaning remains intact: 'more compactly an abelian group is a commutative group.' Provide only the simplified text as the response.",simplification
491,"Simplify the following text to improve its readability, ensuring its core meaning remains intact: 'he began his career in under an independent label and joined boyz n da hood in the same year his solo major label debut let s get it thug motivation was released.' Provide only the simplified text as the response.",simplification
492,"Simplify the following text to improve its readability, ensuring its core meaning remains intact: 'roquebrune is a commune in the gironde department in aquitaine in south western france.' Provide only the simplified text as the response.",simplification
493,"Simplify the following text to improve its readability, ensuring its core meaning remains intact: 'it is the only state flag of the united states to have been flown under so many various forms of government and the only to feature the union flag of the united kingdom a holdover of the period in hawaiian history when it was a british protectorate lrb rrb.' Provide only the simplified text as the response.",simplification
494,"Simplify the following text to improve its readability, ensuring its core meaning remains intact: 'for sacred music outside this tradition see religious music. see also christian music.' Provide only the simplified text as the response.",simplification
495,"Simplify the following text to improve its readability, ensuring its core meaning remains intact: 'roodhouse is a city in greene county illinois united states.' Provide only the simplified text as the response.",simplification
496,"Simplify the following text to improve its readability, ensuring its core meaning remains intact: 'ra l gonz lez blanco lrb born june in madrid spain rrb known simply as ra l is a spanish footballer who plays as a striker.' Provide only the simplified text as the response.",simplification
497,"Simplify the following text to improve its readability, ensuring its core meaning remains intact: 'the team plays at fedexfield in landover maryland which is in prince george s county maryland.' Provide only the simplified text as the response.",simplification
498,"Simplify the following text to improve its readability, ensuring its core meaning remains intact: 'the newly built general motors place lrb now rogers arena rrb shared with the vancouver canucks of the national hockey league lrb nhl rrb would serve as the grizzlies home arena for their entire stay in vancouver.' Provide only the simplified text as the response.",simplification
499,"Simplify the following text to improve its readability, ensuring its core meaning remains intact: 'horodniceni is a commune that can be found in suceava county romania.' Provide only the simplified text as the response.",simplification
500,"Simplify the following text to improve its readability, ensuring its core meaning remains intact: 'gennady nikolayevich rozhdestvensky lrb rrb lrb born may rrb is a russian conductor.' Provide only the simplified text as the response.",simplification
501,"Simplify the following text to improve its readability, ensuring its core meaning remains intact: 'fbi special agent fox william mulder is a fictional character and protagonist in the american fox television shows the x files and the lone gunmen two science fiction shows about a government conspiracy to hide or deny the truth of alien existence.' Provide only the simplified text as the response.",simplification
502,"Simplify the following text to improve its readability, ensuring its core meaning remains intact: 'its name is latin for cup and in greek mythology it is identified with the cup of the god apollo.' Provide only the simplified text as the response.",simplification
503,"Simplify the following text to improve its readability, ensuring its core meaning remains intact: 'mclean was born in west palm beach florida to his mother denise fernandez and father bob mclean.' Provide only the simplified text as the response.",simplification
504,"Simplify the following text to improve its readability, ensuring its core meaning remains intact: 'however while long legs normally indicate a fast runner the legs and even feet and toes of anchiornis were covered in feathers including long flight feathers similar to those in the hind wings of microraptor making it unlikely that anchiornis was a capable ground runner.' Provide only the simplified text as the response.",simplification
505,"Simplify the following text to improve its readability, ensuring its core meaning remains intact: 'bbc children in need is an annual british charity appeal organised by the bbc.' Provide only the simplified text as the response.",simplification
506,"Simplify the following text to improve its readability, ensuring its core meaning remains intact: 'unlike charts in the united states no airplay statistics are used for the official uk singles chart.' Provide only the simplified text as the response.",simplification
507,"Simplify the following text to improve its readability, ensuring its core meaning remains intact: 'astronomical spectroscopy is the technique of spectroscopy used in astronomy.' Provide only the simplified text as the response.",simplification
508,"Simplify the following text to improve its readability, ensuring its core meaning remains intact: 'the fresh prince of bel air is an american television sitcom that originally aired on nbc from september to may.' Provide only the simplified text as the response.",simplification
509,"Simplify the following text to improve its readability, ensuring its core meaning remains intact: 'elevators are generally powered by electric motors that either drive traction cables or counterweight systems like a hoist or pump hydraulic fluid to raise a cylindrical piston like a jack.' Provide only the simplified text as the response.",simplification
510,"Simplify the following text to improve its readability, ensuring its core meaning remains intact: 'la rivi re is a commune in the gironde department in aquitaine in southwestern france.' Provide only the simplified text as the response.",simplification
511,"Simplify the following text to improve its readability, ensuring its core meaning remains intact: 'jun ando is a japanese footballer who plays for kyoto sanga f.c..' Provide only the simplified text as the response.",simplification
512,"Simplify the following text to improve its readability, ensuring its core meaning remains intact: 'the corresponding formation on the ceiling of a cave is known as a stalactite.' Provide only the simplified text as the response.",simplification
513,"Simplify the following text to improve its readability, ensuring its core meaning remains intact: 'it reached its peak intensity of and mbar lrb hpa rrb.' Provide only the simplified text as the response.",simplification
514,"Simplify the following text to improve its readability, ensuring its core meaning remains intact: 'villeneuve is a commune in the gironde department in aquitaine in south western france.' Provide only the simplified text as the response.",simplification
515,"Simplify the following text to improve its readability, ensuring its core meaning remains intact: 'sea snakes which are also elapids have adapted to a marine way of life in different ways and to various degrees.' Provide only the simplified text as the response.",simplification
516,"Simplify the following text to improve its readability, ensuring its core meaning remains intact: 'the military of ancient rome encompasses the combined military forces of rome from the founding of the roman kingdom in the th century bc to the fall of the western roman empire.' Provide only the simplified text as the response.",simplification
517,"Simplify the following text to improve its readability, ensuring its core meaning remains intact: 'the prime minister of new zealand is new zealand s head of government consequent on being the leader of the party or coalition with majority support in the parliament of new zealand.' Provide only the simplified text as the response.",simplification
518,"Simplify the following text to improve its readability, ensuring its core meaning remains intact: 'in november the rights to the musical stage adaptation reverted back to andrew neiderman who is currently lrb as of rrb developing a new script with revised music and lyrics under the representation of mclean williams management with music composed by dutch composer sarif tribou and barney ashworth musical supervision by mike dixon and revised lyrics by sj hills.' Provide only the simplified text as the response.",simplification
519,"Simplify the following text to improve its readability, ensuring its core meaning remains intact: 'it was also at this time that shostakovich composed the first of his string quartets.' Provide only the simplified text as the response.",simplification
520,"Simplify the following text to improve its readability, ensuring its core meaning remains intact: 'the earliest animal pollinated flowers were pollinated by insects such as beetles so the syndrome of insect pollination was well established before bees first appeared.' Provide only the simplified text as the response.",simplification
521,"Simplify the following text to improve its readability, ensuring its core meaning remains intact: 'autolycus was born in pitane a town of aeolis within western anatolia.' Provide only the simplified text as the response.",simplification
522,"Simplify the following text to improve its readability, ensuring its core meaning remains intact: 'the area lies on high ground on the south side of the cathkin braes about m southeast of glasgow city center and close to the boundary with east renfrewshire.' Provide only the simplified text as the response.",simplification
523,"Simplify the following text to improve its readability, ensuring its core meaning remains intact: 'only of these have been made and sold for a premium price.' Provide only the simplified text as the response.",simplification
524,"Simplify the following text to improve its readability, ensuring its core meaning remains intact: 'it was developed by nintendo and was released on january in europe as a budget priced retail title.' Provide only the simplified text as the response.",simplification
525,"Simplify the following text to improve its readability, ensuring its core meaning remains intact: 'the coca cola company sold its minute maid orange groves in florida in.' Provide only the simplified text as the response.",simplification
526,"Simplify the following text to improve its readability, ensuring its core meaning remains intact: 'it is located on the campus of the university of northern iowa in cedar falls iowa.' Provide only the simplified text as the response.",simplification
527,"Simplify the following text to improve its readability, ensuring its core meaning remains intact: 'no stream can cut such a high mountain which proves that the swaan was there before the formation of this range.' Provide only the simplified text as the response.",simplification
528,"Simplify the following text to improve its readability, ensuring its core meaning remains intact: 'death cullen a smoker for most of his life died on july of lung cancer in los angeles.' Provide only the simplified text as the response.",simplification
529,"Simplify the following text to improve its readability, ensuring its core meaning remains intact: 'woodbury is a city in butler county kentucky united states.' Provide only the simplified text as the response.",simplification
530,"Simplify the following text to improve its readability, ensuring its core meaning remains intact: 'they can also be classified by the symbol rate measured in baud the number of times the modem changes its signal state per second.' Provide only the simplified text as the response.",simplification
531,"Simplify the following text to improve its readability, ensuring its core meaning remains intact: 'minsk and orsha are first mentioned in the chronicles.' Provide only the simplified text as the response.",simplification
532,"Simplify the following text to improve its readability, ensuring its core meaning remains intact: 'lagnes is a commune in the vaucluse department in the provence alpes c te d azur region in southeastern france.' Provide only the simplified text as the response.",simplification
533,"Simplify the following text to improve its readability, ensuring its core meaning remains intact: 'according to capablanca s second wife olga his first marriage broke down fairly soon and he and gloria had affairs.' Provide only the simplified text as the response.",simplification
534,"Simplify the following text to improve its readability, ensuring its core meaning remains intact: 'a funnel cloud that touches down on or moves over water is a waterspout.' Provide only the simplified text as the response.",simplification
535,"Simplify the following text to improve its readability, ensuring its core meaning remains intact: 'arsenic tribromide is the chemical compound with the formula asbr.' Provide only the simplified text as the response.",simplification
536,"Simplify the following text to improve its readability, ensuring its core meaning remains intact: 'he is most famous as the author of the artemis fowl series but he has also written other successful books.' Provide only the simplified text as the response.",simplification
537,"Simplify the following text to improve its readability, ensuring its core meaning remains intact: 'a competent guitarist idle composed many of the group s most famous musical numbers most notably always look on the bright side of life the closing number of life of brian which has grown to become a python signature tune.' Provide only the simplified text as the response.",simplification
538,"Simplify the following text to improve its readability, ensuring its core meaning remains intact: 'while use of flash drives is common the drive must be linux compatible.' Provide only the simplified text as the response.",simplification
539,"Simplify the following text to improve its readability, ensuring its core meaning remains intact: 'in a nih report concluded that a bmi over is overweight and a bmi over is obese. in the s the world health organization lrb who rrb decided that a bmi of to should be considered overweight and a bmi over is obese the standards the nih set.' Provide only the simplified text as the response.",simplification
540,"Simplify the following text to improve its readability, ensuring its core meaning remains intact: 'there also he met diana oughton who would become his girlfriend until her death in.' Provide only the simplified text as the response.",simplification
541,"Simplify the following text to improve its readability, ensuring its core meaning remains intact: 'a stirrup is a light frame or ring that holds the foot of a rider attached to the saddle by a strap often called a stirrup leather. stirrups are usually paired and are used to aid in mounting and as a support while using a riding animal lrb usually a horse or other equine such as a mule rrb.' Provide only the simplified text as the response.",simplification
542,"Simplify the following text to improve its readability, ensuring its core meaning remains intact: 'to address these concerns the komodo national park was founded in to protect komodo dragon populations on islands including komodo rinca and padar.' Provide only the simplified text as the response.",simplification
543,"Simplify the following text to improve its readability, ensuring its core meaning remains intact: 'he graduated from anchor bay high school in new baltimore in.' Provide only the simplified text as the response.",simplification
544,"Simplify the following text to improve its readability, ensuring its core meaning remains intact: 'mandelstam s non conformist anti establishment tendencies were not heavily disguised and in the autumn of they broke through in form of the famous stalin epigram.' Provide only the simplified text as the response.",simplification
545,"Simplify the following text to improve its readability, ensuring its core meaning remains intact: 'he is best known as the host of the daily show a satirical news program airing on comedy central.' Provide only the simplified text as the response.",simplification
546,"Simplify the following text to improve its readability, ensuring its core meaning remains intact: 'a french press also known as a press pot coffee press coffee plunger cafetiere lrb uk rrb or afeti re piston is a simple coffee brewing device which was invented in france in the late th century.' Provide only the simplified text as the response.",simplification
547,"Simplify the following text to improve its readability, ensuring its core meaning remains intact: 'rice was president bush s national security advisor during his first term.' Provide only the simplified text as the response.",simplification
548,"Simplify the following text to improve its readability, ensuring its core meaning remains intact: 'in the united states and anglophone canada as well as in parts of australia lrb new south wales tasmania and the australian capital territory rrb kindergarten is the word often restricted in use to describe the first year of education or primary school. in some of these countries it is compulsory that is parents must send children to their kindergarten year lrb generally at age rrb.' Provide only the simplified text as the response.",simplification
549,"Simplify the following text to improve its readability, ensuring its core meaning remains intact: 'according to dzogchen folklore the attainment of the rainbow body is the sign of complete realisation of the dzogchen view.' Provide only the simplified text as the response.",simplification
550,"Simplify the following text to improve its readability, ensuring its core meaning remains intact: 'vaccinium arboreum lrb sparkleberry or farkleberry rrb is a species of vaccinium native to the southeastern united states from southern virginia west to southeastern nebraska south to florida and eastern texas and north to illinois.' Provide only the simplified text as the response.",simplification
551,"Simplify the following text to improve its readability, ensuring its core meaning remains intact: 'the initial prisoners were transferred to cockatoo island from norfolk island and were employed constructing rock cut silos for storing the colony s grain supply.' Provide only the simplified text as the response.",simplification
552,"Simplify the following text to improve its readability, ensuring its core meaning remains intact: 'the highest point in the range and the peninsula is the peak of f mount osborn.' Provide only the simplified text as the response.",simplification
553,"Simplify the following text to improve its readability, ensuring its core meaning remains intact: 'the cockpit set at the extreme rear of the vehicle in the manner of a dragster was lined with fake fur and featured a general electric touch portable television inserted in the console.' Provide only the simplified text as the response.",simplification
554,"Simplify the following text to improve its readability, ensuring its core meaning remains intact: 'he eliminated both test and the big show by pinfall after a spear to become the new ecw world champion.' Provide only the simplified text as the response.",simplification
555,"Simplify the following text to improve its readability, ensuring its core meaning remains intact: 'august ndash eleanor of aragon queen of john i of castile lrb b. rrb' Provide only the simplified text as the response.",simplification
556,"Simplify the following text to improve its readability, ensuring its core meaning remains intact: 'the end of world war ii saw a landslide general election victory for clement atlee and the labour party.' Provide only the simplified text as the response.",simplification
557,"Simplify the following text to improve its readability, ensuring its core meaning remains intact: 'piper advocates christian hedonism and teaches that god is most glorified in us when we are most satisfied in him and that god s highest pursuit lrb his glory rrb and man s deepest and most durable happiness come together in one pursuit namely the pursuit of joy in god.' Provide only the simplified text as the response.",simplification
558,"Simplify the following text to improve its readability, ensuring its core meaning remains intact: 'oates alleged that there existed an extensive catholic conspiracy to assassinate charles ii accusations that led to the execution of at least men and precipitated the exclusion bill crisis.' Provide only the simplified text as the response.",simplification
559,"Simplify the following text to improve its readability, ensuring its core meaning remains intact: 'sport roubaix is the finish of the paris roubaix cycling classic from compi gne to roubaix over. km which includes almost km of cobbles.' Provide only the simplified text as the response.",simplification
560,"Simplify the following text to improve its readability, ensuring its core meaning remains intact: 'the haringhata baleswar madhumati and garai are different local names for the same river along various parts of its course and it represent another great offshoot of the ganges.' Provide only the simplified text as the response.",simplification
561,"Simplify the following text to improve its readability, ensuring its core meaning remains intact: 'casals had his memoirs recorded by albert e. kahn as joys and sorrows reflections lrb rrb.' Provide only the simplified text as the response.",simplification
562,"Simplify the following text to improve its readability, ensuring its core meaning remains intact: 'although popularly referred to as a nut the almond fruit s seed is botanically not a true nut but the seed of a drupe lrb a botanic name for a type of fruit rrb.' Provide only the simplified text as the response.",simplification
563,"Simplify the following text to improve its readability, ensuring its core meaning remains intact: 'this was intended to allow the senators of the smaller states to form a majority and amend or even reject bills originating in the house of representatives.' Provide only the simplified text as the response.",simplification
564,"Simplify the following text to improve its readability, ensuring its core meaning remains intact: 'the cape is named after american philanthropist morris ketchum jesup who helped finance peary s expeditions.' Provide only the simplified text as the response.",simplification
565,"Simplify the following text to improve its readability, ensuring its core meaning remains intact: 'but the third edition of the book published in omits the character juba and instead has lucy betrothed to one james jackson.' Provide only the simplified text as the response.",simplification
566,"Simplify the following text to improve its readability, ensuring its core meaning remains intact: 'a rose window lrb or catherine window rrb is often used as a generic term applied to a circular window but is especially used for those found in churches of the gothic architectural style and being divided into segments by stone mullions and tracery.' Provide only the simplified text as the response.",simplification
567,"Simplify the following text to improve its readability, ensuring its core meaning remains intact: 'the itai itai disease occurred in toyama around.' Provide only the simplified text as the response.",simplification
568,"Simplify the following text to improve its readability, ensuring its core meaning remains intact: 'they then named their band mighty joe young. the band recorded a demo tape that was completed around.' Provide only the simplified text as the response.",simplification
569,"Simplify the following text to improve its readability, ensuring its core meaning remains intact: 'later in the classical period the leagues would become fewer and larger be dominated by one city lrb particularly athens sparta and thebes rrb and often poleis would be compelled to join under threat of war lrb or as part of a peace treaty rrb.' Provide only the simplified text as the response.",simplification
570,"Simplify the following text to improve its readability, ensuring its core meaning remains intact: 'founded in the th century reorganised in the th century and rebuilt in the th and th centuries it is one of the largest examples of perpendicular gothic architecture in the west country.' Provide only the simplified text as the response.",simplification
571,"Simplify the following text to improve its readability, ensuring its core meaning remains intact: 'saint val rien is a commune in the vend e department in the pays de la loire region in western france.' Provide only the simplified text as the response.",simplification
572,"Simplify the following text to improve its readability, ensuring its core meaning remains intact: 'flobecq lrb picard fl bek rrb is a walloon municipality lrb with language facilities for dutch rrb located in the belgian province of hainaut.' Provide only the simplified text as the response.",simplification
573,"Simplify the following text to improve its readability, ensuring its core meaning remains intact: 'crackers which use large quantities of sulphur and paper spew out sulphur dioxide and charcoal into the air also lead and other metallic substances are suspended in the air causing respiratory problems.' Provide only the simplified text as the response.",simplification
574,"Simplify the following text to improve its readability, ensuring its core meaning remains intact: 'a commercial harbor is located on mal island.' Provide only the simplified text as the response.",simplification
575,"Simplify the following text to improve its readability, ensuring its core meaning remains intact: 'bonnemaison is a commune in the calvados department in the basse normandie region in northwestern france.' Provide only the simplified text as the response.",simplification
576,"Simplify the following text to improve its readability, ensuring its core meaning remains intact: 'lord do n t slow me down is a rockumentary film looking back on british rock band oasis do n t believe the truth world tour which took place from may to march.' Provide only the simplified text as the response.",simplification
577,"Simplify the following text to improve its readability, ensuring its core meaning remains intact: 'unlike the branle in which sideways motion was achieved by the dancer s continually bringing the feet together the gavotte required crossing of the feet twice in each step pattern and each step was followed by a hop.' Provide only the simplified text as the response.",simplification
578,"Simplify the following text to improve its readability, ensuring its core meaning remains intact: 'in the passchendale peace concert passchendale in flanders had june sharing the stage with coope boyes and simpson.' Provide only the simplified text as the response.",simplification
579,"Simplify the following text to improve its readability, ensuring its core meaning remains intact: 'in response the people of nidwalden lrb obwalden joined shortly before the document was signed the two halves forming unterwalden rrb joined uri and schwyz to form an alliance which is considered the foundation of modern switzerland.' Provide only the simplified text as the response.",simplification
580,"Simplify the following text to improve its readability, ensuring its core meaning remains intact: 'a list of standards published by the international organization for standardization.' Provide only the simplified text as the response.",simplification
581,"Simplify the following text to improve its readability, ensuring its core meaning remains intact: 'website of the city of d sseldorf short overview on the borough of gerresheim lrb german rrb' Provide only the simplified text as the response.",simplification
582,"Simplify the following text to improve its readability, ensuring its core meaning remains intact: 'chucklevision is a british television children s entertainment program.' Provide only the simplified text as the response.",simplification
583,"Simplify the following text to improve its readability, ensuring its core meaning remains intact: 'after studies at the milan conservatory in claudio abbado studied conducting with hans swarowsky at the vienna academy of music.' Provide only the simplified text as the response.",simplification
584,"Simplify the following text to improve its readability, ensuring its core meaning remains intact: 'largest win congo s o tom and pr ncipe lrb gabon july rrb' Provide only the simplified text as the response.",simplification
585,"Simplify the following text to improve its readability, ensuring its core meaning remains intact: 'the roots of a tree are generally embedded in earth providing anchorage for the above ground biomass and absorbing water and nutrients from the soil.' Provide only the simplified text as the response.",simplification
586,"Simplify the following text to improve its readability, ensuring its core meaning remains intact: 'the third contest was a standard match for the ecw championship in which the champion cm punk defended against big daddy v who was accompanied by matt striker.' Provide only the simplified text as the response.",simplification
587,"Simplify the following text to improve its readability, ensuring its core meaning remains intact: 'the film premiered on may in north america and opened the cannes film festival becoming the first animated and d film to do so.' Provide only the simplified text as the response.",simplification
588,"Simplify the following text to improve its readability, ensuring its core meaning remains intact: 'in french it is called cath drale saints michel et gudule and in dutch sint michiels en sint goedelekathedraal usually shortened to sint goedele.' Provide only the simplified text as the response.",simplification
589,"Simplify the following text to improve its readability, ensuring its core meaning remains intact: 'at the time brothers aldo and rodolfo controlled equal shares of the company though contributed less to the company than he and his sons did.' Provide only the simplified text as the response.",simplification
590,"Simplify the following text to improve its readability, ensuring its core meaning remains intact: 'there is no need to represent zero in normalized form the digit suffices.' Provide only the simplified text as the response.",simplification
591,"Simplify the following text to improve its readability, ensuring its core meaning remains intact: 'carrefour operates mainly in europe argentina brazil china colombia and in the dominican republic but also has shops in north africa and other parts of asia with most stores being of smaller size than hypermarket or even supermarket.' Provide only the simplified text as the response.",simplification
592,"Simplify the following text to improve its readability, ensuring its core meaning remains intact: 'this list consists of players who have appeared in major league baseball.' Provide only the simplified text as the response.",simplification
593,"Simplify the following text to improve its readability, ensuring its core meaning remains intact: 'charley lasted from august to august and at its peak intensity it attained mph lrb km h rrb winds making it a strong category hurricane on the saffir simpson hurricane scale.' Provide only the simplified text as the response.",simplification
594,"Simplify the following text to improve its readability, ensuring its core meaning remains intact: 'the singles from the double album paint it black and they ca n t take away our music had moderate success during.' Provide only the simplified text as the response.",simplification
595,"Simplify the following text to improve its readability, ensuring its core meaning remains intact: 'during british mount everest expedition the third british attempt on the world s highest mountain mallory and his climbing partner andrew irvine both disappeared somewhere high on the north east ridge during their attempt to make the first ascent or descent of the world s highest mountain.' Provide only the simplified text as the response.",simplification
596,"Simplify the following text to improve its readability, ensuring its core meaning remains intact: 'an extension of metro light rail service is planned to serve the city opening in reprising a role played by the phoenix street railway between and.' Provide only the simplified text as the response.",simplification
597,"Simplify the following text to improve its readability, ensuring its core meaning remains intact: 'today san juan serves as one of puerto rico s most important seaports and is the island s manufacturing financial cultural and tourism center.' Provide only the simplified text as the response.",simplification
598,"Simplify the following text to improve its readability, ensuring its core meaning remains intact: 'named juno the spacecraft is planned to launch by.' Provide only the simplified text as the response.",simplification
599,"Simplify the following text to improve its readability, ensuring its core meaning remains intact: 'the fifteen stories were meant to be a naturalistic depiction of the irish middle class life in and around dublin in the early years of the th century.' Provide only the simplified text as the response.",simplification
600,"Simplify the following text to improve its readability, ensuring its core meaning remains intact: 'possessions harry s parents left behind a somewhat large pile of wizard s gold used as currency in the world of magic in a vault in the wizarding bank gringotts.' Provide only the simplified text as the response.",simplification
601,"Simplify the following text to improve its readability, ensuring its core meaning remains intact: 'napalm bombs were notably used during the vietnam war.' Provide only the simplified text as the response.",simplification
602,"Simplify the following text to improve its readability, ensuring its core meaning remains intact: 'in the israeli supreme court overturned central elections committee decisions to disqualify mks ahmad tibi and azmi bishara and bishara s party balad from running in the elections to the th knesset.' Provide only the simplified text as the response.",simplification
603,"Simplify the following text to improve its readability, ensuring its core meaning remains intact: 'post hardcore is a genre of music that developed from hardcore punk itself an offshoot of the broader punk rock movement.' Provide only the simplified text as the response.",simplification
604,"Simplify the following text to improve its readability, ensuring its core meaning remains intact: 'in fischer did not defend his title when he could not come to agreement with fide over the conditions for the match.' Provide only the simplified text as the response.",simplification
605,"Simplify the following text to improve its readability, ensuring its core meaning remains intact: 'the song refers to the comic book character silver surfer.' Provide only the simplified text as the response.",simplification
606,"Simplify the following text to improve its readability, ensuring its core meaning remains intact: 'orchestral arrangements by johnny mandel provided the background on when i look in your eyes lrb o o rrb more grammy nominations came along and she was rewarded as best jazz musician of the year.' Provide only the simplified text as the response.",simplification
607,"Simplify the following text to improve its readability, ensuring its core meaning remains intact: 'ripley kills it by using her own acidic blood to burn a hole through a viewing pane causing the creature to be drawn violently through the small hole and into the vacuum of space.' Provide only the simplified text as the response.",simplification
608,"Simplify the following text to improve its readability, ensuring its core meaning remains intact: 'coulter is a city in franklin county iowa united states.' Provide only the simplified text as the response.",simplification
609,"Simplify the following text to improve its readability, ensuring its core meaning remains intact: 'the woman team for instance is in the first bundesliga lrb i.e. national league rrb the man team in the second.' Provide only the simplified text as the response.",simplification
610,"Simplify the following text to improve its readability, ensuring its core meaning remains intact: 'rossillon is a commune in the ain department in eastern france.' Provide only the simplified text as the response.",simplification
611,"Simplify the following text to improve its readability, ensuring its core meaning remains intact: 'it is k long approximately k wide and is the most heavily militarized border in the world.' Provide only the simplified text as the response.",simplification
612,"Simplify the following text to improve its readability, ensuring its core meaning remains intact: 'the puzzle will reveal the next set of coordinates.' Provide only the simplified text as the response.",simplification
613,"Simplify the following text to improve its readability, ensuring its core meaning remains intact: 'hurricane nora was the first pacific hurricane to bring gale force winds to the continental united states since kathleen in.' Provide only the simplified text as the response.",simplification
614,"Simplify the following text to improve its readability, ensuring its core meaning remains intact: 'by international agreement it is defined as on the kelvin scale and as. c on the celsius scale. this equates to. f on the fahrenheit scale.' Provide only the simplified text as the response.",simplification
615,"Simplify the following text to improve its readability, ensuring its core meaning remains intact: 'they escaped several days later in a gun battle but pottinger recovered the stolen gold taken by the prisoners.' Provide only the simplified text as the response.",simplification
616,"Simplify the following text to improve its readability, ensuring its core meaning remains intact: 'all official inquiries on the matter concluded that baader and his two accomplices committed collective suicide and baader meinhof biographer stefan aust argued in the original edition of his book the baader meinhof group lrb o o rrb that they almost assuredly did kill themselves.' Provide only the simplified text as the response.",simplification
617,"Simplify the following text to improve its readability, ensuring its core meaning remains intact: 'thin lizzy are an irish hard rock band who formed in dublin ireland in.' Provide only the simplified text as the response.",simplification
618,"Simplify the following text to improve its readability, ensuring its core meaning remains intact: 'pernant is a commune in the aisne department in picardie in northern france.' Provide only the simplified text as the response.",simplification
619,"Simplify the following text to improve its readability, ensuring its core meaning remains intact: 'carl philipp emanuel bach lrb march ndash december rrb was a german musician and composer the second of three sons of johann sebastian bach and maria barbara bach.' Provide only the simplified text as the response.",simplification
620,"Simplify the following text to improve its readability, ensuring its core meaning remains intact: 'one of the wettest spots on earth with an annual average rainfall of is located on the east side of mount waialeale.' Provide only the simplified text as the response.",simplification
621,"Simplify the following text to improve its readability, ensuring its core meaning remains intact: 'pescozada is a hip hop group formed in chalatenango el salvador.' Provide only the simplified text as the response.",simplification
622,"Simplify the following text to improve its readability, ensuring its core meaning remains intact: 'katharine hope mcphee lrb born march rrb is an american pop and r b singer songwriter actress model and television personality.' Provide only the simplified text as the response.",simplification
623,"Simplify the following text to improve its readability, ensuring its core meaning remains intact: 'however independence was temporarily interrupted on april until may when norway was occupied by nazi germany.' Provide only the simplified text as the response.",simplification
624,"Simplify the following text to improve its readability, ensuring its core meaning remains intact: 'this field overlaps with other areas of biology and chemistry particularly genetics and biochemistry.' Provide only the simplified text as the response.",simplification
625,"Simplify the following text to improve its readability, ensuring its core meaning remains intact: 'susan victoria lucci lrb born december rrb is an american actress best known for portraying erica kane on the daytime drama all my children.' Provide only the simplified text as the response.",simplification
626,"Simplify the following text to improve its readability, ensuring its core meaning remains intact: 'the miserable mill is the fourth novel in the book series a series of unfortunate events by lemony snicket.' Provide only the simplified text as the response.",simplification
627,"Simplify the following text to improve its readability, ensuring its core meaning remains intact: 'a large number of mammals lrb including some humans rrb and predatory birds have a brown coloration.' Provide only the simplified text as the response.",simplification
628,"Simplify the following text to improve its readability, ensuring its core meaning remains intact: 'prostate cancer is a form of cancer that develops in the prostate a gland in the male reproductive system.' Provide only the simplified text as the response.",simplification
629,"Simplify the following text to improve its readability, ensuring its core meaning remains intact: 'in it branched out into a separate company named opera software asa.' Provide only the simplified text as the response.",simplification
630,"Simplify the following text to improve its readability, ensuring its core meaning remains intact: 'on february hamilton was verbally heckled and otherwise abused during pre season testing at the circuit de catalunya in catalonia by several spanish spectators who wore black face paint and black wigs as well as shirts bearing the words hamilton s.' Provide only the simplified text as the response.",simplification
631,"Simplify the following text to improve its readability, ensuring its core meaning remains intact: 'a peridotite is a dense coarse grained igneous rock consisting mostly of the minerals olivine and pyroxene.' Provide only the simplified text as the response.",simplification
632,"Simplify the following text to improve its readability, ensuring its core meaning remains intact: 'the town of barmah victoria is unusual in that it is north of part of new south wales although everywhere else victoria is south of new south wales.' Provide only the simplified text as the response.",simplification
633,"Simplify the following text to improve its readability, ensuring its core meaning remains intact: 'shirley jackson lrb december august rrb was an influential american author.' Provide only the simplified text as the response.",simplification
634,"Simplify the following text to improve its readability, ensuring its core meaning remains intact: 'the first verifiable formal use of a brass horn as a military signal device was the halbmondblaser literally half moon blower used in hanover in.' Provide only the simplified text as the response.",simplification
635,"Simplify the following text to improve its readability, ensuring its core meaning remains intact: 'as of the university had approximately students and in it was nominated as best university among italian institutions of higher education with more than students.' Provide only the simplified text as the response.",simplification
636,"Simplify the following text to improve its readability, ensuring its core meaning remains intact: 'it is one approach to ecosystem valuation an alternative to the traditional view of all non human life as passive natural resources and to the idea of ecological health.' Provide only the simplified text as the response.",simplification
637,"Simplify the following text to improve its readability, ensuring its core meaning remains intact: 'high school students attend rocky mountain high school in byron.' Provide only the simplified text as the response.",simplification
638,"Simplify the following text to improve its readability, ensuring its core meaning remains intact: 'the coil and the driver s magnetic system interact generating a mechanical force that causes the coil lrb and thus the attached cone rrb to move back and forth thereby reproducing sound under the control of the applied electrical signal coming from the amplifier.' Provide only the simplified text as the response.",simplification
639,"Simplify the following text to improve its readability, ensuring its core meaning remains intact: 'it works similarly to the html markup sequence lrb rrb that is a non breaking space a bullet and a normal space.' Provide only the simplified text as the response.",simplification
640,"Simplify the following text to improve its readability, ensuring its core meaning remains intact: 'as their name implies all decapods have ten legs these are five pairs of thoracic appendages on the last five thoracic segments.' Provide only the simplified text as the response.",simplification
641,"Simplify the following text to improve its readability, ensuring its core meaning remains intact: 'miniature breeds of beagle type dogs were known from the times of edward ii and henry vii who both had packs of glove beagles so named since they were small enough to fit on a glove and queen elizabeth i kept a breed known as a pocket beagle which stood t at the shoulder.' Provide only the simplified text as the response.",simplification
642,"Simplify the following text to improve its readability, ensuring its core meaning remains intact: 'assisi lrb from the rrb is a town of italy in province of perugia in the umbria region and on the western flank of monte subasio.' Provide only the simplified text as the response.",simplification
643,"Simplify the following text to improve its readability, ensuring its core meaning remains intact: 'the french departments are now grouped into metropolitan and four overseas regions.' Provide only the simplified text as the response.",simplification
644,"Simplify the following text to improve its readability, ensuring its core meaning remains intact: 'located close to the border with germany it is the capital of the bas rhin department.' Provide only the simplified text as the response.",simplification
645,"Simplify the following text to improve its readability, ensuring its core meaning remains intact: 'freddie mercury lrb born farrokh bulsara lrb gujarati rrb september november rrb was a british musician best known as the lead vocalist and a songwriter of the rock band queen.' Provide only the simplified text as the response.",simplification
646,"Simplify the following text to improve its readability, ensuring its core meaning remains intact: 'the budapest commuter area is home to people.' Provide only the simplified text as the response.",simplification
647,"Simplify the following text to improve its readability, ensuring its core meaning remains intact: 'lrb mmvi rrb was a common year starting on sunday of the gregorian calendar.' Provide only the simplified text as the response.",simplification
648,"Simplify the following text to improve its readability, ensuring its core meaning remains intact: 'the carter doctrine was a policy proclaimed by president of the united states jimmy carter in his state of the union address on january which stated that the united states would use military force if necessary to defend its national interests in the persian gulf region.' Provide only the simplified text as the response.",simplification
649,"Simplify the following text to improve its readability, ensuring its core meaning remains intact: 'shangri la is studded with bright islands of higher ground.' Provide only the simplified text as the response.",simplification
650,"Simplify the following text to improve its readability, ensuring its core meaning remains intact: 'it is used primarily to reduce the pain of intramuscular injection of penicillin and it is also used in dentistry.' Provide only the simplified text as the response.",simplification
651,"Simplify the following text to improve its readability, ensuring its core meaning remains intact: 'he started twenty seventh lrb rain out rrb but finished eighth in the joe gibbs driven performance oil chevrolet.' Provide only the simplified text as the response.",simplification
652,"Simplify the following text to improve its readability, ensuring its core meaning remains intact: 'the grito de dolores lrb cry of dolores rrb also known as el grito de la independencia lrb cry of independence rrb uttered from the small town of dolores near guanajuato on september is the event that marks the beginning of the mexican war of independence and is the most important national holiday observed in mexico.' Provide only the simplified text as the response.",simplification
653,"Simplify the following text to improve its readability, ensuring its core meaning remains intact: 'most modern browsers allow users to decide whether to accept cookies and the time frame to keep them but rejecting cookies makes some websites unusable.' Provide only the simplified text as the response.",simplification
654,"Simplify the following text to improve its readability, ensuring its core meaning remains intact: 'they are usually served as a sweet breakfast food topped with butter and various syrups but are also found in many different savory dishes such as fried chicken and waffles or topped with kidney stew.' Provide only the simplified text as the response.",simplification
655,"Simplify the following text to improve its readability, ensuring its core meaning remains intact: 'among the tribal populace roe that has been deeply roasted over an open fire is a delicacy.' Provide only the simplified text as the response.",simplification
656,"Simplify the following text to improve its readability, ensuring its core meaning remains intact: 'these were the umbrians living in small fortified settlements on high ground.' Provide only the simplified text as the response.",simplification
657,"Simplify the following text to improve its readability, ensuring its core meaning remains intact: 'production bryan singer the director of the first two x men films left the project during preproduction in order to direct the film superman returns.' Provide only the simplified text as the response.",simplification
658,"Simplify the following text to improve its readability, ensuring its core meaning remains intact: 'pattan kalan is located in the eastern edge of abbottabad district where it forms part of the khyber pakhtunkhwa s border with muzaffarabad district kashmir.' Provide only the simplified text as the response.",simplification
659,"Simplify the following text to improve its readability, ensuring its core meaning remains intact: 'at that point the original band dissolved. paul ellington mercer s youngest son and executor of the duke ellington estate kept the duke ellington orchestra going from mercer s death onwards.' Provide only the simplified text as the response.",simplification
660,"Simplify the following text to improve its readability, ensuring its core meaning remains intact: 'raynald of chatillon is released from prison in aleppo.' Provide only the simplified text as the response.",simplification
661,"Simplify the following text to improve its readability, ensuring its core meaning remains intact: 'he was the first prime minister from the australian labour party lrb the spelling of labour was changed to labor in rrb and the first labour party prime minister in the world.' Provide only the simplified text as the response.",simplification
662,"Simplify the following text to improve its readability, ensuring its core meaning remains intact: 'events tied to cinco de mayo also occur outside mexico and the united states.' Provide only the simplified text as the response.",simplification
663,"Simplify the following text to improve its readability, ensuring its core meaning remains intact: 'the character of sarah jane played by sladen appeared in doctor who from to alongside jon pertwee as the third doctor and later tom baker as the fourth doctor.' Provide only the simplified text as the response.",simplification
664,"Simplify the following text to improve its readability, ensuring its core meaning remains intact: 'he became the pakistan army s first native commander in chief in and was the youngest full general and self appointed star rank field marshal in pakistan s military history.' Provide only the simplified text as the response.",simplification
665,"Simplify the following text to improve its readability, ensuring its core meaning remains intact: 'pamela hayden audrey wasilewski voicing katrina shanks meltsner nicknamed trina was originally played by pamela hayden lrb rrb but later was portrayed by audrey wasilewski lrb present rrb.' Provide only the simplified text as the response.",simplification
666,"Simplify the following text to improve its readability, ensuring its core meaning remains intact: 'kazunoko lrb rrb herring roe yellow or pinkish having a firm rubbery texture and appearance usually pickled.' Provide only the simplified text as the response.",simplification
667,"Simplify the following text to improve its readability, ensuring its core meaning remains intact: 'in culture and mythology european mistletoe viscum album figured prominently in greek mythology and is believed to be the golden bough of aeneas ancestor of the romans.' Provide only the simplified text as the response.",simplification
668,"Simplify the following text to improve its readability, ensuring its core meaning remains intact: 'a moth is an insect closely related to the butterfly both being of the order lepidoptera.' Provide only the simplified text as the response.",simplification
669,"Simplify the following text to improve its readability, ensuring its core meaning remains intact: 'he gave a series of four subscription concerts and since then the orchestra has given concerts continuously.' Provide only the simplified text as the response.",simplification
670,"Simplify the following text to improve its readability, ensuring its core meaning remains intact: 'under equal temperament the scales sound exactly the same such key pairs are said to be enharmonically equivalent.' Provide only the simplified text as the response.",simplification
671,"Simplify the following text to improve its readability, ensuring its core meaning remains intact: 'j nk ping is situated by the southern end of sweden s second largest lake v ttern. the original town j nk ping has grown together with huskvarna and norrahammar forming a contiguous urban area since wholly within the same municipality.' Provide only the simplified text as the response.",simplification
672,"Simplify the following text to improve its readability, ensuring its core meaning remains intact: 'the greek art of the drama had its roots in religious festivals for the gods chiefly dionysus the god of wine.' Provide only the simplified text as the response.",simplification
673,"Simplify the following text to improve its readability, ensuring its core meaning remains intact: 'yvelines is a french department in the region of le de france.' Provide only the simplified text as the response.",simplification
674,"Simplify the following text to improve its readability, ensuring its core meaning remains intact: 'the island of kauai has been featured in more than seventy hollywood movies and television shows including the musical south pacific and disney s animated feature film and television series lilo stitch lilo stitch stitch has a glitch stitch !' Provide only the simplified text as the response.",simplification
675,"Simplify the following text to improve its readability, ensuring its core meaning remains intact: 'history the wwe women s championship is descended from the same lineage as the nwa world women s championship of the national wrestling alliance lrb nwa rrb which is still active today.' Provide only the simplified text as the response.",simplification
676,"Simplify the following text to improve its readability, ensuring its core meaning remains intact: 'the castle was built in the c by sir john cornwall later lord fanhope from ransoms after the battle of agincourt.' Provide only the simplified text as the response.",simplification
677,"Simplify the following text to improve its readability, ensuring its core meaning remains intact: 'very often it is the largest number of votes that win but there may be other criteria to weight against.' Provide only the simplified text as the response.",simplification
678,"Simplify the following text to improve its readability, ensuring its core meaning remains intact: 'the city centre lies near the river and features a large triumphal arch dedicated to bokassa the presidential palace and the central market.' Provide only the simplified text as the response.",simplification
679,"Simplify the following text to improve its readability, ensuring its core meaning remains intact: 'it is located on open land six kilometers west of nelspruit south africa the capital of the mpumalanga province.' Provide only the simplified text as the response.",simplification
680,"Simplify the following text to improve its readability, ensuring its core meaning remains intact: 'in his father brought home a great piece of news and while young john lubbock initially thought that it might be a new pony and was disappointed that the news was just that charles darwin was moving to down house in the village he was soon a frequent visitor to down house and became the closest of darwin s younger friends.' Provide only the simplified text as the response.",simplification
681,"Simplify the following text to improve its readability, ensuring its core meaning remains intact: 'the mandolin is the soprano member of the mandolin family as the violin is the soprano member of the violin family.' Provide only the simplified text as the response.",simplification
682,"Simplify the following text to improve its readability, ensuring its core meaning remains intact: 'in the sixteenth century it became a protestant city.' Provide only the simplified text as the response.",simplification
683,"Simplify the following text to improve its readability, ensuring its core meaning remains intact: 'even when constantine dedicated the new capital of constantinople which became the seat of byzantine christianity for a millennium he did so wearing the apollonian sun rayed diadem.' Provide only the simplified text as the response.",simplification
684,"Simplify the following text to improve its readability, ensuring its core meaning remains intact: 'jean pierre papin lrb born november in boulogne sur mer rrb is a former french professional football player who was european footballer of the year in.' Provide only the simplified text as the response.",simplification
685,"Simplify the following text to improve its readability, ensuring its core meaning remains intact: 'minister of the interior and health lars l kke rasmussen served as interior and health minister between and until he was appointed minister of finance in.' Provide only the simplified text as the response.",simplification
686,"Simplify the following text to improve its readability, ensuring its core meaning remains intact: 'sayeeda hussain warsi baroness warsi lrb born march rrb is a british lawyer and politician.' Provide only the simplified text as the response.",simplification
687,"Simplify the following text to improve its readability, ensuring its core meaning remains intact: 'yoda tells luke that although he requires no further training he will not truly be a jedi until he confronts his father.' Provide only the simplified text as the response.",simplification
688,"Simplify the following text to improve its readability, ensuring its core meaning remains intact: 'notre dame de monts is a commune in the vend e department in the pays de la loire region in western france.' Provide only the simplified text as the response.",simplification
689,"Simplify the following text to improve its readability, ensuring its core meaning remains intact: 'bellengreville is a commune in the calvados department in the basse normandie region in northwestern france.' Provide only the simplified text as the response.",simplification
690,"Simplify the following text to improve its readability, ensuring its core meaning remains intact: 'once in every game each king is allowed to make a special move known as castling.' Provide only the simplified text as the response.",simplification
691,"Simplify the following text to improve its readability, ensuring its core meaning remains intact: 'power over ethernet or poe technology describes a system to pass electrical power safely along with data on ethernet cabling.' Provide only the simplified text as the response.",simplification
692,"Simplify the following text to improve its readability, ensuring its core meaning remains intact: 'the municipality is bordered to the southwest by grimstad to the northwest by froland and to the northeast by tvedestrand.' Provide only the simplified text as the response.",simplification
693,"Simplify the following text to improve its readability, ensuring its core meaning remains intact: 'the revolution series opened in to build on well attended events such as the world championships and world cup meetings and provide more regular events.' Provide only the simplified text as the response.",simplification
694,"Simplify the following text to improve its readability, ensuring its core meaning remains intact: 'titusville could have been called riceville but titus challenged capt. clark rice to a game of dominoes to decide the name.' Provide only the simplified text as the response.",simplification
695,"Simplify the following text to improve its readability, ensuring its core meaning remains intact: 'originally the group s musical style was largely composed of short simple songs which would evolve over the years into heavily hardcore influenced crossover thrash with gwar s musical experimentation becoming present in scumdogs of the universe america must be destroyed and this toilet earth.' Provide only the simplified text as the response.",simplification
696,"Simplify the following text to improve its readability, ensuring its core meaning remains intact: 'she transitioned to a film career starring in several films aimed at teenage audiences including she s the man lrb o o rrb and hairspray lrb o o rrb.' Provide only the simplified text as the response.",simplification
697,"Simplify the following text to improve its readability, ensuring its core meaning remains intact: 'haseena atom bomb is a cult pakistani film directed by saeed ali khan.' Provide only the simplified text as the response.",simplification
698,"Simplify the following text to improve its readability, ensuring its core meaning remains intact: 'it is closed several times a year to prevent water damage to london s low lying areas upstream lrb as in the thames flood for example rrb.' Provide only the simplified text as the response.",simplification
699,"Simplify the following text to improve its readability, ensuring its core meaning remains intact: 'from chongqing became a municipality of the republic of china.' Provide only the simplified text as the response.",simplification
700,"Simplify the following text to improve its readability, ensuring its core meaning remains intact: 'a drive shaft connecting the gearbox to a rear differential is called a propeller shaft or prop shaft.' Provide only the simplified text as the response.",simplification
701,"Simplify the following text to improve its readability, ensuring its core meaning remains intact: 'established in in response to increasing attempts to silence voices of dissent by imprisoning writers the writers in prison committee monitors the cases of over writers who have been imprisoned tortured threatened attacked made to disappear and killed for the peaceful practice of their profession.' Provide only the simplified text as the response.",simplification
702,"Simplify the following text to improve its readability, ensuring its core meaning remains intact: 'miguel de cervantes saavedra lrb september april rrb was a spanish novelist poet and playwright.' Provide only the simplified text as the response.",simplification
703,"Simplify the following text to improve its readability, ensuring its core meaning remains intact: 'he then released a cover version of leo sayer s when i need you as a single which reached number in the uk singles chart as well as a follow up single called no matter what i do which reached number.' Provide only the simplified text as the response.",simplification
704,"Simplify the following text to improve its readability, ensuring its core meaning remains intact: 'this list of u.s. state slogans makes up the advertising slogans currently and formerly used by u.s. states.' Provide only the simplified text as the response.",simplification
705,"Simplify the following text to improve its readability, ensuring its core meaning remains intact: 'he is the simpson family s pet greyhound.' Provide only the simplified text as the response.",simplification
706,"Simplify the following text to improve its readability, ensuring its core meaning remains intact: 'mohamed abdullah zidan lrb born december in port said rrb is an egyptian footballer.' Provide only the simplified text as the response.",simplification
707,"Simplify the following text to improve its readability, ensuring its core meaning remains intact: 'he was called to work in padua and also in rimini where today only a crucifix remains in the church of st. francis painted before.' Provide only the simplified text as the response.",simplification
708,"Simplify the following text to improve its readability, ensuring its core meaning remains intact: 'a person who studies bryophyta is called a bryologist.' Provide only the simplified text as the response.",simplification
709,"Simplify the following text to improve its readability, ensuring its core meaning remains intact: 'dixon s career began in when she met sabrina washington when they both joined a dance school in fulham west london.' Provide only the simplified text as the response.",simplification
710,"Simplify the following text to improve its readability, ensuring its core meaning remains intact: 'there were also joint railways between the big four and a few light railways to consider see list of constituents of british railways. excluded from nationalisation were industrial lines like the oxfordshire ironstone railway narrow gauge railways like the ffestiniog railway were also excluded apart from two which were already owned by a company which was itself to be nationalised.' Provide only the simplified text as the response.",simplification
711,"Simplify the following text to improve its readability, ensuring its core meaning remains intact: 'dorothy marie dottie metcalf lindenburger was born on may in colorado springs colorado and married jason metcalf lindenburger a seventh grade teacher at the time in.' Provide only the simplified text as the response.",simplification
712,"Simplify the following text to improve its readability, ensuring its core meaning remains intact: 'it is one of the best preserved of all roman buildings.' Provide only the simplified text as the response.",simplification
713,"Simplify the following text to improve its readability, ensuring its core meaning remains intact: 'viewer s choice serviced both home satellite dish and cable customers while request tv though broadcasting to cable viewers would not become available to dish owners until the s.' Provide only the simplified text as the response.",simplification
714,"Simplify the following text to improve its readability, ensuring its core meaning remains intact: 'the series is played between the winners of western conference finals and eastern conference finals.' Provide only the simplified text as the response.",simplification
715,"Simplify the following text to improve its readability, ensuring its core meaning remains intact: 'destiny fulfilled is the fourth and final studio album by american r b trio destiny s child released by columbia records on november in north america.' Provide only the simplified text as the response.",simplification
716,"Simplify the following text to improve its readability, ensuring its core meaning remains intact: 'during the first boer war the city was besieged by republican forces in december and march.' Provide only the simplified text as the response.",simplification
717,"Simplify the following text to improve its readability, ensuring its core meaning remains intact: 'blake has been awarded honorary degrees including an honorary degree by cambridge university in and honorary doctorates from the institute of education loughborough university the open university and anglia ruskin university in.' Provide only the simplified text as the response.",simplification
718,"Simplify the following text to improve its readability, ensuring its core meaning remains intact: 'the international hydrographic organization lrb iho rrb recognizes it as an ocean although some oceanographers call it the arctic mediterranean sea or simply the arctic sea classifying it as one of the mediterranean seas of the atlantic ocean. alternatively the arctic ocean can be seen as the northernmost part of the all encompassing world ocean.' Provide only the simplified text as the response.",simplification
719,"Simplify the following text to improve its readability, ensuring its core meaning remains intact: 'sir stanley matthews cbe lrb february february rrb was an english footballer.' Provide only the simplified text as the response.",simplification
720,"Simplify the following text to improve its readability, ensuring its core meaning remains intact: 'today this fragmented relic range extends from india in the west to china and southeast asia in the east.' Provide only the simplified text as the response.",simplification
721,"Simplify the following text to improve its readability, ensuring its core meaning remains intact: 'in the th century during the great movement termed the carolingian renaissance these annals became the usual form of contemporary history it suffices to mention the royal frankish annals the annales fuldenses the annales bertiniani the annales laureshamenses lrb or of lorsch rrb officially compiled in order to preserve the memory of the more interesting acts of charlemagne his ancestors and his successors.' Provide only the simplified text as the response.",simplification
722,"Simplify the following text to improve its readability, ensuring its core meaning remains intact: 'a clipper was a very fast sailing ship of the th century that had three or more masts and a square rig.' Provide only the simplified text as the response.",simplification
723,"Simplify the following text to improve its readability, ensuring its core meaning remains intact: 'note that the city of zhytomyr is not a part of the zhytomyr raion the city itself is designated as its own separate raion within the oblast moreover zhytomyr consists of two so called raions in a city the bohunskyi raion and the koroliovskyi raion lrb named in honor of sergei koroliov rrb.' Provide only the simplified text as the response.",simplification
724,"Simplify the following text to improve its readability, ensuring its core meaning remains intact: 'ndash miners are killed when a coal mine fire in the donbass region of ukraine releases toxic gas.' Provide only the simplified text as the response.",simplification
725,"Simplify the following text to improve its readability, ensuring its core meaning remains intact: 'displacement can also be very small as found in kei cars sold in japan such as the subaru en series engines that started out at cc and are currently at cc with variable valve timing dohc and superchargers resulting in engines that produce p.' Provide only the simplified text as the response.",simplification
726,"Simplify the following text to improve its readability, ensuring its core meaning remains intact: 'on december hazel died from internal bleeding and liver failure.' Provide only the simplified text as the response.",simplification
727,"Simplify the following text to improve its readability, ensuring its core meaning remains intact: 'in october the gazette embarked on their first european tour performing in england finland france and germany.' Provide only the simplified text as the response.",simplification
729,Extract key content based on the background information and the conversation:Iron Man is starring Robert Downey Jr.Robert Downey Jr. starred in Zodiac (Crime Fiction Film)Zodiac (Crime Fiction Film) is starring Jake Gyllenhaal[Human]: Do you like Iron Man [Assistant]: Sure do! Robert Downey Jr. is a favorite. [Human]: Yes i like him too did you know he also was in Zodiac a crime fiction film. Only provide the simplified text as the answer.,dialogue
730,"Extract key content based on the background information and the conversation:The Secret Life of Bees has genre Teen drama. Teen drama has examples: A Walk to RememberA Walk to Remember is produced by Hunt LowryHunt Lowry produced A Walk to Remember. A Walk to Remember is a/an Film[Human]: Could you recommend any books like The Secret Life of Bees? [Assistant]: Yes, its a great teen book, have you heard about A walk to remember ? It is also a great teen drama [Human]: I think I have.. is that one with Hunt Lowry? Only provide the simplified text as the answer.",dialogue
731,"Extract key content based on the background information and the conversation:Michael Jackson wrote Dancing the DreamDancing the Dream is written by Michael Jackson. Michael Jackson : `Award Won`: Grammy Award for Album of the YearMichael Jackson : `~Lyricist`: Heal the World[Human]: Do you like Michael Jackson? [Assistant]: I do he was very talented and an all around performer. He wrote Dancing on the Dream which is one of my favorites.  [Human]: Yes, he was very talented indeed. He also won Grammy of the Year, possibly more than once Only provide the simplified text as the answer.",dialogue
732,Extract key content based on the background information and the conversation:Dead to the World is written by Charlaine Harris[Human]: Could you recommend books similar to Dead to the World? Only provide the simplified text as the answer.,dialogue
733,"Extract key content based on the background information and the conversation:Ryan Reynolds starred in TurboTurbo is starring Snoop DoggSnoop Dogg starred in Turbo[Human]: Could you recommend a good movie with Ryan Reynolds? [Assistant]: Sure! He starred in X-Men Origins:Wolverine, and Turbo. The Proposal was a great movie too. [Human]: Who else was starring in Turbo, I think I saw there Snoop Dog? Only provide the simplified text as the answer.",dialogue
734,Extract key content based on the background information and the conversation:Home Alone is written by John Hughes. John Hughes wrote Ferris Bueller's Day Off[Human]: I like Home Alone could you give me recommendations based on this one [Human]: I need recommendations based on the movie Home Alone [Assistant]: Do you like it because it's a family film? [Human]: because it is funny Only provide the simplified text as the answer.,dialogue
735,Extract key content based on the background information and the conversation:Neal Stephenson wrote ZodiacZodiac is written by Neal StephensonNeal Stephenson wrote The System of the World[Human]: Could you recommend any good books by Neal Stephenson? [Assistant]: He Wrote Zodiac [Human]: Could you tell me about books similar to Zodiac? That book is vaguely familar. Only provide the simplified text as the answer.,dialogue
736,"Extract key content based on the background information and the conversation:The Martian is starring Matt Damon[Human]: I like the movie ""The Martian"", could you recommend a movie similar to it? [Assistant]: Do you like The Martian because it stars Matt Damon? [Human]: I like the movie because of its story line. [Assistant]: Matt Damon also starred in The Bourne Ultimatum which is Crime Fiction Film [Human]: I have not seen that movie yet. i do like Crime Fiction so I think that is a great choice. Thank you Only provide the simplified text as the answer.",dialogue
737,"Extract key content based on the background information and the conversation:Harper Lee wrote To Kill a MockingbirdTo Kill a Mockingbird : `Subject`: Drama. Drama has examples: Dark ShadowsDark Shadows is written by Seth Grahame-Smith[Human]: Do you know anything about the author Harper Lee? [Assistant]: He wrote To Kill a Mockingbird, and Go set a Watchman. [Human]: I like that book. Do you think its along the same lines as Dark Shadow?  Only provide the simplified text as the answer.",dialogue
738,Extract key content based on the background information and the conversation:Pulp Fiction is written by Roger AvaryRoger Avary wrote The Rules of Attraction. The Rules of Attraction is starring Swoosie KurtzThe Rules of Attraction is starring Fred Savage[Human]: I like Pulp Fiction. What do you think about it? [Assistant]: I love it. It was written by  Roger Avary [Human]: I heard he also wrote The Rules of Attraction. Do you know who is in that movie? Only provide the simplified text as the answer.,dialogue
739,Extract key content based on the background information and the conversation:Fight Club is starring Jared Leto. Jared Leto starred in Panic Room[Human]: Could you recommend some movies similar to Fight Club? Only provide the simplified text as the answer.,dialogue
740,"Extract key content based on the background information and the conversation:San Francisco Giants : `~Team Owned`: Bill Neukom[Human]: Do you know anything about the San Francisco Giants? [Assistant]: Yes, it was owned by Bill Neukom and it's a Major League Baseball team.  [Human]: Can you tell me about him and owing the the Baseball team?  [Assistant]: He is former managing general partner of the San Francisco Giants baseball team ownership group. He held this position from May 2008 to December 31, 2011 and he was the managing partner when the Giants won the World Series in 2010 [Human]: Does he still own the team? Only provide the simplified text as the answer.",dialogue
741,"Extract key content based on the background information and the conversation:Wreck-It Ralph is starring Rich Moore[Human]: Could you recommend something like Wreck-It Ralph for me to watch with my kids? [Assistant]: Sure! Wreck-It Ralph was written by Rich Moore who also stars in it along side Sarah Silverman,its an animated film. Do you like Animated films? [Human]: Yes, animated films are what I'm looking for. [Assistant]: Another good Animated Film he directed is James and the Giant Peach. Have you seen this family movie yet? [Human]: I saw it many years ago, but I'd like to watch it again! Only provide the simplified text as the answer.",dialogue
742,Extract key content based on the background information and the conversation:Yann Martel wrote Beatrice and VirgilBeatrice and Virgil was released 2010. 2010 is written by Arthur C. Clarke[Human]: do you have books by Yann Martel? [Assistant]: He wrote Life of Pi and Beatrice and Virgil. Have you read either of those ? [Human]: no. Beatrice and Virgil sounds good. when was it released? Only provide the simplified text as the answer.,dialogue
743,Extract key content based on the background information and the conversation:Manny Pacquiao starred in Wam Bam Pac's The ManWam Bam Pac's The Man is starring Manny Pacquiao. Manny Pacquiao : `~Fighter`: Oscar De La Hoya vs. Manny Pacquiao[Human]: Do you know of Manny Pacquiao? [Assistant]: I know that she starred in Wam Bam Pac's The Man [Human]: Really? I'm guessing he starred as a featherweight fighter?  Only provide the simplified text as the answer.,dialogue
744,"Extract key content based on the background information and the conversation:Ten Little Niggers is written by Agatha ChristieAgatha Christie wrote They Do it with MirrorsThey Do it with Mirrors is written by Agatha Christie. Agatha Christie : `~Influenced By`: P. D. James[Human]: Can you please recommend books like the Ten Little Niggers? [Assistant]: It was written by Agatha Christie and released in 1939 [Human]: I am a fan of  Agatha Christie! Do you have other books written by her? [Assistant]: Yes she wrote quite a few, including Evil Under the Sun, Elephants Can Remember and Death on the Nile [Human]: Cool! Go on with the list of her books please. Only provide the simplified text as the answer.",dialogue
745,"Extract key content based on the background information and the conversation:Ellen Forney wrote The Absolutely True Diary of a Part-Time Indian. The Absolutely True Diary of a Part-Time Indian : `Subject`: Adolescence[Human]: Could you recommend some Ellen Forney books? My friend reads her but I've never heard of her. [Assistant]: the absolutely true diary of a part time Indian was her most popular [Human]: When did that come out and what genre is it? [Assistant]: It is a good book for adolescence but anyone might enjoy it [Human]: Ok thanks, I'll check that one out. Only provide the simplified text as the answer.",dialogue
746,"Extract key content based on the background information and the conversation:There's Something About Mary is starring Sarah SilvermanSarah Silverman starred in I Am Comic. I Am Comic is starring Margaret ChoMargaret Cho starred in I Am Comic[Human]: Do you have some fun facts about the movie There's Something About Mary? [Assistant]: Sure. It's an all star cast that includes Ben Stiller, Cameron Diaz, Sarah Silverman and Matt Dillon [Human]: I love all of those actors, what else is Sarah Silverman in? [Assistant]: She's a great comedian and comedic actor. She was also in What Planet Are You From and the original Wreck-It Ralph. [Human]: I haven't seen what Planet Are You From, Wreck-It Ralph was cute. I heard she was in I Am Comic. Do you know who else stared in that? Only provide the simplified text as the answer.",dialogue
747,"Extract key content based on the background information and the conversation:Damian Lillard : `Sport played`: BasketballBasketball has examples: Space Jam. Space Jam is starring Michael JordanSpace Jam has genre Animation[Human]: Do you know Damian Lillard? [Assistant]: I think he is a Basketball player, play as a point guard. He might be from Oakland. Are you a fan of his? [Human]: I don't really know much about him. I do like Michael Jordan in Space Jam Only provide the simplified text as the answer.",dialogue
748,Extract key content based on the background information and the conversation:Stanley Kubrick directed Full Metal Jacket. Full Metal Jacket is starring Vincent D'OnofrioFull Metal Jacket is starring Matthew ModineMatthew Modine starred in Full Metal Jacket[Human]: What can you tell me about Director Stanley Kubrick? [Assistant]: Stanley Kubrick directed Eyes Wide Shut and Full Metal Jacket. Have you heard of either? [Human]: Eyes Wide Shut I feel starred Nicole Kidman and Full Metal Jacket....Did that have Matthew Modine and Adam Baldwin in it? Only provide the simplified text as the answer.,dialogue
749,"Extract key content based on the background information and the conversation:Thor: The Dark World is starring Natalie PortmanNatalie Portman starred in No Strings Attached. No Strings Attached is written by Elizabeth MeriwetherNo Strings Attached : `~Film Executive Produced`: Natalie Portman[Human]: Can you tell me about the movie Thor: The Dark World? [Assistant]: Oh I love this movie, it stars Natalie Portman, Chris Hemsworth and Anthony Hopkins.  It's a Fantasy movie and the genre is adveture.  [Human]: Oh, I like all of them, can you tell me what else Natalie Portman has been in? Only provide the simplified text as the answer.",dialogue
750,"Extract key content based on the background information and the conversation:Demi Lovato starred in Princess Protection Program[Human]: I love Demi Lovato! I think she is a great singer, don't you? [Assistant]: I like her too and also I like the movie Princess Protection Program and Camp Rock [Human]: Oh yeah. Camp Rock was great. Do you know what year that came out? [Assistant]: It was released 2008, and also do you know that Nick Jonas starring in this movie? [Human]: Yes I do. He is also very talented. Did you know they are both great singers too? Only provide the simplified text as the answer.",dialogue
751,Extract key content based on the background information and the conversation:Jim Butcher wrote Welcome to the JungleWelcome to the Jungle is written by Jim ButcherJim Butcher wrote White Night. White Night has genre Mystery[Human]: I like Jim Butcher [Assistant]: I do too! Jim Butcher wrote Welcome to the Jungle. [Human]: What was the released year? Only provide the simplified text as the answer.,dialogue
752,"Extract key content based on the background information and the conversation:Brendon Urie : `~Composer`: Ready to Go (Get Me Out of My Mind)Ready to Go (Get Me Out of My Mind) : `Composer`: Brendon Urie. Brendon Urie : `Place Musical Career Began`: Las Vegas-Paradise, NV Metropolitan Statistical AreaLas Vegas-Paradise, NV Metropolitan Statistical Area : `~Place of death`: Harry James[Human]: I have never heard about Brendon Urie. Have you? [Assistant]: I have not either but he composed a song called Ready To go (get out of my mind), do you know it? [Human]: No way! Seems like he started his career in Las Vegas, where I live. Probably he must have been one of the contestants of the American Idol show? Only provide the simplified text as the answer.",dialogue
753,"Extract key content based on the background information and the conversation:Natalie Babbitt wrote Tuck Everlasting. Tuck Everlasting has genre Romance novelTuck Everlasting is written by Natalie BabbittNatalie Babbitt wrote Tuck Everlasting. Tuck Everlasting has genre Fiction[Human]: I like Natalie Babbitt books, does the author release any new books you can recommend? [Assistant]: There are quite a number of books by Natalie Babbitt in different genres. Would you prefer any particular genre? [Human]: Well I do have any preference, but live comedy books [Assistant]: Right now we have Romance, Fiction and Children's Literature and I am sorry it is limited at the moment. [Human]: Is Tuck Everlasting an interesting one? Only provide the simplified text as the answer.",dialogue
754,"Extract key content based on the background information and the conversation:Charlotte's Web is written by Rosemary WellsRosemary Wells wrote Charlotte's WebCharlotte's Web has genre Speculative fiction[Human]: My Niece is reading Charlotte's Web and I want some other books like that to give to her. Can you suggest some? [Assistant]: Stuart Little is the next in series of Charlotte's Web. That would be a good book to read.  [Human]: Sounds good. I know that it's written by Rosemary Wells, what genre is it considered? Something like Speculative Fiction? Only provide the simplified text as the answer.",dialogue
755,"Extract key content based on the background information and the conversation:The Boy in the Striped Pyjamas has genre Tragicomedy[Human]: Do you know about the book: The Boy in the Striped Pyjamas? [Assistant]: I've heard it was good! Its a tragicomedy, its post-modern literature, and it was written by John Boyne.  Are you familiar with his work? [Human]: No, what genre does he typically write? [Assistant]: I would say Tragicomedy is his thing.  Another example of this genre is Infinite Jest, which I enjoyed. [Human]: Tragicomedy sounds like a good genre. Do you know of some other titles in that genre? Only provide the simplified text as the answer.",dialogue
756,Extract key content based on the background information and the conversation:Lord of War is written by Andrew Niccol[Human]: Who is the director of Lord of War? [Assistant]: Lord of War as written by Andrew Niccol. [Human]: Could you recommend any other that wrote by him? [Assistant]: In Time was wriiten by him. You may like that. [Human]: Sounds fun. How would you describe the main characters in Lord of War? Only provide the simplified text as the answer.,dialogue
757,Extract key content based on the background information and the conversation:Rihanna is a/an Musician[Human]: Do you like Rihanna? [Assistant]: I like her as a singer.  Did you know she was a designer as well? [Human]: Oh that's a news to me. I like her songs.  [Assistant]: Are you a fan of k.d. Lang.  I like some of her stuff. [Human]: I am not much aware of her. What is your favorite  k.d. Lang stuff? Only provide the simplified text as the answer.,dialogue
758,"Extract key content based on the background information and the conversation:John Seelye wrote The Adventures of Tom Sawyer[Human]: Could you recommend books by  John Seelye? [Assistant]: He wrote The Adventures of Tom Sawyer, The Adventures of Huckleberry Finn, and  A Princess of Mars. [Human]: What genre is The Adventures of Tom Sawyer? [Assistant]: Bildungsroman, Picaresque Fiction, Satire, Folklore, Children's literature [Human]: When was The Adventures of Tom Sawyer was released ? Only provide the simplified text as the answer.",dialogue
759,"Extract key content based on the background information and the conversation:Just Listen is written by Sarah DessenSarah Dessen wrote This LullabyThis Lullaby is written by Sarah Dessen[Human]: Do you know who wrote Just Listen?  [Assistant]: Sarah Dessen is the author.  do you like to read young adults books? [Human]: I do like young adult books. I am not familiar with Sarah Dessen, did she write any other books?  Only provide the simplified text as the answer.",dialogue
760,"Extract key content based on the background information and the conversation:What Alice Forgot is written by Liane Moriarty[Human]: I like What Alice Forgot, but forget who wrote it.  Can you help? [Assistant]: It was written by Liane Moriarty and released in 2009. Are you interested in her books? [Human]: Yes, what are some other titles? [Assistant]: She also wrote The Last Anniversary and The Hypnotist's Love Story.  [Human]: What's the Last Anniversary about? Only provide the simplified text as the answer.",dialogue
761,Extract key content based on the background information and the conversation:The Shawshank Redemption : `Subject`: Prison[Human]: I like the movie The Shawshank Redemption. Do you have any thing similar to recommend? Only provide the simplified text as the answer.,dialogue
762,"Extract key content based on the background information and the conversation:David O. Russell directed I Heart Huckabees. I Heart Huckabees is starring Dustin Hoffman[Human]: Can you tell me what David O. Russell has directed? [Assistant]: Sure. He directed Three Kings. HE also directed the wonderful film I Heart Huckabees with Lily Tomlin and Dustin Hoffman. [Human]: I have never seen I Heart Huckabees. Is it a comedy? [Assistant]: Yes, it an Indie film and as well as a comedy. It really is a great movie. Do you like that genre? [Human]: I do. So you recommend it? Only provide the simplified text as the answer.",dialogue
763,"Extract key content based on the background information and the conversation:Catherine Hardwicke directed Red Riding Hood. Red Riding Hood is written by David Leslie Johnson[Human]: Could you recommend movies directed by Catherine Hardwicke? [Assistant]: Sure! She directed ""Red Riding Hood,"" ""Twilight,"" and ""Thirteen."" Would you like to know more about any of them? [Human]: Yes, who starred in Red Riding Hood? I like this kind of movie. [Assistant]: The most noteworthy stars in the film are Virginia Madison and Michael Shanks. [Human]: Oh I love her movies. Do you know of others with her in them? Only provide the simplified text as the answer.",dialogue
764,"Extract key content based on the background information and the conversation:Floyd Mayweather, Jr. is a/an Boxer[Human]: Do you know who Floyd Mayweather, Jr is?  [Assistant]: Do you mean Money Mayweather? [Human]: Is that a nickname for Floyd?  [Assistant]: yes, do you know why? [Human]: I have no idea. I don't know who he is.  Only provide the simplified text as the answer.",dialogue
765,"Extract key content based on the background information and the conversation:Don Cheadle starred in The Guard. The Guard is starring Wale Ojo[Human]: Could you recommend anything by the actor Don Cheadle? [Assistant]: Sure, Don Cheadle starred in The Guard, Talk to Me, and Crash. Do you like his movies? [Human]: I do! I think he's a great actor. Do you know what genre The Guard is? [Assistant]: Yes, The Guard is a comedy crime fiction thriller. Do you like comedies? [Human]: I love comedies. Do you know who stars in The Guard? Only provide the simplified text as the answer.",dialogue
766,"Extract key content based on the background information and the conversation:11/22/63 is written by Stephen King. Stephen King starred in Pet Sematary (Horror Film)Stephen King wrote The Dead Zone. The Dead Zone has genre DramaThe Dead Zone is written by Stephen King[Human]: Do you know of any books referring to 11/23/63? [Assistant]: 1/22/63 is written by Stephen King, and he starred in Pet Sematary. do you like horror films?  [Human]: I dislike Horror, it freaks me out, did steven king write anything in the drama genre? Only provide the simplified text as the answer.",dialogue
767,"Extract key content based on the background information and the conversation:Mulholland Drive is starring Robert ForsterRobert Forster starred in Vigilante (Action/Adventure Film)Vigilante (Action/Adventure Film) is starring Robert Forster. Robert Forster starred in Thick as Thieves[Human]: Who was in the movie Mulholland Drive? [Assistant]: Robert Forster, Patrick Fischler and Naomi Watts are a few actors in the movie.  It is a  genre Psychological thriller. [Human]: I like Naomi Watts but What else has Robert Forster starred in? Only provide the simplified text as the answer.",dialogue
768,"Extract key content based on the background information and the conversation:Jerry Spinelli wrote Milkweed. Milkweed has genre Historical novelHistorical novel has examples: The Other Boleyn GirlThe Other Boleyn Girl : `Next in series`: The Queen's Fool[Human]: Do you know what Jerry Spinelli wrote? I have have heard a lot about him lately.  [Assistant]: Sure, he wrote the historical novel Milkweed. Do you enjoy those types of books? [Human]: I have never read one. Could you give me another example of a historical novel?  Only provide the simplified text as the answer.",dialogue
769,"Extract key content based on the background information and the conversation:Radamel Falcao : `Position(s)`: MidfielderMidfielder : `~Position(s)`: Vincent KompanyVincent Kompany : `Position(s)`: Defender. Defender : `Sport`: Football[Human]: Do you know anything you could tell me about Radamel Falcao? [Assistant]: Radamel Falcao is a Midfielder and Forward from Santa Marta [Human]: Oh, a soccer midfielder, link Vincent Kompany and Victor Moses.  Only provide the simplified text as the answer.",dialogue
770,"Extract key content based on the background information and the conversation:Ravichandran Ashwin : `Sport played`: Cricket (Interest)Cricket (Interest) : `~Sport`: Pakistan national cricket teamPakistan national cricket team : `~Team`: Wasim Akram[Human]: Do you know anything about Ravichandran Ashwin? [Assistant]: He is a Cricket player from India, do you like cricket? [Human]: Yes, I'm interested in it.  What club or team is he on? [Assistant]: He plays for Tamil Nadu in domestic cricket and captain King IX Punjab in the Indian Premier league.  [Human]: Interesting.  Do you know any players on the Pakistan Natl. Cricket team? Only provide the simplified text as the answer.",dialogue
771,"Extract key content based on the background information and the conversation:Little Women is written by Louisa May AlcottLouisa May Alcott is a/an WriterWriter has example: William Steig[Human]: Do you have any books similar to Little Women? [Assistant]: Do you like the author Louisa May Alcott?  She wrote Little Women. [Human]: Louisa May Alcott was a writer influenced by Stephenie Meyer, do you have any works by her instead? Only provide the simplified text as the answer.",dialogue
772,Extract key content based on the background information and the conversation:FC Bayern Munich : `Sport`: Football[Human]: What do you think about FC Bayern Munich? Only provide the simplified text as the answer.,dialogue
773,"Extract key content based on the background information and the conversation:The Fighter is starring Micky WardMicky Ward starred in The Fighter. The Fighter is written by Paul TamasyThe Fighter is written by Scott Silver[Human]: I like The Fighter [Assistant]: Me, too! Especially because it stars Micky Ward, Mark Wahlberg and Melissa McMeekin. You might like Million Dollar Baby or Against the Ropes, too. [Human]: who wrote the fighter Only provide the simplified text as the answer.",dialogue
774,Extract key content based on the background information and the conversation:Dale Carnegie wrote How to Win Friends and Influence People[Human]: Do you know Dale Carnegie? [Assistant]: Dale Carnegie wrote How to Win Friends. [Human]: Ok what genre is that? Only provide the simplified text as the answer.,dialogue
775,"Extract key content based on the background information and the conversation:John Boyne wrote The Boy in the Striped PyjamasThe Boy in the Striped Pyjamas has genre Historical novel[Human]: I like John Boynes books, can you recommend any other books by him? [Assistant]: Sure, you may enjoy The Boy in the Striped Pajamas its a tragicomedy [Human]: Is the Boy in the Striped Pyjamas Historical novel? Only provide the simplified text as the answer.",dialogue
776,"Extract key content based on the background information and the conversation:The Outsiders has genre Young-adult fictionYoung-adult fiction has examples: Wicked LovelyWicked Lovely has genre Young-adult fiction. Young-adult fiction has examples: This Lullaby[Human]: I love the book The Outsiders. Can you recommend any similar book? [Assistant]: Yes, it is a series and the next series is That was Then, This is Now. They are young-adult fiction. Do you like young adult fiction? [Human]: Yes, I like it since I read Wicked Lovel, I really enjoyed that book. Only provide the simplified text as the answer.",dialogue
777,Extract key content based on the background information and the conversation:Guy Ritchie wrote Snatch. Snatch is starring Ewen BremnerSnatch has genre Thriller[Human]: Could you recommend a movie by Guy Ritchie? [Assistant]: Snatch is a popular movie by Guy Ritchie. [Human]: Sounds like a good movie. I love Triller. Besides Brad Pitt who star in the movie? Only provide the simplified text as the answer.,dialogue
778,"Extract key content based on the background information and the conversation:Tom Wilkinson starred in The Gathering Storm (Political drama Film)The Gathering Storm (Political drama Film) is starring Tom WilkinsonTom Wilkinson starred in Valkyrie. Valkyrie has genre Political thriller[Human]: Could you recommend films that Tom Wilkinson did? [Assistant]: Sure, he has done a bunch. The Gathering Storm is a political drama, and The Full Monty is a Comedy-drama. Do you have a preference? [Human]: The Gathering Storm is interesting. I like political dramas.  Only provide the simplified text as the answer.",dialogue
779,"Extract key content based on the background information and the conversation:Arundhati Roy wrote The God of Small ThingsThe God of Small Things is written by Arundhati Roy[Human]: Could you recommend any good books by the author Arundhati Roy? [Assistant]: Sure! Arundhati Roy has written The God of Small Things, it was released in 1997. You might enjoy that one. [Human]: What other books did he write? Only provide the simplified text as the answer.",dialogue
780,"Extract key content based on the background information and the conversation:Dr. Seuss wrote There's a Wocket in My Pocket[Human]: Could you recommend a few Dr. Seuss' books, please? [Assistant]: Have you heard of There's a Wocket in My Pocket? He wrote this one. [Human]: i have not! Is that one of his classics? [Assistant]: I know that it was released in the year 1974. Would you like to hear more of Dr Seuss' books? [Human]: Yes, please. Maybe one or two more. Just to keep my options open. Only provide the simplified text as the answer.",dialogue
781,"Extract key content based on the background information and the conversation:Cesc Fàbregas : `~Player statistics`: Spain national football teamSpain national football team : `Sport Team Location`: SpainSpain : `~Sport Team Location`: Spain national football team[Human]: Do you know Cesc Fàbregas? [Assistant]: Sure, Cesc Fabregas is an athlete and plays for the Spain National Football Team. Do you like Football? [Human]: I do like football. Isn't he a player in Spain? Only provide the simplified text as the answer.",dialogue
782,"Extract key content based on the background information and the conversation:In Bruges is in language French. French has examples: The Girl on the Train[Human]: Could you recommend films similar to 'In Bruges'? [Assistant]: A French film like In Bruges is The Girl on the Train.If you like thrillers, The Descent is also similar. [Human]: The Girl on the Train is starring Emilie Dequenne, do you know of any others staring her? [Assistant]: She is great in Brotherhood of the Wolf. Would you like to recommendations for similar science fiction movies? [Human]: I will check that one out! I do not need any further recommendations. Thank you Only provide the simplified text as the answer.",dialogue
783,Extract key content based on the background information and the conversation:Basher Savage starred in GravityGravity is starring Amy Warren[Human]: Do you have any actor recommendations similar to Basher Savage? [Assistant]: No I don't.   I'm sorry.  He stars in Gravity [Human]: Who else is in the movie Gravity? [Assistant]: Ok.  Gravity also stars Phaldut Sharma and Amy Warren. [Human]: Does Amy Warren have any other movies similar to Gravity? Only provide the simplified text as the answer.,dialogue
784,Extract key content based on the background information and the conversation:In the Woods is written by Tana French. Tana French wrote The LikenessThe Likeness : `~Next in series`: In the Woods. In the Woods has genre MysteryMystery has examples: The Sleeping Doll. The Sleeping Doll is written by Jeffery Deaver[Human]: Could you recommend any books similar to In the Woods? [Assistant]: Sure! Do you like books by Tana French? She also wrote The Likeness. [Human]: I have never heard of Tana French before. What other books did she write? [Assistant]: Tana French is the author of Into the Woods. She also wrote Faithful Place and Broken Harbor. Do you want other recommendations? [Human]: I know that The Likeness and Into the Woods are both mysteries. Do you know of any similar mysteries by different authors? Only provide the simplified text as the answer.,dialogue
785,Extract key content based on the background information and the conversation:Orphan Train is written by Christina Baker KlineChristina Baker Kline wrote Orphan TrainOrphan Train was released 2013. 2013 was the year that released Fueled[Human]: Do you know any books similar to Orphan Train? [Assistant]: I really like all the work of Christina Baker Kline.  Do you like her work as well? [Human]: I've only heard of Orphan Train. What else has she written? Only provide the simplified text as the answer.,dialogue
786,"Extract key content based on the background information and the conversation:The Terminal is starring Tom HanksTom Hanks starred in That Thing You Do!. That Thing You Do! has genre Comedy[Human]: Could you recommend anything about the movie The Terminal? [Assistant]: Yes- The Terminal movie has Tom Hanks. It was released in 2004. [Human]: I like Tom Hanks! What other movies has he been in? [Assistant]: Tom Hanks is one of my favorites too! Forrest Gump,  Philadelphia, The Green Mile.  [Human]: Can you recommend another one of his comedies? Only provide the simplified text as the answer.",dialogue
787,"Extract key content based on the background information and the conversation:Chris Penn starred in True RomanceTrue Romance is starring Val KilmerVal Kilmer starred in True Romance. True Romance is written by Quentin Tarantino[Human]: Do you know about the actor Chris Penn? [Assistant]: Yes, he starred in True Romance and The Wild Life. [Human]: Ah. Who else starred in True Romance? Only provide the simplified text as the answer.",dialogue
788,"Extract key content based on the background information and the conversation:Mike Newell directed Pushing Tin[Human]: Do you know what films Mike Newell directed? [Assistant]: He directed Pushing Tin, Prince of Persia, and Harry Potter and the Goblet of Fire to name a few.  [Human]: I didn't know that he directed Pushing Tin. That's interesting. Do you also know who wrote Pushing Tin? [Assistant]: Glen Charles and Darcy Frey wrote Pushing Tin, it's a romance. [Human]: Sounds good. Thanks for your help! Only provide the simplified text as the answer.",dialogue
789,Extract key content based on the background information and the conversation:Kevin Durant : `Sport played`: BasketballBasketball : `~Sport played`: Stephen Curry[Human]: What do you think about Kevin Durant? [Assistant]: Kevin Durant is a Basketball player. Do you like him? [Human]: I don't really know him. I like Steph Curry with the Warriors. Do you know him? Only provide the simplified text as the answer.,dialogue
790,"Extract key content based on the background information and the conversation:Hot Fuzz is starring Simon PeggSimon Pegg starred in Star Trek (Science Fiction Film)Star Trek (Science Fiction Film) is starring Simon Pegg[Human]: Could you recommend the movie Hot Fuzz?  I haven't heard much about it. [Assistant]: Sure, it stars Simon Pegg and a comedy. Do you like the actor? [Human]: I really like him, he was in Star Trek and Shaun of the Dead correct? Only provide the simplified text as the answer.",dialogue
791,"Extract key content based on the background information and the conversation:Moonrise Kingdom has genre Romance Film. Romance Film has examples: Win a Date with Tad Hamilton!Win a Date with Tad Hamilton! is starring Sean HayesSean Hayes starred in The Three Stooges[Human]: Can you recommend any movies like Moonrise Kingdon? [Assistant]: Sure. Is it the romance in the film that interests you? If so may i recommend Win a Date with Tad Hamilton! [Human]: Yes, interesting who stars in it? [Assistant]: It is! It stars Topher Grace and also Sean Hayes. [Human]: I see, I like Sean Hayes any other movies with him in it? Only provide the simplified text as the answer.",dialogue
792,Extract key content based on the background information and the conversation:The Dark Knight is directed by Christopher Nolan. Christopher Nolan is a/an Film director[Human]: Could you recommend movies similar to the The Dark Knight? [Assistant]: The sequel to The Dark Knight is Batman Begins. [Human]: Okay. Who is the director of The Dark Knight and any other movies from him not related to Batman? Only provide the simplified text as the answer.,dialogue
793,"Extract key content based on the background information and the conversation:Jean M. Auel wrote The Valley of HorsesThe Valley of Horses was released 19821982 was the year that released War Horse. War Horse is directed by Steven Spielberg[Human]: Do you have any information on the author, Jean M. Auel? [Assistant]: Jean M Auel is well known for two books, The Valley of the Horses and the Shelters of Stone. [Human]: What genre are they? [Assistant]: I can tell you that The Valley of Horses is  historical fiction novel for one. [Human]: When was it released? I do like historical fiction! Only provide the simplified text as the answer.",dialogue
794,Extract key content based on the background information and the conversation:The Mark of Athena : `~Next in series`: The Son of Neptune. The Son of Neptune is written by Rick RiordanThe Son of Neptune has genre FantasyFantasy : `~Subject`: Harry Potter and the Prisoner of Azkaban. Harry Potter and the Prisoner of Azkaban has genre Young-adult fiction[Human]: Can you recommend a book similar to The Mark of Athena? [Assistant]: The Son of Neptune is another Greek mythology book by Rick Riordan. [Human]: Is that a fantasy book? Only provide the simplified text as the answer.,dialogue
795,"Extract key content based on the background information and the conversation:Golden State Warriors : `~Drafted`: Wayne Cooper (Basketball Player)Wayne Cooper (Basketball Player) : `Drafted`: Golden State Warriors. Golden State Warriors : `Arena/Stadium`: SAP Center at San JoseSAP Center at San Jose : `Contained by`: Silicon Valley[Human]: Do you like the Golden State Warriors? [Assistant]: I am not truly familiar with them but I think they once Drafted Wayne Cooper. [Human]: Are you from Oakland, they play at the SAP Center. Only provide the simplified text as the answer.",dialogue
796,"Extract key content based on the background information and the conversation:Anita Diamant wrote The Red Tent[Human]: Could you recommend some books by author Anita Diamant? [Assistant]: Anita Diamant wrote The Red Tent, The Last Days pf Dogtown, and The Boston Girl. Have you heard of these before? [Human]: No I haven't. Could you tell me what genre they are? [Assistant]: These books are all Historical fiction. Do you like that genre? [Human]: I like a good historical fiction book every so often. Do you have any other recommendations? Only provide the simplified text as the answer.",dialogue
797,"Extract key content based on the background information and the conversation:Gary Chapman wrote The Five Love Languages: How to Express Heartfelt Commitment to Your MateThe Five Love Languages: How to Express Heartfelt Commitment to Your Mate is written by Gary ChapmanGary Chapman wrote The Five Love Languages: How to Express Heartfelt Commitment to Your Mate[Human]: Do you know Gary Chapman, tell me about some of his works [Assistant]: Gary Chapman has worked on many things like Stories about love and feelings to composing music. [Human]: Wait a second, did he write The Five Love Languages: How to Express Heartfelt Commitment to Your Mate? Only provide the simplified text as the answer.",dialogue
798,Extract key content based on the background information and the conversation:Madonna : `~Spouse (or domestic partner)`: Sean Penn. Sean Penn starred in Fast Times at Ridgemont High[Human]: I used to love Madonna back in the day. Only provide the simplified text as the answer.,dialogue
799,"Extract key content based on the background information and the conversation:Connie Nielsen starred in The Situation[Human]: Could you recommend any movies staring Connie Nielsen. I hear she's a great actress.  [Assistant]: Yes, she is very talented.  She starred in The Situation, The Ice Harvest and also in The Hunted, among others. [Human]: I do remember her in The Ice Harvest, but I haven't seen The Situation. Who else is in the movie? [Assistant]: Shaun Evans and Damian Lewis are the principal actors. [Human]: Ahh Damian Lewis from Billions. I do like him as an actor. I'll have to check out The Situation. Thanks for the recommendation.  Only provide the simplified text as the answer.",dialogue
800,"Extract key content based on the background information and the conversation:John Lennon wrote Yellow Submarine. Yellow Submarine is written by Paul McCartney[Human]: What do you know about John Lennon? [Assistant]: I know he wrote The Yellow Submarine. [Human]: Have you listened to his music before? [Assistant]: Yes, I have. I am a Beatles fan, how about you? [Human]: No, I don't really listen to them.  What are your favorite songs by them Only provide the simplified text as the answer.",dialogue
801,"Extract key content based on the background information and the conversation:A Wrinkle in Time : `Next in series`: A Wind in the Door. A Wind in the Door is written by Madeleine L'EngleMadeleine L'Engle wrote A Wrinkle in TimeA Wrinkle in Time is written by Madeleine L'Engle. Madeleine L'Engle wrote An Acceptable Time (Time Quintet, #5)[Human]: Could you recommend books like A Wrinkle in Time? I really liked that one. [Assistant]: Yes, there is a next in series called a Wind in the Door. [Human]: Madeleine L'Engle wrote A Wrinkle in Time. Is A Wind in the Door also by her? Only provide the simplified text as the answer.",dialogue
802,"Extract key content based on the background information and the conversation:Pink is a/an SingerSinger has example: Rihanna. Rihanna starred in BattleshipBattleship has genre Science Fiction[Human]: Do you know anything about the musician Pink? [Assistant]: She has a song called pill and that she was married to a motorcross pro. You like her? [Human]: I remember that track. She's cool. I have a friend was into for some time. She's got a good voice. You like her? [Assistant]: Yeah, I usually dont listen to that kind of music but she is very cool as a person and a singer. I like Rihanna too. You?  [Human]: Yeah, she's cool too - nice vocal style. She starred in Battleship, didn't she? Only provide the simplified text as the answer.",dialogue
803,"Extract key content based on the background information and the conversation:Arsenal is a/an Sports Team[Human]: Do you watch any Arsenal games? [Assistant]: I am not even familiar with that term, tell me more [Human]: It's a football (soccer) team out of London. Do you watch football ? [Assistant]: The only sports I watch is American football [Human]: What is your favorite team ? Only provide the simplified text as the answer.",dialogue
804,"Extract key content based on the background information and the conversation:Frank Finlay starred in Wild Geese[Human]: What movies were Frank Finlay in? [Assistant]: Frank Finlay is in Wild Geese, Twisted Nerve, The Waiting Room, and many more. Do you like him because of the Romance genre? [Human]: Yes, could you recommend other movies in that genre? [Assistant]: Sure. Have you heard of Wild Geese?  It's very popular and Frank Finlay is staring in it. [Human]: No I have not, thank you  Only provide the simplified text as the answer.",dialogue
805,"Extract key content based on the background information and the conversation:Peter Dinklage starred in X-Men: Days of Future Past[Human]: Could you recommend any tv or movies with Peter Dinklage in them? [Assistant]: Yes, Peter Dinklage starred in X-Men, Underdog, and The Station Agent.  [Human]: Thank you! Is the X-Men: Days of Future Past staring Hugh Jackman the movie that Peter Dinklage is in? [Assistant]: Yes, Peter Dinklage starred in that movie along with Jennifer Lawrence. [Human]: Are there any tv shows that Peter Dinklage is in also? Only provide the simplified text as the answer.",dialogue
806,"Extract key content based on the background information and the conversation:Storm Front is written by Jim Butcher. Jim Butcher wrote Turn Coat[Human]: Could you recommend a book by the author of Storm Front? [Assistant]: Sure! That would be written by Jim Butcher, who also wrote Turn Coat. Have you read that one? [Human]: No I have not. What genre is it? [Assistant]: It's an urban fantasy as well as mystery and speculative fiction. [Human]: Sounds intriguing. Do you know the year it was published? Only provide the simplified text as the answer.",dialogue
807,Extract key content based on the background information and the conversation:Haley Joel Osment starred in The Jungle Book 2[Human]: I like Haley Joel Osment.  [Assistant]: Haley Joel Osment starred in several movies. But he is most famous for his role In Sixth Sense. Have you watched that film? [Human]: yes Only provide the simplified text as the answer.,dialogue
808,"Extract key content based on the background information and the conversation:The Game is starring Sean PennSean Penn directed Into the Wild. Into the Wild has genre Biographical filmInto the Wild is starring Zach Galifianakis[Human]: Do you like the movie The Game? [Assistant]: The one starring Sean Penn, sure. Do you like thrillers? [Human]: I love them. Sean Penn produced The Pledge. The Pledge has genre Thriller. Do you like them? [Assistant]: Yes, you might also enjoy The Weight of Water if you like thrillers starring Sean Penn. [Human]: I will have to check it out. Sean Penn directed Into the Wild. Into the Wild has genre Biographical film. That is another good one to check out. Only provide the simplified text as the answer.",dialogue
809,"Extract key content based on the background information and the conversation:X-Men 2 : `~Film Executive Produced`: Bryan Singer. Bryan Singer directed X-MenX-Men : `~Adapted From`: X-Men 2. X-Men 2 has genre Superhero movieX-Men 2 is starring Bryan Singer. Bryan Singer directed X-Men: Days of Future Past[Human]: Do you like the movie X-Men 2? [Assistant]: Yes, Bryan Singer directed X-Men 2 and stars Hugh Jackman. [Human]: I love Hugh Jackman as Wolverine. What other movies do you have similar? Only provide the simplified text as the answer.",dialogue
810,Extract key content based on the background information and the conversation:McG directed We Are Marshall[Human]: i like McG Only provide the simplified text as the answer.,dialogue
811,Extract key content based on the background information and the conversation:Como agua para chocolate is written by Laura Esquivel. Laura Esquivel is a/an Writer[Human]: Do know about Como agua para chocolate? [Assistant]: It was released in 1989 and was written by Laura Esquivel who is also a teacher. [Human]: That's wonderful! I will have to check that out!  [Assistant]: It was also released in 1992 as a film. I think it is mostly a romance but has some magical fiction in it. [Human]: I like when books turn into movies! I will look that up as well. Thanks for the information! Only provide the simplified text as the answer.,dialogue
812,Extract key content based on the background information and the conversation:Gautam Gambhir : `Team`: Delhi Daredevils[Human]: What do you think about Gautam Gmbhir? Only provide the simplified text as the answer.,dialogue
813,Extract key content based on the background information and the conversation:Chris Penn starred in True RomanceTrue Romance is written by Quentin Tarantino[Human]: Do you Know Chris Penn? [Assistant]: He is an actor who starred in True Romance and The Wild Life.  Have you seen either of those? [Human]: True Romance I have and I love it but not Wild Life. Can you tell me more? Only provide the simplified text as the answer.,dialogue
814,"Extract key content based on the background information and the conversation:Jennifer Weiner wrote In Her Shoes. In Her Shoes is written by Susannah GrantIn Her Shoes is written by Jennifer WeinerJennifer Weiner wrote In Her Shoes. In Her Shoes has genre Drama[Human]: I like Jennifer Weiner books, what about you? [Assistant]: I've read only one. In Her Shoes. I like it.  [Human]: Interesting fact, Ridley Scott produced a movie based on that book. Only provide the simplified text as the answer.",dialogue
815,Extract key content based on the background information and the conversation:Guy Cardwell wrote The Adventures of Tom Sawyer[Human]: Could you recommend any books by Guy Cardwell? [Assistant]: He wrote The Adventures of Tom Sawyer  [Human]: What kind of book is that? [Assistant]: These books are literary criticism  [Human]: Oh wow! That is definitely a genre that I'd be interested in learning more about. Only provide the simplified text as the answer.,dialogue
816,Extract key content based on the background information and the conversation:Baz Luhrmann directed The Great Gatsby (Award-Winning Work). The Great Gatsby (Award-Winning Work) is starring Tobey MaguireTobey Maguire starred in Spider-ManSpider-Man is starring Tobey Maguire[Human]: What movies has Baz Luhrmann directed? [Assistant]: Baz Luhrmann directed The Great Gatsby (Award-Winning Work). The Great Gatsby (Award-Winning Work) is starring Tobey Maguire. what else can i answer for you? [Human]: Was Tobey Maguire in anything else? [Assistant]: Tobey Maguire starred in The Cider House Rules. what else can i do for you today? [Human]: Wasn't he also in Spider-Man? Only provide the simplified text as the answer.,dialogue
817,"Extract key content based on the background information and the conversation:Los Angeles Lakers : `~Employment history`: Kobe Bryant[Human]: Do you know Los Angeles Lakers? [Assistant]: Yes, they're a great team.  I'm a big fan of Kobe Bryant. Whose your favorite player? [Human]: I don't much about it. But it is interesting to know about it [Assistant]: Well Kobe retired and now he acts sometime. In fact he starred in Jack and Jill with Shaquille O'Nea.  [Human]: is Kobe Bryant from Philadelphia? Only provide the simplified text as the answer.",dialogue
818,"Extract key content based on the background information and the conversation:Daphne du Maurier wrote Rebecca[Human]: Could you recommend anything written by Daphne du Maurier? I have heard nothing but good things about her. [Assistant]: Yes, she wrote Rebecca, My Cousin Rachel and Jamaica Inn. She was influenced by Stephen King and Stephanie Meyer. [Human]: Those two authors are great ones to be influenced by. What can you tell me about Rebecca? [Assistant]: Rebecca was released in 1938. [Human]: I think that was a very good year for books. Do you know of anything else released that year? Only provide the simplified text as the answer.",dialogue
819,Extract key content based on the background information and the conversation:The Pursuit of Happyness is starring Will SmithWill Smith starred in Seven Pounds. Seven Pounds has genre RomanceSeven Pounds is starring Will Smith[Human]: Would you recommend the movie The pursuit of HAppyness? [Assistant]: Yes I would its a great film starring will smith [Human]: I love his work. Can you tell me more? Only provide the simplified text as the answer.,dialogue
820,"Extract key content based on the background information and the conversation:Minnesota Vikings : `~Team`: National Football LeagueNational Football League : `~Organization founded`: Jim Thorpe (Olympic athlete)Jim Thorpe (Olympic athlete) : `~has_person`: Pennsylvania[Human]: Do you like the Minnesota Vikings [Assistant]: Not particularly.  I''m an Eagles fan. [Human]: Ahh that is a football team correct? [Assistant]: Yes, they are part of the NFL. [Human]: Yes did you know the NFL was founded by Jim Thorpe? Only provide the simplified text as the answer.",dialogue
821,Extract key content based on the background information and the conversation:The Stand is written by Stephen KingStephen King starred in The Stand (Horror Film). The Stand (Horror Film) is starring Tom Holland[Human]: Have you heard of the book The Stand? [Assistant]: Its a book written by Stephen King. [Human]: Yes Stephen King is a very talented author.  What are some other books that he authored? Only provide the simplified text as the answer.,dialogue
822,"Extract key content based on the background information and the conversation:Alexis Sánchez : `Sport played`: FootballFootball has examples: Remember the Titans. Remember the Titans is starring Denzel WashingtonDenzel Washington starred in Training Day[Human]: What do you think about Alexis Sanchez? [Assistant]: He plays football In Chile right? [Human]: Yes he does. Have you ever watch him play before? [Assistant]: I haven't but I love football movies like Remember The Titans. [Human]: Oh yes same here that was a great movie, it starred Denzel Washington! Only provide the simplified text as the answer.",dialogue
823,"Extract key content based on the background information and the conversation:William Friedkin directed The Hunted[Human]: Do you know William Friedkin? [Assistant]: Yes, William Friedkin directed the Hunted. Do you know that one? [Human]: No I have never seen that movie [Assistant]: The Hunted is an Action film released in 2003 starring Tommy Lee Jones. Would you like to see it? [Human]: I might be intrested in it I like action movies Only provide the simplified text as the answer.",dialogue
824,"Extract key content based on the background information and the conversation:Twilight is written by Stephenie Meyer[Human]: Could you recommend a book like Twilight? [Assistant]: Written by Stephanie Meyer, Twilight was a good story. It was part of the series Breaking Dawn. Would you like more information? [Human]: Can you recommend another book by Stephanie Meyer? [Assistant]: Stephanie Meyer also wrote the Host. That genre is Thriller/Horror. Do you want to know more about Stephanie Meyer? [Human]: Sure Only provide the simplified text as the answer.",dialogue
825,"Extract key content based on the background information and the conversation:Chicago Bulls : `~Drafted`: Michael Jordan. Michael Jordan starred in Space JamSpace Jam is starring Bill MurrayBill Murray starred in Ghostbusters III. Ghostbusters III is starring Melissa McCarthy[Human]: Do you like the Chicago Bulls? [Assistant]: I am not a fan of basketball.  I do like Michael Jordan though.  I loved him in Space jam [Human]: Yes, Space Jam was a great movie. Bill Murray was hilarious in that movie.  Only provide the simplified text as the answer.",dialogue
826,Extract key content based on the background information and the conversation:Caroline Wozniacki is a/an AthleteAthlete has example: Venus WilliamsVenus Williams : `Country`: 2008 Summer Olympics[Human]: Do you have information on Caroline Wozniacki? [Assistant]: She is an athlete who played tennis. She recently lost to Marion Bartoli. Have you seen that match? [Human]: I haven't. I did see Venus Williams play recently and she was awesome as always! Only provide the simplified text as the answer.,dialogue
827,"Extract key content based on the background information and the conversation:Who Moved My Cheese? is written by Spencer JohnsonSpencer Johnson wrote The One Minute ManagerThe One Minute Manager is written by Spencer Johnson. Spencer Johnson is a/an Business executive[Human]: Do you have any thing similar to the story Who Moved My Cheese? I loved that book. [Assistant]: Spencer Johnson wrote the book.I don't have other recommendations, but he is a business executive so I wonder if he leaned on his experience? [Human]: Could be. Spencer Johnson also wrote The One Minute Manager, which was also a good read. Heard of that one? Only provide the simplified text as the answer.",dialogue
828,"Extract key content based on the background information and the conversation:William Friedkin starred in Arbitrage[Human]: What movies has William Friedkin directed? [Assistant]: illiam Friedkin directed The Hunted and The French Connection. [Human]: I've seen those. Can you recommend other movies involving him?  [Assistant]: Sure, William Friedkin directed The Devil and Father Amorth, CSI: Crime Scene Investigation and The Hunted. [Human]: The Devil and Father Amorth sounds interesting! Can you tell me more about it? Only provide the simplified text as the answer.",dialogue
829,"Extract key content based on the background information and the conversation:Jason Douglas starred in No Country for Old MenNo Country for Old Men is written by Joel Coen. Joel Coen directed True GritTrue Grit is written by Charles Portis[Human]: Do you know about the actor Jason Douglas? [Assistant]: I know that he stared in Sin City and No Country for Old Men. [Human]: I believe No Country for Old Men was written by Joel Coen. He also directed True Grit, which was amazing. Only provide the simplified text as the answer.",dialogue
830,"Extract key content based on the background information and the conversation:Maria Sharapova : `~has_person`: BradentonBradenton : `has_person`: Xavier Malisse. Xavier Malisse : `Sport played`: TennisXavier Malisse : `~Matches Lost`: Roger Federer[Human]: Do you follow the tennis player Maria Sharapova? [Assistant]: Is she the one from Bradenton, Florida? I like her. [Human]: Yes, I believe that is where she is from. She plays a good game for sure! Do you like any other tennis players? [Assistant]: Yeah, I like Tyler Pastornicky. I think he's also from her hometown.  [Human]: I didn't realize how many came from that area,  Xavier Malisse and Tommy Haas as well! Only provide the simplified text as the answer.",dialogue
831,"Extract key content based on the background information and the conversation:Pat Conroy wrote The Water is WideThe Water is Wide is written by Pat Conroy. Pat Conroy : `Place of birth`: AtlantaPat Conroy : `Place of birth`: Atlanta[Human]: Could you recommend anything from Pat Conroy? [Assistant]: Sure thing! He wrote The Water is Wide, The Prince of Tides and The Lords of Discipline. [Human]: When was The Water is Wide released?  [Assistant]: That would be 1969 the same year that the Slaughterhouse-Five was released. [Human]: I think I've heard of Pat Conroy before, was he born in Atlanta? Only provide the simplified text as the answer.",dialogue
832,Extract key content based on the background information and the conversation:Spider-Man 2 is written by Stan Lee. Stan Lee wrote The Incredible Hulk[Human]: I like Spider-Man 2 very much. Could you recommend similar movies? [Assistant]: Iron Man 2 is a good one and so is the Incredible Hulk plus any X-Men movie as well.  [Human]: Could you tell me who starred in Iron Man 2? [Assistant]: That would be Robert Downey Jr. as Tony Starks AKA Iron Man.  [Human]: I am a huge fan of Robert Downey Jr. I think I will be Iron Man 2. Thank you for this recommendation. Only provide the simplified text as the answer.,dialogue
833,"Extract key content based on the background information and the conversation:The Great Gatsby has genre Fiction. Fiction has examples: The Surgeon[Human]: Do you know of any books like the Great Gatsby? [Assistant]: Yes, do you like fiction books? [Human]: I love fiction [Assistant]: The Surgeon and The Bronze Bow are good fiction books.  [Human]: Who wrote The Surgeon? Only provide the simplified text as the answer.",dialogue
834,"Extract key content based on the background information and the conversation:Kami Garcia wrote Dream Dark[Human]: Do you know any of Kami Garcia's works? [Assistant]: Sure!  Kami Garcia wrote Dream Dark and Beautiful Redemption which are Young-adult fiction novels. Have you read either of these yet? [Human]: I haven't, but I like reading YA fiction to relax. I really like Cassandra Clare and suspense and or supernatural novels. [Assistant]: Dream Dark was released in 2011, which is the same year Dragon's Oath was released, it is a suspense novel.  Have you read it? [Human]: Is Dragon's Oath also by Kami Garcia? Only provide the simplified text as the answer.",dialogue
835,"Extract key content based on the background information and the conversation:Fury is starring Brad PittBrad Pitt starred in The Tree of Life. The Tree of Life has genre FantasyThe Tree of Life is starring Sean Penn[Human]: Have you heard of a movie called Fury? Do you like it? [Assistant]: The movie was ok, the emotion is better.  Brad Pitt was pretty good.  Do you like movies about war that were converted from video games? [Human]: I like Brad Pitt. He starred in The Tree of Life Right? Only provide the simplified text as the answer.",dialogue
836,"Extract key content based on the background information and the conversation:Diane Setterfield wrote The Thirteenth Tale[Human]: Do you know of Diane Setterfield? [Assistant]: Yes, she is the author of the thriller The Thirteenth Tale. Do you enjoy thriller novels? [Human]: I do. Could you tell me more? [Assistant]: You might also enjoy other thrillers, such as The Cobra Event or Sin City. [Human]: The Cobra Event. What's that about? Only provide the simplified text as the answer.",dialogue
837,Extract key content based on the background information and the conversation:Aldous Huxley wrote IslandIsland has example: Star Island. Star Island is written by Carl HiaasenStar Island is written by Carl Hiaasen[Human]: Could you recommend books written by Aldous Huxley? [Assistant]: Sure. He wrote Island and Brave New World. Are you familiar with either of those? [Human]: I have not read both. Is that the same as Star Island or different book? Only provide the simplified text as the answer.,dialogue
838,"Extract key content based on the background information and the conversation:Mission: Impossible - Ghost Protocol is starring Tom Cruise[Human]: I like, Mission: Impossible - Ghost Protocol, do you know who stars in it? Only provide the simplified text as the answer.",dialogue
839,"Extract key content based on the background information and the conversation:Crescendo is written by Becca Fitzpatrick. Becca Fitzpatrick wrote Hush, HushBecca Fitzpatrick wrote Hush, Hush. Hush, Hush has genre Romance novelRomance novel has examples: A Touch of Dead[Human]: Could you recommend some books similar to Crescendo? [Assistant]: Hush is a great book similar to Crescendo [Human]: Who is it written by? [Assistant]: Becca Fitzpatrick wrote both Hush and Crescendo. [Human]: Is it the same genre? Only provide the simplified text as the answer.",dialogue
840,"Extract key content based on the background information and the conversation:Michelle Wie is a/an Athlete[Human]: Do you know who Michelle Wie is? [Assistant]: Isn't she a pro golfer? I think she was born in Honolulu. [Human]: I have never heard of her. Do you know of any other pro golfers? [Assistant]: I know a few, like Wayne Rooney, Tiger Woods and Tom Brday. [Human]: Tiger Woods is really the only one I know, where is he from? Only provide the simplified text as the answer.",dialogue
841,"Extract key content based on the background information and the conversation:Clockwork Princess has genre AdventureAdventure has examples: Clockwork Prince. Clockwork Prince is written by Cassandra ClareCassandra Clare wrote The Mortal Instruments Boxed Set: City of Bones; City of Ashes; City of Glass[Human]: Could you recommend something similar to the clockwork princess? [Assistant]: That is a young-adult fiction adventure book. Did you know that there is also another book in that series, Clockwork Prince. [Human]: The series is written by Cassandra Clare, right? I haven't read the second book. Has she written anything else? Only provide the simplified text as the answer.",dialogue
842,"Extract key content based on the background information and the conversation:Unforgiven is written by David Peoples[Human]: I really liked Unforgiven. Do you know who was in that? [Assistant]: Yes Morgan Freeman and Clint Eastwood  by David Peoples. [Human]: I believe David Peoples wrote other Sci-Fi movies, do you know which are they? [Assistant]: The Blood of Heroes and Blade Runner.  [Human]: Which do you recommend me to see first? Only provide the simplified text as the answer.",dialogue
843,"Extract key content based on the background information and the conversation:Daniel Defoe wrote The Fortunes and Misfortunes of the Famous Moll Flanders[Human]: Could you recommend some Daniel Defoe books? [Assistant]: Do you love Robinson Crusoe? Cause it appears he wrote some. [Human]: I do, could you tell me more about what he wrote. [Assistant]: He wrote The Life and Strange Surprising Adventures of Robinson Crusoe of York, Mariner [Human]: When was this released? Only provide the simplified text as the answer.",dialogue
844,"Extract key content based on the background information and the conversation:Josh Hutcherson starred in The Kids Are All Right[Human]: Can you tell me what Josh Hutcherson has done? [Assistant]: Yes, he is a well known American actor and starred for example in the Hunger Games Triology. [Human]: Has he done anything else besides The Hunger Games? [Assistant]: He acted in The Kids are all right together with Mia Wasikowska. This is Comedy-Drama genre. [Human]: ok thanks.  I think I'll give that a try I like Mia.   Only provide the simplified text as the answer.",dialogue
845,Extract key content based on the background information and the conversation:Maroon 5 : `~Lyricist`: Makes Me Wonder[Human]: I like Maroon 5.  Do they have a new album? [Assistant]: I'm unsure if they have a new album but have you heard Makes Me Wonder that's one of my favorites by them  [Human]: Love that song.  What ablum is that on? [Assistant]: I believe it is on Songs about Jane which is one of their earlier albums [Human]: Ok.  Are they touring currently? Only provide the simplified text as the answer.,dialogue
846,"Extract key content based on the background information and the conversation:Jason Cope : `Country of nationality`: South Africa. South Africa : `Official Language`: Xhosa LanguageXhosa Language has examples: District 9. District 9 is starring Jed BrophyDistrict 9 has genre Sci-Fi[Human]: Do you have any information on Jason Cope, the actor? [Assistant]: Yes his is from South Africa  [Human]: Wow I didn't know that. Wasn't District 9, starrig Jed Brophy filmed in South Africa? Only provide the simplified text as the answer.",dialogue
847,"Extract key content based on the background information and the conversation:Madonna : `Spouse (or domestic partner)`: Guy Ritchie. Guy Ritchie directed RocknRolla[Human]: Do you know much about Madonna? When I was a young adult in the 80s, she was my favorite singer.  [Assistant]: I have to be honest, I wasn't around back then. But I know she was married to Guy Ritchie, and he directed RocknRolla. [Human]: I was all into MTV when it first hit the air. I would watch music videos nearly all day, and she was one that was all over. I don't like her newer music, though. What can you tell me about RocknRolla? [Assistant]: Alright, yes I have heard that MTV actually used to show music videos! It is a decent movie with a great cast, including Thandie Newton and Jeremy Piven. [Human]: I haven't checked MTV for a long time. It seems to only do shows mow. I don't see how you can have music tv without the music. That's quite funny. Didn't Guy Ritchie do a lot of things for that film? Only provide the simplified text as the answer.",dialogue
848,"Extract key content based on the background information and the conversation:The Fast and the Furious is written by Gary Scott Thompson. Gary Scott Thompson wrote Fast FiveFast Five is starring Eva MendesEva Mendes starred in Fast Five. Fast Five is a/an Film[Human]: Could you recommend any movies like The Fast and the Furious? [Assistant]: Fast Five written by Gary Scott Thompson is similar  [Human]: oh ok.  Is Eva Mendes in that one? [Assistant]: Yes, Eva Mendes is the starring actress. [Human]: What genre does that fall under , cuz I like Thrillers Only provide the simplified text as the answer.",dialogue
849,"Extract key content based on the background information and the conversation:Sofia Coppola wrote Somewhere. Somewhere is starring Nathalie Fay[Human]: I like Sofia Coppola, can you tell me few names of the movies she directed? [Assistant]: She directed Somewhere and Fog City Mavericks  [Human]: What is the genre of Somewhere?  [Assistant]: Somewhere has the genre Drama [Human]: Ok I like Drama can you suggest me more movies of this genre? Only provide the simplified text as the answer.",dialogue
850,"Extract key content based on the background information and the conversation:Becca Fitzpatrick wrote [Human]: Do you know who Becca Fitzpatrick is? I heard someone talking about her but never heard of her. [Assistant]: Becca Fitzpatrick wrote Hush Hush and Crescendo.  [Human]: I haven't heard of those, what genre are they? [Assistant]: Hush hush is a fantasy. Do you like that genre? [Human]: I am just getting into fantasy.  If you could recommend a couple more I would appreciate it. Only provide the simplified text as the answer.",dialogue
851,Extract key content based on the background information and the conversation:Quentin Tarantino wrote Reservoir Dogs. Reservoir Dogs has genre DramaReservoir Dogs is starring Quentin TarantinoQuentin Tarantino wrote Reservoir Dogs. Reservoir Dogs is starring Steve Buscemi[Human]: I like Quentin Tarantino. What are some films of his? [Assistant]: Quentin Tarantino has lots of films.  Some popular ones are Reservoir Dogs and Pulp Fiction.  Have you seen those? [Human]: Yes. When was Pulp Fiction released? [Assistant]: Pulp Fiction is a great movie!  It came out in 1994. [Human]: Is Quentin Tarantino an actor in Reservoir Dogs? Only provide the simplified text as the answer.,dialogue
852,Extract key content based on the background information and the conversation:Shane Black wrote The Long Kiss Goodnight. The Long Kiss Goodnight is starring Melina KanakaredesThe Long Kiss Goodnight is starring Yvonne ZimaYvonne Zima starred in The Long Kiss Goodnight. The Long Kiss Goodnight has genre Mystery[Human]: I like Shane Black's Lethal Weapon.  Do you know of any similar films?  [Assistant]: Shane Black also wrote The Long Kiss Goodnight and Kiss Kiss Bang Bang which are similar [Human]: I saw that film and loved it! I know Yvonne Zima is in it.  Who else stars in that movie? Only provide the simplified text as the answer.,dialogue
853,"Extract key content based on the background information and the conversation:Enrique Iglesias is a/an SingerSinger has example: Selena GomezSelena Gomez starred in Spring Breakers[Human]: do you like Enrique Iglesias? [Assistant]: No, I actually really don't, I really don't like his songs. [Human]: np what about  Selena Gomez? Only provide the simplified text as the answer.",dialogue
854,"Extract key content based on the background information and the conversation:Jack Thorne is a/an Television producerTelevision producer has example: James CameronJames Cameron wrote Titanic. Titanic is a/an Film[Human]: Do you know the author Jack Thorne? [Assistant]: I think he is a television producer and also is a screenwriter. [Human]: What has he produced? [Assistant]: I do not have any facts for that one but I can tell you he has a counterpart named James Cameron, also a producer. [Human]: James Cameron is quite well known. Can you tell me some of his films? Only provide the simplified text as the answer.",dialogue
855,"Extract key content based on the background information and the conversation:Patrick Fugit starred in White OleanderWhite Oleander is starring Stephen RootStephen Root starred in White Oleander[Human]: Do you have any movies with Patrick Fugit in them? [Assistant]: He was in White Oleander as well as We Bought A Zoo. Have you seen those? [Human]: I have not seen either but have heard of White Oleander. That's the one starring Janet Fitch and Stephen Root, right? can you tell me more about it? Only provide the simplified text as the answer.",dialogue
856,Extract key content based on the background information and the conversation:The Catcher in the Rye has genre Novel. Novel has examples: The Scar[Human]: Do you have any books similar to The Catcher in the Rye? Only provide the simplified text as the answer.,dialogue
857,"Extract key content based on the background information and the conversation:Indiana Jones and the Kingdom of the Crystal Skull is written by George Lucas[Human]: Do you have any information on the movie, Indiana Jones and the Kingdom of the Crystal Skull? [Assistant]: Sure!  It was written by George Lucas, and stars Shia LaBeouf, Karen Allen, and of course Harrison Ford.  Are you a fan of any of those people? [Human]: I do like George Lucas' work and am also a huge Harrison Ford fan. Do you have any suggestions for more work done by them? [Assistant]: Check out Star Wars!  It stars Carrie Fisher. [Human]: I love Carrie Fisher! What genre is Star Wars? Only provide the simplified text as the answer.",dialogue
858,"Extract key content based on the background information and the conversation:An Abundance of Katherines is written by John GreenJohn Green wrote The Fault in Our StarsThe Fault in Our Stars is written by John Green. John Green : `Sibling`: Hank Green[Human]:  My friend just read An Abundance of Katherines and loved it. Can you recommend it for me too?  [Assistant]: Sure, it's by John Green and is Young adult fiction. Do you like that genre? [Human]: Not so much, but John Green is actually not bad. What else did he write?  Only provide the simplified text as the answer.",dialogue
859,Extract key content based on the background information and the conversation:Suresh Raina : `Sport played`: Cricket (Interest)[Human]: Do you know of Suresh Raina ? [Assistant]: Yes he is a Cricket player.  I have seen him on tv. [Human]: Didn't he play for the Chennai Super Kings? Only provide the simplified text as the answer.,dialogue
860,"Extract key content based on the background information and the conversation:Jason Cope starred in DreddDredd has genre Science FictionScience Fiction has examples: War of the Worlds[Human]: Do you know who Jason Cope is? [Assistant]: Jason Cope starred in District 9 and Dredd. Want to know more? [Human]: Yes, can you tell me more about Dredd? [Assistant]: Dredd is written by John Wagner and was a film released in 2012. Want to know more? [Human]: I think I've heard of Dredd. Is that a sci-fi thriller staring Wood Harris? Only provide the simplified text as the answer.",dialogue
861,"Extract key content based on the background information and the conversation:Vin Diesel starred in XXX. XXX is starring Tom EverettXXX : `~Film Executive Produced`: Vin Diesel. Vin Diesel starred in Riddick (Science Fiction Film)Vin Diesel starred in The Chronicles of Riddick. The Chronicles of Riddick is written by David Twohy[Human]: I like Vin Diesel. Can you recommend any of his movies? [Assistant]: XXX is a great movie. [Human]: Oh I like that one. Who else is in that film again? [Assistant]: Thomas Ian Griffith, Scott Waugh, and Tom Everett to name a few. [Human]: Is Vin Diesel also in Riddick? Only provide the simplified text as the answer.",dialogue
862,Extract key content based on the background information and the conversation:Under the Dome is written by Stephen King[Human]: Do you know of the book "Under the Dome"? [Assistant]: That was written by Stephen King and released in 2009 [Human]: I was wondering if it was a pretty good book. I am looking a a horror book. [Assistant]: The Stand is also written by Stephen King and is horror [Human]: Thanks for the recommendation. I will try that one. Only provide the simplified text as the answer.,dialogue
863,"Extract key content based on the background information and the conversation:Zombieland : `Sequel`: Zombieland 2[Human]: I like Zombieland [Assistant]: Did you know there was a sequel, Zombieland 2? [Human]: When was it released [Assistant]: I'm not too sure when it was released but it was directed by Ruben Fleischer [Human]: Thank you Only provide the simplified text as the answer.",dialogue
864,"Extract key content based on the background information and the conversation:Stephen R. Covey wrote The 7 Habits of Highly Effective PeopleThe 7 Habits of Highly Effective People has genre Self-helpSelf-help has examples: How to Win Friends and Influence People. How to Win Friends and Influence People is written by Dale Carnegie[Human]: Do you know who Stephen R. Covey is? [Assistant]: Yes, he is an author that wrote self-help books such as The 7 Habits of Highly Effective People [Human]: Interesting, are there any other self-help books similar to this? Only provide the simplified text as the answer.",dialogue
865,"Extract key content based on the background information and the conversation:The Godfather is starring Robert DuvallRobert Duvall wrote The Apostle. The Apostle is starring Todd AllenThe Apostle is written by Robert Duvall[Human]: I like the Godfather series, who acted in that movie? [Assistant]: Great series. Robert Duvall and Marlon Brando starred in the first Godfather movie. [Human]: I like Robert Duvall, wasnt he in True Grit as well, what else has he done? Only provide the simplified text as the answer.",dialogue
866,Extract key content based on the background information and the conversation:Toy Story is starring Tom HanksTom Hanks directed That Thing You Do!. That Thing You Do! is starring Tom Everett Scott[Human]: My son loves Toy Story. Who are some actors who are featured voiceovers? [Assistant]: Tom Hanks and Tim Allen [Human]: Thank you. I recognized Tom Hank's voice. Can you tell me another Tom Hanks movie for myself? I like comedy and drama movies [Assistant]: Larry Crowne and Castaway [Human]: They both sound interesting.I heard about That Thing You Do which Tom Hanks directed. What year was the movie released? Only provide the simplified text as the answer.,dialogue
867,"Extract key content based on the background information and the conversation:Todd Phillips wrote The Hangover Part II. The Hangover Part II is written by Scott Moore (Screenwriter)[Human]: Do you know of any movies that Todd Phillips directed? [Assistant]: Yes I do. He have tons of great work like The Hangover Part II which it is a comedy. Do you like comedy? [Human]: I do like comedy. Who was in The Hangover Part II? I can't remember if I watched that one. [Assistant]: Zach Galifianakis, Todd Phillips, Paul Giamatti, Nick Cassavetes and more great actors. Todd Philips also directed Old School. Have you seeing? [Human]: Don't think I watched it, but I will be sure to check it out. Thanks! Only provide the simplified text as the answer.",dialogue
868,"Extract key content based on the background information and the conversation:Duncan Jones wrote Moon (Film). Moon (Film) is starring Matt BerryMoon (Film) is starring Sam RockwellSam Rockwell starred in Galaxy Quest[Human]: Do you know who Duncan Jones is? [Assistant]: Yes, he was the writer for the film, Moon, which starred Matt Berry. Have you seen it? [Human]: Yes, it is great movie. Sam Rockwell is also starring in Moon. Could you recommend ani similar movie? Only provide the simplified text as the answer.",dialogue
869,Extract key content based on the background information and the conversation:Amy Poehler starred in Mean Girls. Mean Girls is produced by Lorne Michaels[Human]: I like Amy Poehler. Do you have author recommendations similar to her? [Assistant]: H. Jon Benjamin. anything else i can answer for you? [Human]: Any other books you'd recommend? Only provide the simplified text as the answer.,dialogue
870,"Extract key content based on the background information and the conversation:Station Eleven is written by Emily St. John Mandel[Human]: Do you know who has written Station Eleven [Assistant]: Yes I do, Emily St. John Mandel wrote it. [Human]: Can you tell what is it about? [Assistant]: I am not sure actually. I do know it was released in 2014 and was in English. [Human]: Do you recommend any other novel by Emily St. John Mandel  Only provide the simplified text as the answer.",dialogue
871,"Extract key content based on the background information and the conversation:Arsenal is a/an Sports Team. Sports Team has example: Los Angeles Dodgers[Human]: What do you know about Arsenal? [Assistant]: I know that they are a Venice soccer team or futebol team but I prefer baseball. You? [Human]: I don't know much about it. Are you familiar with Los Angeles Dodgers? [Assistant]: I know they have trying to get to the World Series these last 2 years, but my team are the Chicago Cubs. You like the Dodgers? [Human]: No, I like the Washington Redskins, thank you for the information. Only provide the simplified text as the answer.",dialogue
872,"Extract key content based on the background information and the conversation:Mike Starr starred in The Last DragonThe Last Dragon has genre Mockumentary[Human]: I like actor Mike Starr. Could you recommend films that he stars in? [Assistant]: He was in The Last Dragon and The Bodyguard.  Have you seen either of those? [Human]: I love The Bodyguard but I haven't seen The Last Dragon. can you tell me more about this movie? [Assistant]: It also stars William H. Macy.  It's considered a Mockumentary.  It looks pretty interesting.  Do you like comedies? [Human]: Yes, actually I thought it was a martial art film Only provide the simplified text as the answer.",dialogue
873,"Extract key content based on the background information and the conversation:Lost in Translation has genre Romantic comedy. Romantic comedy has examples: The Proposal[Human]: I like Lost In Translation. Do you know of any movies like it? [Assistant]: Sure, Do you like Romantic comedies?  [Human]: Yes, they're my favorite. [Assistant]: Then you might like, The Proposal. Its also a Romantic Comedy [Human]: Thanks. I'll check it out. Only provide the simplified text as the answer.",dialogue
874,Extract key content based on the background information and the conversation:Ann Brashares wrote The Last Summer (of You and Me)The Last Summer (of You and Me) is written by Ann Brashares. Ann Brashares wrote The Sisterhood of the Traveling PantsThe Sisterhood of the Traveling Pants : `~Part of series`: The Second Summer of the Sisterhood. The Second Summer of the Sisterhood has genre Young-adult fiction[Human]: Do you like Ann Brashares? [Assistant]: Yes! I love the Sisterhood books. Have you read them? I recommend The Last Summer (of You and Me) [Human]: It appears I've heard of it from somewhere. Do you know of any other books that she's written? Only provide the simplified text as the answer.,dialogue
875,Extract key content based on the background information and the conversation:Ariana Grande is a celebrity friend to Taylor SwiftTaylor Swift starred in Valentine's Day (Romantic comedy Film)Valentine's Day (Romantic comedy Film) is starring Taylor Swift[Human]: Do you listen to Ariana Grande's music? [Assistant]: Only when it comes on the radio. I do like her friends music Taylor Swift! [Human]: I like Taylor Swift more too. She was great in Valentine's Day. I love that film. What is your favorite song of her? Only provide the simplified text as the answer.,dialogue
876,"Extract key content based on the background information and the conversation:Beverly D'Angelo starred in Eye for an Eye. Eye for an Eye has genre Psychological thrillerEye for an Eye is starring Beverly D'AngeloBeverly D'Angelo starred in Eye for an Eye. Eye for an Eye is written by Erika Holzer[Human]: Can you recommend me an actor similar to Beverly D'Angelo. [Assistant]: Beverly D'Angela has been in a variety of movies including comedies, dramas and psychological thrillers. What do you prefer? [Human]: I prefer thrillers Only provide the simplified text as the answer.",dialogue
877,"Extract key content based on the background information and the conversation:The Godfather: Part III is starring Al PacinoAl Pacino starred in The Recruit. The Recruit is starring Colin FarrellThe Recruit is starring Colin Farrell[Human]: Do you know if the same actors play in The Godfather: Part III as Part 1? [Assistant]: Certainly, Al Pacino and Bridget Fonda are known for their roles in The Godfather. Do you like Al Pacino? [Human]: I love Al! Do you know of any other good movies he plays in? [Assistant]: So many movies. The Recruit and The Panic in Needle Park. [Human]: Is The recruit the one with Colin Farrell? Only provide the simplified text as the answer.",dialogue
878,"Extract key content based on the background information and the conversation:Jonathan Levine directed The Wackness. The Wackness is starring Jane Adams[Human]: What movies did Jonathan Levine direct ? [Assistant]: He wrote and directed The Wackness which is a comedy starring Jane Adams. Have you seen this one? [Human]: I have not seen that one, could you tell me who else is in it? [Assistant]: It also stars Mary-Kate Olsen and Aaron Yoo [Human]: Was that recently released ? Only provide the simplified text as the answer.",dialogue
879,Extract key content based on the background information and the conversation:Olivier Megaton directed Taken 3. Taken 3 is starring Liam NeesonTaken 3 is starring Jon GriesJon Gries starred in Taken 3[Human]: I really like Olivier Megaton.  Can you recommend something for me? [Assistant]: Olivier Megaton directed Taken 3 starring Liam Neeson ad the thriller Columbiana  [Human]: Who else is in that movie? Only provide the simplified text as the answer.,dialogue
880,Extract key content based on the background information and the conversation:Fifty Shades Darker is written by E.L. JamesE.L. James wrote Fifty Shades FreedFifty Shades Freed : `~Next in series`: Fifty Shades Darker. Fifty Shades Darker : `~Next in series`: Fifty Shades of Grey[Human]: Do you like Fifty Shades Darker [Assistant]: I am not a fan of this genre. It's an  Erotic romance novel written by E.L. James. You'll like Fifty Shades Freed too. [Human]: Yes E.L. James also wrote Fifty Shades Freed. I am not really a fan of that genre either though Only provide the simplified text as the answer.,dialogue
881,"Extract key content based on the background information and the conversation:Green Bay Packers : `~Team coached`: Mike McCarthyMike McCarthy : `Team coached`: Green Bay Packers[Human]: I think the Green Bay Packers are overrated this year, what do you think? [Assistant]: Mike Mcarthy just got fired. I do not think they are over rated though.  [Human]: Do you think firing Mike McCarthy will fix their recent problems or is it overreaction? Only provide the simplified text as the answer.",dialogue
882,"Extract key content based on the background information and the conversation:Scott O'Dell wrote Island of the Blue DolphinsIsland of the Blue Dolphins has genre Children's literatureChildren's literature has examples: The Witch of Blackbird Pond. The Witch of Blackbird Pond is written by Elizabeth George Speare[Human]: Do you know what Scott O'Dell has done? [Assistant]: Yes, he wrote Island of the blue Dolphins which won a Newbery Medal. [Human]: When did that come out and what were the genres associated with it? Only provide the simplified text as the answer.",dialogue
883,"Extract key content based on the background information and the conversation:Shelley Duvall starred in Time Bandits. Time Bandits has genre Comedy[Human]: Could you reccommend a good drama with Shelley Duvall [Assistant]: Shelley Duvall starred in Time Bandits. Do you like comedies? [Human]: I love comedies, especially drama comedies! what else is good I already saw that one [Assistant]: You might also enjoy the movie What Happens In Vegas starring Cameron Diaz. Do you like that actress? [Human]: Oh my god LOVE Cameron Diaz I have to see this movie, what else does she play in Only provide the simplified text as the answer.",dialogue
884,"Extract key content based on the background information and the conversation:Dave McKean wrote The Sandman: Endless Nights[Human]: I like to read. Can you give me some information on the author, Dave McKean?  [Assistant]: I love reading too. Dave McKean wrote The Sandman: Endless Nights and The Graveyard Book. Are you interested in fantasy books? [Human]: I have not read any fantasy books. They do interest me though. Can you tell me a little more about The Sandman: Endless Nights? [Assistant]: Sure. The Sandman: Endless Nights reveals the legend of the Endless, a family of magical and mythical beings who exist and interact in the real world. Born at the beginning of time, Destiny, Death, Dream, Desire, Despair, Delirium, and Destruction are seven brothers and sisters who each lord over their respective realms.  [Human]: Wow! That does sound quite interesting, thank you for the information. I will get it. Only provide the simplified text as the answer.",dialogue
885,"Extract key content based on the background information and the conversation:Peter Gallagher starred in The O.C.. The O.C. has genre Teen dramaThe O.C. is starring Tate DonovanTate Donovan starred in Good Night, and Good Luck[Human]: Do you know Peter Gallagher? [Assistant]: Yes. He is an actor, starred in The O.C., While You Were Sleeping and many more. Are you a fan of him? [Human]: Yes I liked him in The O.C. Tate Donovan was also in that movie.  Only provide the simplified text as the answer.",dialogue
886,"Extract key content based on the background information and the conversation:Harry Potter and the Philosopher's Stone is directed by Chris Columbus. Chris Columbus wrote Gremlins[Human]: I love the book Harry Potter and the Philosopher's Stone, do you know of any similar ? [Assistant]: There is one called Gremlins, directed by Chris Columbus who also directed Harry Potter and the Philosopher's Stone. [Human]: Was Gremlins based on a book like the Harry Potter series ? [Assistant]: I could not find any information regarding that. Sorry. [Human]: No problem, thank you for the recommendation though. Only provide the simplified text as the answer.",dialogue
887,"Extract key content based on the background information and the conversation:M. Night Shyamalan wrote Unbreakable. Unbreakable is starring Spencer Treat Clark[Human]: Could you recommend some films directed by M. Night Shyamalan? [Assistant]: Yes, M. Night Shyamalan wrote Unbreakable.  [Human]: Did he also direct that film? [Assistant]: Yes, he also directed Unbreakable.  [Human]: What genre of film is it? Only provide the simplified text as the answer.",dialogue
888,Extract key content based on the background information and the conversation:Arizona Cardinals : `~Team`: NFC WestNFC West : `~Division`: Arizona Cardinals. Arizona Cardinals : `~Drafted`: Larry Fitzgerald[Human]: Do you like the Arizona Cardinals? [Assistant]: I really like them out of all the NFC West. I like Larry Fitzgerald is one of my favorites. I'm sad that he's at the end of his career but happy that he had a good run.  [Human]: Fitzgerald's done pretty well for my fantasy team this year. What's your favorite team? Only provide the simplified text as the answer.,dialogue
889,Extract key content based on the background information and the conversation:Ato Essandoh starred in Saving Face[Human]: Could you suggest movies starring Ato Essandoh? [Assistant]: He starred in Saving Face and  Nights in Rodanthe. [Human]: What genre is Saving Face? [Assistant]: That is a romantic short film that also stars Joan Chen. [Human]: Thanks. I'll check it out Only provide the simplified text as the answer.,dialogue
890,Extract key content based on the background information and the conversation:Anthony Heald starred in The ClientThe Client is starring William H. MacyWilliam H. Macy starred in Door to Door. Door to Door is starring Kathy Baker[Human]: what movies do you have that  Anthony Heald plays in? [Assistant]: Anthony Heald starred in The Silence of the Lambs and The Client. Heard of either of these films? [Human]: Doesn't William H. Macy also stars in The Client? Only provide the simplified text as the answer.,dialogue
891,"Extract key content based on the background information and the conversation:Jonathan Mostow directed SurrogatesSurrogates is starring Taylor ColeTaylor Cole starred in The Violent Kind[Human]: Could you recommend a movie directed by Jonathan Mostow?  [Assistant]: Have you see Surrogates?  He directed that. [Human]: No I have not, who stars in it? Only provide the simplified text as the answer.",dialogue
892,"Extract key content based on the background information and the conversation:Ma Long : `Sport played`: Table tennisTable tennis : `Olympic game contested`: The London 2012 Summer OlympicsThe London 2012 Summer Olympics : `~Participation in Relay`: Wang Leehom[Human]: Do you know Ma Long? [Assistant]: I have heard the Ma Long is an athlete of sorts, and is known for table tennis it seems. [Human]: I like to call it ping pong! Wasn't he is the olympics in 2012? Only provide the simplified text as the answer.",dialogue
893,"Extract key content based on the background information and the conversation:Jerry Spinelli wrote Love, Stargirl[Human]: I really enjoyed Wringer by Jerry Spinelli.  Could you recommend other books by this author? [Assistant]: Sure some of his books are Maniac Magee and Stargirl , Milkweed [Human]: What type of book is Maniac Magee?  It's such a funny sounding title! [Assistant]: Its about the story of an orphan boy looking for a home in the fictional Pennsylvania town of Two Mills [Human]: I would like to hear that book.  Do you have it? Only provide the simplified text as the answer.",dialogue
894,"Extract key content based on the background information and the conversation:Yuvraj Singh : `Film appeared in`: Slumdog Millionaire. Slumdog Millionaire is written by Simon BeaufoySlumdog Millionaire : `~Film appeared in`: Yuvraj Singh[Human]: Are you a fan of cricket? Do you know Yuvraj Singh? [Assistant]: I'm not really knowledgeable about cricket, but was he in the movie Slumdog Millionaire? [Human]: I guess so! I never saw that movie though, was it good? Only provide the simplified text as the answer.",dialogue
895,"Extract key content based on the background information and the conversation:Justin Timberlake starred in The Social NetworkThe Social Network is written by Holden ScottHolden Scott wrote The Social Network. The Social Network is written by Aaron Sorkin[Human]: I like Justin Timberlake, most especially in movies.   [Assistant]: Me too! Did you see Friends with Benefits or The Social Network? [Human]: No, I haven't seen The Social Network, I heard it's was written byH olden Scott Only provide the simplified text as the answer.",dialogue
896,"Extract key content based on the background information and the conversation:Jennifer Weiner wrote In Her Shoes. In Her Shoes is written by Susannah Grant[Human]: Could you recommend books by Jennifer Weiner? [Assistant]: Sure thing. Jennifer Warner wrote classics like Then Came You, The Next Best Thing and In Her Shoes. Any of those familiar to you? [Human]: No I have not heard about these books, what genre is Then Came You? [Assistant]: Then Came You is a romantic comedy. Are you into romantic comedies? [Human]: Yes I am, could you recommend other similar books? Only provide the simplified text as the answer.",dialogue
897,Extract key content based on the background information and the conversation:Fernando Meirelles directed The Constant GardenerThe Constant Gardener is starring Ralph FiennesRalph Fiennes starred in Wrath of the Titans[Human]: Could you tell me about any movies directed by Fernando Meirelles? [Assistant]: He Directed the Constant Gardener [Human]: Seems like I have heard of that movie. Do you know who stars in it? [Assistant]: It is starring Ralph Fiennes [Human]: Cool. Could you tell me what other movies he starred in? Only provide the simplified text as the answer.,dialogue
898,"Extract key content based on the background information and the conversation:Mahendra Singh Dhoni : `Team`: India national cricket team[Human]: Do you like Mahendra Singh Dhoni? [Assistant]: He's on the India national cricket team right? [Human]: I think so. Do you follow cricket? [Assistant]: Not really but I've heard they have a lot of good players like Kapil Dev and Sunil Gavaskar. [Human]: I don't follow it either, but it seems like a really challenging game to play. From what I've read it seems like it has similarities to lacrosse, baseball and soccer. Only provide the simplified text as the answer.",dialogue
899,"Extract key content based on the background information and the conversation:Chicago Bulls : `~Team`: National Basketball AssociationNational Basketball Association : `Team`: Sacramento Kings[Human]: Do you like the Chicago Bulls? [Assistant]: Yes, they are owned by Jerry Reinsdorf. Do you like basketball? [Human]: Yes, I'm more of a Sacramento Kings fan. I know they aren't that good but it's my home team. Do you like them? Only provide the simplified text as the answer.",dialogue
900,"Extract key content based on the background information and the conversation:Arsenal is a/an Sports TeamSports Team has example: Arsenal[Human]: What can you tell me about Arsenal? [Assistant]: Arsenal is a sports team. [Human]: Ok, what kind of sports team is it? I don't think Ihave heard of it. I like American Football. Only provide the simplified text as the answer.",dialogue
901,Extract key content based on the background information and the conversation:Billy Boyd starred in The Lord of the Rings: The Fellowship of the RingThe Lord of the Rings: The Fellowship of the Ring has genre FantasyFantasy has examples: Harry Potter and the Prisoner of Azkaban. Harry Potter and the Prisoner of Azkaban is starring Daniel Radcliffe[Human]: Could you recommend any movies starring  Billy Boyd?  I heard he was a good actor. [Assistant]: Yes I think he is good. You can see him in The Lord of the Rings: The Fellowship of the Ring and the other LOR movies. Have you seen those? [Human]: I love fantasy movies like The Lord of the Rings: The Fellowship of the Ring. Did you know it was directed by Peter Jackson? Only provide the simplified text as the answer.,dialogue
902,"Extract key content based on the background information and the conversation:Jennifer L. Armentrout wrote Shadows. Shadows has genre Drama[Human]: Do you like books written by Jennifer L. Armentrout?  [Assistant]: Sure, she wrote Shadow and Wicked. Are you a fan of musical theater? [Human]: Yes. I like musicals. Do you know of any other musicals?  [Assistant]: You might also enjoy The Crucible if you like musicals. [Human]: Did Jennifer also write The Crucible?  Only provide the simplified text as the answer.",dialogue
903,"Extract key content based on the background information and the conversation:Andy Murray : `Sport played`: TennisTennis : `~Sport played`: Venus Williams[Human]: Do you know if, Andy Murray is an athlete? [Assistant]: Yes he is definitely an athlete. He is a professional tennis player. I love watching tennis games. How about you? [Human]: I don't follow tennis much. I have watch clips and highlights of Venus Williams. I am also like the male tennis player , that's known for cursing on the court. Only provide the simplified text as the answer.",dialogue
904,"Extract key content based on the background information and the conversation:The Eye of the World is written by Robert Jordan[Human]: Could you recommend books like The Eye of the World? [Assistant]: The Eye if the World written by Robert Jordan has genres Speculative fiction and fantasy. Do you like these genres? [Human]: Yes, especially Speculative fiction.  [Assistant]: Robert Jordan also wrote The Shadows Rising which is speculative fiction. Have you read it [Human]: No, I haven't. Maybe I'll check that one out. Does he have any other speculative fiction? Only provide the simplified text as the answer.",dialogue
905,"Extract key content based on the background information and the conversation:Odd Thomas has genre Mystery. Mystery has examples: Trunk Music[Human]: Could you recommend books similar to Odd Thomas. [Assistant]: Sure. If you're interested in mystery, you should read Trunk Music or Sad Cypress. [Human]: I have heard of Trunk Music before, who wrote it? [Assistant]: Trunk Music was written by Jonathan Kellerman. Would you like me to suggest other books by that author? [Human]: Yes please! Only provide the simplified text as the answer.",dialogue
906,Extract key content based on the background information and the conversation:The Wolf of Wall Street is starring Matthew McConaugheyMatthew McConaughey starred in A Time to KillA Time to Kill is written by John Grisham[Human]: I enjoyed The Wolf Of Wall Street. Can you recommend any other movies with the stars of it? [Assistant]: Matthew McConaughey is in it.  Do you like him? [Human]: I do. I really enjoyed him in A Time To Kill. Only provide the simplified text as the answer.,dialogue
907,"Extract key content based on the background information and the conversation:Mission: Impossible III is starring Tom CruiseTom Cruise wrote Days of Thunder. Days of Thunder has genre SportSport has examples: Days of Thunder. Days of Thunder has genre Action Film[Human]: I like the movie Mission: Impossible III, Can you suggest something similar? [Assistant]: Great action movie starring Tom Cruise. Do you like because Tom Cruise is in it or because it is a Action/ Adventure movie? [Human]: I enjoyed this movie most because it is Action/Adventure. Only provide the simplified text as the answer.",dialogue
908,"Extract key content based on the background information and the conversation:Before I Fall was released 2010. 2010 is starring Arthur C. Clarke[Human]: Do you have information on the book Before I Fall? [Assistant]: Yes. Before I Fall was released in 2010 and stars Arthur C. Clarke. It's a sci-fi movie...do you like those? [Human]: Oh, I didn't know they made it into a movie. Yeah that sounds great. Any famous actors in it? [Assistant]: No, but Arthur C. Clarke also starred in and wrote 2061: Odyssey Three. [Human]: Interesting. Sounds like you gave me some great suggestions. Thanks a lot! Only provide the simplified text as the answer.",dialogue
909,Extract key content based on the background information and the conversation:The Lost Hero is written by Rick RiordanRick Riordan wrote The Lost HeroThe Lost Hero : `Part of series`: The Heroes of Olympus[Human]: I have never read the book The Lost Hero. Can you tell me anything about it? [Assistant]: Sure! The Lost Hero is written by Rick Riordan. The book involves Greek Mythology.  [Human]: I like Greek Mythology. Do you know of anymore books that Rick Riordan wrote? Only provide the simplified text as the answer.,dialogue
910,"Extract key content based on the background information and the conversation:Catch-22 is written by Joseph HellerJoseph Heller wrote Catch-22. Catch-22 has genre War novelWar novel has examples: War and Remembrance[Human]: I like Catch-22. [Assistant]: Oh cool. What do you like about it? [Human]: Any other books or movies by the artists involved? [Assistant]: Hmmm, well all I know is that it was written by Joseph Heller, who was influenced by Kurt Vonnegut. Would you like to hear Kurt's books? [Human]: Do you know more War Novels? Only provide the simplified text as the answer.",dialogue
911,"Extract key content based on the background information and the conversation:Brooklyn Nets : `~Team Owned`: Jay-ZJay-Z : `Team Owned`: Brooklyn Nets[Human]: Do you like the Brooklyn Nets? [Assistant]: I don't really follow sports much, did you know Jay-Z owns the team? [Human]: Wow, I did not know that. I don't really follow sports either but I enjoy watching the super bowl. Only provide the simplified text as the answer.",dialogue
912,Extract key content based on the background information and the conversation:Virginia Woolf wrote To The Lighthouse. To The Lighthouse was released 1927To The Lighthouse is written by Virginia WoolfVirginia Woolf wrote The Waves[Human]: Can you recommend a good book by Virginia Woolf? [Assistant]: Sure! Have your read the lighthouse? [Human]: No I have not.  When was it released? [Assistant]: It came out in 1927.  [Human]: Do you know any other books she wrote? Only provide the simplified text as the answer.,dialogue
913,"Extract key content based on the background information and the conversation:War of the Worlds is written by Josh Friedman[Human]: Do you know who wrote the War of the Worlds? [Assistant]: It was written by Josh Friedman, H.G. Wells, and David Koepp. Would you be interested in some similar works? [Human]: Yes please. [Assistant]: Do you like the adventure aspect of it? [Human]: Actually other works by Josh Friedman Only provide the simplified text as the answer.",dialogue
914,"Extract key content based on the background information and the conversation:Mike Colter starred in Zero Dark ThirtyZero Dark Thirty is starring Jessica Chastain[Human]: Hi, could you recommend some movies starring Mike Colter? [Assistant]: Mike Colter starred in Zero Dark Thirty, Taking Chance, Salt, Million Dollar Baby [Human]: Oh right, I think Jessica Chastain was in Zero Dark Thirty as well, right?  Only provide the simplified text as the answer.",dialogue
915,"Extract key content based on the background information and the conversation:Real Madrid C.F. : `~Team coached`: José Mourinho[Human]: I like Real Madrid C.f. , do do you? [Assistant]: That's a great soccer club.  Do you like soccer? [Human]: Yes I am a big fan of soccer  [Assistant]: Who is your favorite team? Can I help you find some players or coaches? [Human]: My favorite Team is Brazile , what is the name of the best player during the world cup game? Only provide the simplified text as the answer.",dialogue
916,Extract key content based on the background information and the conversation:A.A. Milne wrote Winnie-the-Pooh & The House at Pooh CornerWinnie-the-Pooh & The House at Pooh Corner was released 19261926 was the year that released The Sun Also Rises. The Sun Also Rises is starring Robert Evans[Human]: Do you know A.A. Milne? [Assistant]: Yes! He is famous because he wrote  Winnie-the-Pooh & The House at Pooh Corner and When We Were Very Young. [Human]: Right Winnie-the-Phone & The Hpuse at Pooh Corner was released in 1926 Only provide the simplified text as the answer.,dialogue
917,"Extract key content based on the background information and the conversation:The Namesake : `Next in series`: Unaccustomed Earth. Unaccustomed Earth has genre FictionUnaccustomed Earth has genre Short storyShort story has examples: The Nightingale[Human]: Could you recommend a book like The Namesake? [Assistant]: Sure! This books is a serie, so the next one is Unaccustomed Earth.  Do you like fiction? [Human]: Yes I do, but particularly short story fiction. Any recommendations? Only provide the simplified text as the answer.",dialogue
918,"Extract key content based on the background information and the conversation:Jacksonville Jaguars : `~Team Owned`: Wayne Weaver[Human]: Do you like the Jacksonville Jaguars? I'm more of a Dallas fan myself. [Assistant]: I actually don't like the Jacksonville Jaguars. But Dallas Cowboys, yes! They just beat the New Orleans Saints the other night. Which was awesome! [Human]: Cool. The Cowboys have up and down years, that's for sure, but when they play great, they're pretty unstoppable. Have you ever been to one of their games in person? [Assistant]: I haven't been to a Dallas Cowboys game, but I have seen the San Diego Chargers, which was a lot of fun.  [Human]: I have been to a couple of Cincinnati games. I don't think they were playing the Cowboys either time. Going to a game in person is so much funner than watching them on TV, don't you think? Only provide the simplified text as the answer.",dialogue
919,"Extract key content based on the background information and the conversation:FC Bayern Munich is a/an Sports Team[Human]: What do you think about FC Bayern Munich? [Assistant]: It's a German football league correct?  I prefer American football. [Human]: Yes, I prefer american football. Do you have a favorite team? [Assistant]: The Dallas Cowboys all the way.  Who's your favorite team? [Human]: My favorite team is the Redskins.  Only provide the simplified text as the answer.",dialogue
920,"Extract key content based on the background information and the conversation:Source Code is written by Ben RipleyBen Ripley wrote Source CodeSource Code has genre Thriller. Thriller has examples: Argo[Human]: Do you know anything about the movie Source Code? [Assistant]: It was written by Ben Ripley and starred Vera Farmiga and others.  Haven't seen the movie it's a Thriller.   [Human]: I haven't seen it either, could you recommend any similar movies? Only provide the simplified text as the answer.",dialogue
921,"Extract key content based on the background information and the conversation:Michael Fassbender starred in X-Men: First ClassX-Men: First Class is starring Michael Fassbender[Human]: I think Michael Fassbender is a good actor, what can you tell me about him? [Assistant]: Yes he is. He has starred in  X-Men: First Class, X-Men: Apocalypse, Wedding Belles, Wedding Belles, and Sherlock Holmes and the Case of the Silk Stocking which are a few to name. [Human]: Tell me more about the first film you mentioned. [Assistant]: The X-Men First Class has Adventure and Action genre and is directed by  Matthew Vaughn and was released in 2011.  [Human]: Who else was in the film? Only provide the simplified text as the answer.",dialogue
922,Extract key content based on the background information and the conversation:The No. 1 Ladies' Detective Agency is written by Alexander McCall Smith[Human]: Could you recommend any books like The No. 1 Ladies' Detective Agency? I enjoyed it and would like to add more to my reading list.  [Assistant]: Were you interested in the author or the genre because that book is part of a series.  [Human]: Could you tell me more about the author? [Assistant]: Sure he wrote genres such as mystery and suspense in the series that included Tears of the Giraffe and The Miracle at Speedy Motors.  [Human]: When did Tears of the Giraffe come out? That sounds like something I might read. Only provide the simplified text as the answer.,dialogue
923,"Extract key content based on the background information and the conversation:John Green wrote The Fault in Our StarsThe Fault in Our Stars has genre Young-adult fictionYoung-adult fiction has examples: The Fault in Our Stars[Human]: Do you know John Green? Is he a book author or a movie author? [Assistant]: John Green is an American book author. He wrote The Fault in Our Stars. Have your heard of it? [Human]: No, not yet! When was it released and what genre is it? Only provide the simplified text as the answer.",dialogue
924,"Extract key content based on the background information and the conversation:To Kill a Mockingbird is written by Harper LeeHarper Lee : `Influenced By`: Truman CapoteTruman Capote wrote Breakfast at Tiffany's[Human]: Do you have any information about the novel To Kill a Mockingbird?  [Assistant]: Yes, that is a fiction book written by Harper Lee. Are you interested in reading it? [Human]: Yes, as well anything written by the authors who influenced Ms. Lee, like Truman Capote and William Faulkner. Any suggestions?  Only provide the simplified text as the answer.",dialogue
925,"Extract key content based on the background information and the conversation:The Shining is written by Stephen King[Human]: Could you recommend books similar to The Shining  [Assistant]: Sure! It was written by Stephen King and is speculative fiction. Have you heard of Stephen King? [Human]: Yes, I have. What other books have he wrote? [Assistant]: Who wrote The Stand, which I really enjoyed. That one stars Rob Lowe. Have you seen that one? [Human]: No, I have not. Thank you for the recommendation  Only provide the simplified text as the answer.",dialogue
926,"Extract key content based on the background information and the conversation:Minority Report is starring Tom Cruise. Tom Cruise starred in Jack Reacher[Human]: I like the film Minority Report. Can you suggest any other action films starring Tom Cruise? [Assistant]: That is a great film. Tom Cruise was also in Jack Reacher. [Human]: Yes, he was. Who else was in that?  [Assistant]: Robert Duvall and David Oyelowo were also in Jack Reacher. It is a mystery/crime/action movie.  [Human]: I didn't realize Robert Duvall was in Jack Reacher. Was he in the sequel as well? Only provide the simplified text as the answer.",dialogue
927,"Extract key content based on the background information and the conversation:Alex Garland wrote Never Let Me Go. Never Let Me Go is starring Keira Knightley[Human]: Do you know of Alex Garland? [Assistant]: Yes I do, he wrote Never Let Me Go starring Keira Knightley. [Human]: I see. Would you recommend the book? [Assistant]: If you enjoy reading Science Fiction, I would recommend this book. [Human]: I do. I'll check it out. Thanks. Only provide the simplified text as the answer.",dialogue
928,"Extract key content based on the background information and the conversation:Robert Lewandowski : `~Player statistics`: Poland national football teamPoland national football team : `Player statistics`: Robert Lewandowski. Robert Lewandowski : `~Player statistics`: Lech PoznańLech Poznań : `Color`: White[Human]: i like Robert Lewandowski what do you know about him [Assistant]: I know he's in the poland national football team, but I don't follow football [Human]: o ok lech poznah also plays Only provide the simplified text as the answer.",dialogue
929,Extract key content based on the background information and the conversation:Nicki Minaj : `~Lyricist`: Where Them Girls AtWhere Them Girls At : `Composer`: Nicki Minaj. Nicki Minaj : `Musical Genre`: Dance-popDance-pop : `~Musical Genre`: Shakira[Human]: What do you think about Nikki Minaj? [Assistant]: I know that she is a lyricist on Where Them Girls At.  [Human]: Not really a fan of hers but do like music in the Dance pop Genre.  [Assistant]: She has an Indo-Carribean Ehnicity:  [Human]: Any similar musicians you can recommend? Only provide the simplified text as the answer.,dialogue
930,Extract key content based on the background information and the conversation:Something Borrowed is written by Emily Giffin. Emily Giffin wrote Where We BelongWhere We Belong was released 2012[Human]: Can you give me some more titles by the author of  Something Borrowed [Assistant]: Something Borrowed was written by Emily Griffin. She also wrote Where We Belong. [Human]: Where We Belong was released 2012 right? Only provide the simplified text as the answer.,dialogue
931,"Extract key content based on the background information and the conversation:Chuck Russell directed The Scorpion KingThe Scorpion King has genre Fantasy[Human]: Do you have any details you could tell me about the director, Chuck Russell? [Assistant]: Yes he directed The Scorpion King and The Mask, both Great MOVIES! [Human]: I think the Scorpion King was a Thriller Fantasy. Only provide the simplified text as the answer.",dialogue
932,"Extract key content based on the background information and the conversation:The Cabin in the Woods is directed by Drew Goddard[Human]: I like the cabin in the wood who directed it [Assistant]: The Cabin in the Woods was directed by Drew Goddard. Would you like to know who produced it? [Human]: Yes please tell me [Assistant]: It was produced by Joss Whedon. I can also give you other movies and TV shows Drew Goddard wrote, such as Cloverfield and Lost. [Human]: Yes please tell me another one Only provide the simplified text as the answer.",dialogue
933,"Extract key content based on the background information and the conversation:Anne Frank wrote The Diary of a Young Girl. The Diary of a Young Girl has genre Children's literature[Human]: I like Anne Frank as an author. Do you have any book recommendations? [Assistant]: The Diary of a Young Girl is written by Anne Frank. [Human]: Oh wow, can you tell me more about that? Only provide the simplified text as the answer.",dialogue
934,"Extract key content based on the background information and the conversation:Judd Apatow wrote Knocked Up. Knocked Up is starring Harold RamisHarold Ramis wrote Groundhog Day. Groundhog Day has genre RomanceGroundhog Day is written by Harold Ramis[Human]: I wonder what type of work did Judd Apatow do. Do you know? [Assistant]: Judd Apatow wrote the films This Is 40, Knocked Up, and Funny People.  Have you seen any ot those? [Human]: I haven't, but I say Groundhog Day. Who wrote and produced that? Only provide the simplified text as the answer.",dialogue
935,"Extract key content based on the background information and the conversation:Mary Ann Shaffer wrote The Guernsey Literary and Potato Peel Pie Society[Human]: I like Mary Ann Shaffer, do you have any of her books you could refer for me?  [Assistant]: Yes, how about Guernsey Literary or Potato Peel Pie Society? They are both Historical Fiction genre. [Human]: Sounds great, could you enlighten me a little bit more about Guernsey Literary? What is it about really? [Assistant]: Yes it was released 2008. The same year as The darkest kiss. [Human]: Wow, I didn't know that, well, I'll have to check on that later. Thanks for everything. Only provide the simplified text as the answer.",dialogue
936,"Extract key content based on the background information and the conversation:Michael O'Neill starred in Transformers[Human]: Do you know anything about Michael O'Neill? I know he's an actor but I'm not sure what he has starred in. [Assistant]: Michael O'Neill starred in Transformers, Traffic, and  Seabiscuit. [Human]: I loved Transformers! Who were the stars in that? I was so caught up with the action that I didn't pay attention to the actors. [Assistant]: The Transformers blockbuster starred Shia LaBeouf, Megan Fox, and Josh Duhamel [Human]: Oh, yeah. Who was the director? Only provide the simplified text as the answer.",dialogue
937,"Extract key content based on the background information and the conversation:Harry Potter and the Prisoner of Azkaban is written by J. K. RowlingJ. K. Rowling wrote Harry Potter literary series[Human]: I like ""Harry Potter and the Prisoner of Azkaban."" Can you recommend a similar book? [Assistant]: Yeah, there is other in the series, harry potter and the order of the phoenix book [Human]: Indeed. What else has J.K. Rowling written? Only provide the simplified text as the answer.",dialogue
938,Extract key content based on the background information and the conversation:There's Something About Mary is starring Willie GarsonWillie Garson starred in There's Something About Mary. There's Something About Mary has genre Romantic comedyThere's Something About Mary has genre Romantic comedy[Human]: I like There's Something About Mary?  [Assistant]: I have never seen that movie I know it is written by Peter Farrelly though. [Human]: It is a great movie starring Ben Stiller and Matt Dillion.  [Assistant]: It also stars Willie Garson as well what is it about? [Human]: It is a Romantic Comedy  Only provide the simplified text as the answer.,dialogue
939,"Extract key content based on the background information and the conversation:Mary Ann Shaffer wrote The Guernsey Literary and Potato Peel Pie Society[Human]: Can you please recommend books written by Mary Ann Shaffer? [Assistant]: Absolutely! She wrote The Guernsey Literary and Potato Peel Pie Society. Not only is she an author she is a librarian. [Human]: Amazing! Can you tell me about the both books briefly? [Assistant]: That's just on book with a long title. It's historical fiction and was released in 2008. It is set in England. [Human]: Oh I see. The title really sounds interesting. Thanks for this great recommendation for my next Mary Ann Shaffer book to read, Only provide the simplified text as the answer.",dialogue
940,"Extract key content based on the background information and the conversation:Tony Goldwyn starred in Someone Like You. Someone Like You is written by Sarah Dessen[Human]: Could you recommend some of Tony Goldwyn's movies? [Assistant]: Are you interested in movies he's starred in or ones he has directed? [Human]: I am interested in the ones he has acted in  [Assistant]: Tony Goldwyn has starred in Someone Like You, The Pelican Brief, and The Mechanic. Have you seen any of these? [Human]: I have watched The Mechanic, are any of these comedy movies? Only provide the simplified text as the answer.",dialogue
941,Extract key content based on the background information and the conversation:Neil Jordan wrote The Good Thief. The Good Thief is written by Jean-Pierre MelvilleThe Good Thief is starring Ralph FiennesRalph Fiennes starred in The Good Thief[Human]: Do you have any recommendations for movies directed y Neil Jordan? [Assistant]: Neil Jordan wrote The Good Thief. it has genre Thriller [Human]: Is that the movie starring Ralph Fiennes? Only provide the simplified text as the answer.,dialogue
942,"Extract key content based on the background information and the conversation:Henry Cavill starred in Whatever WorksWhatever Works is written by Woody AllenWoody Allen wrote To Rome with Love. To Rome with Love has genre Comedy[Human]: Have you ever heard of Henry Cavill? Can you recommend some of his movies? [Assistant]: I would recommend Whatever Works and The Count of Monte Cristo.  [Human]: Oh, I love Woody Allen movies. Who else is in Whatever Works? Only provide the simplified text as the answer.",dialogue
943,Extract key content based on the background information and the conversation:Laini Taylor is a/an AuthorAuthor has example: Émile DurkheimÉmile Durkheim : `Gender`: Male[Human]: Do you know anything about Laini Taylor? [Assistant]: Laini Taylor is an author who wrote Dreams of Gods & Monsters and Days of Blood & Starlight.  [Human]: Is Taylor similar to Emile Durkheim? Only provide the simplified text as the answer.,dialogue
944,Extract key content based on the background information and the conversation:Alice Walker wrote The Temple of My Familiar[Human]: Do you like Alice Walker? [Assistant]: He wrote The Temple of My Familiar [Human]: When was the book released? [Assistant]: In 1989 [Human]: What is the genre please? Only provide the simplified text as the answer.,dialogue
945,Extract key content based on the background information and the conversation:Andrés Iniesta : `~Player statistics`: Spain national football team[Human]: I would like some basic information about  Andrés Iniesta. [Assistant]: He's a soccer player from the Spanish National team. You like soccer? [Human]: I am not a big fan but I watched a game recently and he seems popular. I like Gymnastics more [Assistant]: I am not either. I just follow soccer because of David Beckham.  [Human]: I am definitely familiar with David Beckham. What other sports do you like? Only provide the simplified text as the answer.,dialogue
946,"Extract key content based on the background information and the conversation:Voltaire wrote CandideCandide was released 17591759 was the year that released Candide. Candide : `Kind of composition`: Overture[Human]: Could you recommend ny books by Voltaire [Assistant]: Voltaire was a writer, poet, historian and playwright who wrote Candide. [Human]: Candide is the  Operetta released in 1759 right Only provide the simplified text as the answer.",dialogue
947,"Extract key content based on the background information and the conversation:Shikhar Dhawan : `Sport played`: Cricket (Interest)Cricket (Interest) : `~Sport played`: Shikhar Dhawan[Human]: Do you know anything about Shikhar Dhawan? [Assistant]: Yes, I know he plays Cricket in India. Do you know anything about Cricket? [Human]: I don't know anything about Cricket. Do you like Cricket? What is your favorite sport. Only provide the simplified text as the answer.",dialogue
948,Extract key content based on the background information and the conversation:Anne Frank wrote The Diary of a Young Girl. The Diary of a Young Girl has genre Biography[Human]: I like Ann Frank when was her book released [Assistant]: She wrote The Diary of a Young Girl wrote in 1942. [Human]: What was the genere of that book? [Assistant]: It is a Biography. Do you like biographies? [Human]: Yes can you name another one? Only provide the simplified text as the answer.,dialogue
949,"Extract key content based on the background information and the conversation:Winnie-the-Pooh is written by Ernest H. Shepard. Ernest H. Shepard wrote The House at Pooh CornerThe House at Pooh Corner is written by Ernest H. ShepardErnest H. Shepard wrote The House at Pooh Corner. The House at Pooh Corner was released 1928[Human]: Can you recommend any other books like Winnie-the-Pooh? [Assistant]: Certainly, Do you like the book because it children's literature?  [Human]: Yes, I like children's literature. [Assistant]: There is another children's literature written by the same author Ernest H. Shepard ; titled The House at Pooh Corner have you read this?  [Human]: Interesting, when was it released? Only provide the simplified text as the answer.",dialogue
950,Extract key content based on the background information and the conversation:Zoë Kravitz starred in Yelling to the SkyYelling to the Sky is starring Tim Blake Nelson. Tim Blake Nelson starred in The Big Year[Human]: Do you know alot about Zoe Kravitz? [Assistant]: I know that Zoë Kravitz starred in Yelling to the Sky and Twelve. [Human]: Did you know that Tim Blake Nelson also starred in that movie? Only provide the simplified text as the answer.,dialogue
951,Extract key content based on the background information and the conversation:Alexis Sánchez : `~Player statistics`: Chile national football teamChile national football team : `Player statistics`: Alexis Sánchez. Alexis Sánchez : `~Player statistics`: Udinese Calcio[Human]: Do you know alot about Alexis Sánchez Chilean soccer player?  I don't know a lot about soccer. [Assistant]: I know that Alexis Sanchez is on the Chile national football team [Human]: He plays with Udinese Calcio and Colo-Colo.  Do you like Soccer? Only provide the simplified text as the answer.,dialogue
952,"Extract key content based on the background information and the conversation:W.W. Denslow wrote The Wonderful Wizard of OzThe Wonderful Wizard of Oz is written by W.W. DenslowW.W. Denslow wrote The Wonderful Wizard of Oz. The Wonderful Wizard of Oz was released 1900[Human]: Can you recommend any authors related to W.W. Denslow? [Assistant]: I'm sorry, I do not have access to that information. But I can tell you he wrote The Wonderful Wizard of Oz.  [Human]: I like the Wizard of Oz when was it released again? Only provide the simplified text as the answer.",dialogue
953,"Extract key content based on the background information and the conversation:Blake Griffin : `~has_person`: Oklahoma City[Human]: What do you think about Blake Griffin?      [Assistant]: Isn't he a basketball player. Who does he play for? [Human]: Blake Griffin is a basketball player for the Detroit Pistons [Assistant]: That's right. Did he play in Oklahoma City at one time? [Human]: Yes, he did.  He won 4 high school state titles at Oklahoma Christian School Only provide the simplified text as the answer.",dialogue
954,"Extract key content based on the background information and the conversation:The Kite Runner is written by Khaled HosseiniKhaled Hosseini wrote The Kite Runner. The Kite Runner is edited by Matt Chesse[Human]: Do you know something like the Kite Runner? [Assistant]: Do you like the Kite Runner because it is by Khaled Hosseini or because it is a Romantic Comedy? [Human]: I really like the work of Hosseni so if you can tell me other things he did, that would be great! Only provide the simplified text as the answer.",dialogue
955,"Extract key content based on the background information and the conversation:Sam Mendes directed Road to Perdition. Road to Perdition is starring Jennifer Jason LeighRoad to Perdition is starring Tom HanksTom Hanks wrote Larry Crowne. Larry Crowne has genre Romantic comedy[Human]: Could you recommend any movies directed by Sam Mendes? [Assistant]: Sure, Road to Perdition, starring Jennifer Jason Leigh, is a great crime fiction movie you would enjoy. [Human]: That was a good movie. I saw it a long time ago. Didn't that movie have Tom Hanks in it too? [Assistant]: Yes, Tom Hanks also starred in it.  [Human]: Are they any movies similar to Road to Perdition? Only provide the simplified text as the answer.",dialogue
956,"Extract key content based on the background information and the conversation:Linkin Park : `~Member of`: Rob Bourdon[Human]: what do you think of Linkin Park [Assistant]: I love Linkin Park, My favorite song is Bleed it out. How about you? [Human]: my favorite is one step closer, who other singer you like? [Assistant]: I like the Band Muse, Do you know them? [Human]: Yeah I like them too, Dig Down Only provide the simplified text as the answer.",dialogue
957,"Extract key content based on the background information and the conversation:The Last Lecture has genre Non-fictionNon-fiction has examples: Washington's CrossingWashington's Crossing is written by David Hackett Fischer[Human]: Do you know who wrote the book The Last Lecture? [Assistant]: The Last Lecture was released in 2008 a non fiction genre.  It shows it was written by two different authors. [Human]: OK, can  you give me some examples of non-fiction books? [Assistant]: Sure a couple of examples would be Zeitoun and When Bad Things Happen to Good People.  Do you like this genre? [Human]: Oh yes, I really like Washington's Crossing and Visions of Sugar Plums. I'd like to hear some more choices. Only provide the simplified text as the answer.",dialogue
958,Extract key content based on the background information and the conversation:Celâl Üster wrote Nineteen Eighty-Four. Nineteen Eighty-Four : `Subject`: English LanguageNineteen Eighty-Four is written by George OrwellGeorge Orwell wrote Keep the Aspidistra Flying[Human]: Could you recommend a book by Celâl Üster?  [Assistant]: Celâl Üster wrote Nineteen Eighty-Four [Human]: Really! The 1984 book I'm familiar with is by George Orwell. When was the Celal Uster book released? Only provide the simplified text as the answer.,dialogue
959,"Extract key content based on the background information and the conversation:Deception Point is written by Dan BrownDan Brown wrote Angels & Demons. Angels & Demons has genre Suspense[Human]: I really liked the book Deception Point. Can you find some similar titles? [Assistant]: Deception Point was  written by Dan Brown.The genre is Techno-thriller and  Speculative fiction, Is that what you  are looking for? [Human]: Yes that's the one, did he also write Angels & Demons?  Only provide the simplified text as the answer.",dialogue
960,Extract key content based on the background information and the conversation:Sandra Ellis Lafferty starred in Walk the LineWalk the Line is starring Sandra Ellis LaffertySandra Ellis Lafferty starred in Walk the Line. Walk the Line has genre Historical period drama[Human]: Could you recommend some movies that Sandra Ellis Lafferty has been in? [Assistant]: She was in Walk the Line and Self/less. Do those sound interesting to you? [Human]: What type of movie is Walk the Line? Only provide the simplified text as the answer.,dialogue
961,"Extract key content based on the background information and the conversation:Beautiful Creatures has genre Romance novelRomance novel has examples: Wide Sargasso SeaWide Sargasso Sea was released 1966[Human]: Do you like the book, Beautiful Creatures? [Assistant]: I do! I like Romance novel, especially Margaret Stohl's work. Do you know her? [Human]: I am not familiar with Margaret Stohl, but if you like Romance, you may enjoy Wide Sargasso Sea. Only provide the simplified text as the answer.",dialogue
962,"Extract key content based on the background information and the conversation:Katy Perry is a/an Singer-songwriter[Human]: Do you know anything about Katy Perry? [Assistant]: Katy Perry is a singer-songwriter and has also starred in movies as a voice actor. Are you a fan of hers? [Human]: Yes, I like her music. Have you listened to her songs? [Assistant]: I have, I enjoy the song Firework. Which one is your favorite? [Human]: Firework is also my favorite. I love the music video Only provide the simplified text as the answer.",dialogue
963,Extract key content based on the background information and the conversation:American Hustle has genre Drama[Human]: Could you recommend a movie similar to American Hustle? [Assistant]: Surely. American Hustle is a drama. Is that what you like or is it the cast? [Human]: Yes I like drama! Tell me more.  [Assistant]: Ok. One classic that comes to mind is To Kill a Mockingbird. The Star of it is Brock Peters. [Human]: When did this movie come out? Only provide the simplified text as the answer.,dialogue
964,"Extract key content based on the background information and the conversation:Orson Scott Card wrote XenocideXenocide is written by Orson Scott Card. Orson Scott Card is a/an Writer[Human]: I like Orson Scott Card. What do you know of him? [Assistant]: I know he wrote Xenocide, The Memory of Earth, The Lost Gate and The Gate Thief. Have you read any of his work ? [Human]: I've read Xenocide and Speaker For The Dead. Only provide the simplified text as the answer.",dialogue
965,"Extract key content based on the background information and the conversation:The Incredibles is starring Samuel L. Jackson[Human]: I'd like to see a family movie like the Incredibles [Assistant]: Do you like this movie because it stars Samuel L. Jackson? [Human]: yes. I love him [Assistant]: Great, I would recommend Iron Man 2, it stars Samuel L. Jackson and has a lot of action [Human]: Can you tell me who else stars in Iron Man 2 Only provide the simplified text as the answer.",dialogue
966,"Extract key content based on the background information and the conversation:New England Patriots : `~Team`: National Football League[Human]: Do you like the New England Patriots? [Assistant]: They are NFL football team right? No, I havent watched much of football. I did watch Messi and David Beckham though sometime back. [Human]: They are a football team. What sport do you enjoy watching? [Assistant]: I like cricket, did you ever watch cricket? [Human]: I've actually never watched it. Is it a team sport? Only provide the simplified text as the answer.",dialogue
967,"Extract key content based on the background information and the conversation:Scott O'Dell : `Award Won`: John Newbery MedalJohn Newbery Medal : `~Category of`: John Newbery MedalJohn Newbery Medal : `~Award Won`: Tomie dePaola[Human]: Do you know of any books written by Scott O'Dell? [Assistant]: Yes.  He's a great author and an award winner.  He wrote Island of the Blue Dolphins.   [Human]: I remember reading that one when I was younger. Did he write mostly children's books? [Assistant]: I'm not sure, but I can tell you he was one of many that one the John Newbery Medal.  Would you like to know some others? [Human]: Sure. Any other Newbery Award winning authors you know of? Only provide the simplified text as the answer.",dialogue
968,Extract key content based on the background information and the conversation:Mission: Impossible - Rogue Nation is starring Tom Cruise. Tom Cruise starred in Valkyrie[Human]: Can you recommend another movie like Mission: Impossible - Rogue Nation? [Assistant]: Well Tom cruise starred in Mission impossible Rogue Nation so if you like him he also starred in Valkyrie. [Human]: Yes! Love him. What genre is Valkyrie? [Assistant]: Valkyrie falls under the genre war and political thriller. [Human]: Sounds interesting. Who else stars in it? Only provide the simplified text as the answer.,dialogue
969,"Extract key content based on the background information and the conversation:Oldboy has genre World cinema[Human]: Do you know any Drama/Mystery movies like Oldboy? [Assistant]: Do you like that movie because of the Mystery or Thriller genre? [Human]: Yes, I am also a big fan of Korean movies. Can you suggest something that's mystery/thriller and also Korean? [Assistant]: Sure, Lady Vengeance is the sequel to Oldboy. [Human]: Really? Cool! Who stars in Lady Vengeance? Only provide the simplified text as the answer.",dialogue
970,"Extract key content based on the background information and the conversation:Ang Lee is a/an Author[Human]: What do you recommend from Ang Lee? [Assistant]: Ang Lee is an author, film producer, director, and screenwriter. What type of his work were you interested in? [Human]: What films did he produce?  [Assistant]: I do not have information on that right now. A couple other authors that I know of are, Winston Churchill and Woody Allen. Are you familiar with them? [Human]: Yes, I am. Do you have any recommendations from Woody Allen? Only provide the simplified text as the answer.",dialogue
971,Extract key content based on the background information and the conversation:The Catcher in the Rye has genre NovelNovel has examples: Breathing Lessons. Breathing Lessons is written by Anne TylerAnne Tyler wrote Breathing Lessons. Breathing Lessons has genre Novel[Human]: Could you tell me more information about the book The Catcher in the Rye? [Assistant]: The Catcher in the Rye is a novel written by J.D. Sallinger released in 1951. [Human]: How about Breathing Lessons ? Only provide the simplified text as the answer.,dialogue
972,"Extract key content based on the background information and the conversation:Dress Your Family in Corduroy and Denim is written by David SedarisDavid Sedaris wrote Squirrel Seeks Chipmunk: A Modest BestiarySquirrel Seeks Chipmunk: A Modest Bestiary is written by David Sedaris. David Sedaris wrote SantaLand Diaries[Human]: Do you have a book called Dress Your Family in Corduroy and Denim? [Assistant]: By David Sedaris? I love that book. Have you read it? [Human]: no i havent read that book. what else has he written? [Assistant]: Oh, he's written a bunch. A couple of my favorites are When You Are Engulfed in Flames, and Naked. Were you looking for something specific? [Human]: what about something like Squirrel Seeks Chipmunk? Only provide the simplified text as the answer.",dialogue
973,Extract key content based on the background information and the conversation:Cristiano Ronaldo : `~Player statistics`: Real Madrid C.F.Real Madrid C.F. : `~Team coached`: José MourinhoJosé Mourinho : `Team`: Inter Milan[Human]: i like cristiano ronaldo [Assistant]: yes he plays for real madrid [Human]: jose mourinho Only provide the simplified text as the answer.,dialogue
974,Extract key content based on the background information and the conversation:Terminator 2: Judgment Day is directed by James Cameron[Human]: Do you have  Terminator 2: Judgment Day? Only provide the simplified text as the answer.,dialogue
975,"Extract key content based on the background information and the conversation:Stephen R. Covey wrote Principle Centered LeadershipPrinciple Centered Leadership was released 1991. 1991 was the year that released Paradise[Human]: I like Stephen R Covey, Can you recommend any of his Books? [Assistant]: Yes, He wrote Principle Centered Leadership and The Seven Habits of Highly Effective People.  [Human]: Great, Can you tell me when Principle centered Leadership was released? Only provide the simplified text as the answer.",dialogue
976,"Extract key content based on the background information and the conversation:Lionel Messi : `Award Won`: UEFA Club Footballer of the Year[Human]: Do you know Lionel Messi? [Assistant]: I do not, who is that? [Human]: Lionel Messi is an Argentine professional footballer. Do you like soccer?  Only provide the simplified text as the answer.",dialogue
977,"Extract key content based on the background information and the conversation:Robert Thompson wrote The GodfatherThe Godfather is written by Mario PuzoMario Puzo wrote The Sicilian[Human]: Do you know anything interesting about the author Robert Thompson? Heard some colleagues talking about him earlier today. [Assistant]: Sure, he wrote The Godfather, which was released in 1969. Have you seen the movie adaptation? [Human]: I have, but I thought Mario Puzo wrote the novel the Godfather. I am guessing Robert Thompson wrote the screenplay? Only provide the simplified text as the answer.",dialogue
978,"Extract key content based on the background information and the conversation:Laura Hillenbrand wrote SeabiscuitSeabiscuit : `Hall of fame induction`: National Museum of Racing and Hall of FameNational Museum of Racing and Hall of Fame : `~Hall of fame induction`: Seabiscuit. Seabiscuit is written by Laura Hillenbrand[Human]: Could you recommend any good books by Laura Hillenbrand? [Assistant]: She is most known for writing Seabiscuit. It is a story about a race horse. Do you like horses? [Human]: Yes, I like horseback riding.    Seabiscuit was inducted into the National Museum of Racing and Hall of Fame Only provide the simplified text as the answer.",dialogue
979,"Extract key content based on the background information and the conversation:The Eye of the World is written by Robert Jordan[Human]: I loved the book The Eye of the World but I can't remember, who wrote it? [Assistant]: It was written by Robert Jordan. Are you interested in other titles by him? [Human]: Great. Yes, can you recommend another book like it?  [Assistant]: Two come to mind off-hand: ""Towers of Midnight"" and ""The Wheel of Time."" Are you interested in either? [Human]: Robert Jordan also wrote The Great hunt and I loved it. What genre is Towers of Midnight? Only provide the simplified text as the answer.",dialogue
980,Extract key content based on the background information and the conversation:Truman Capote starred in Murder by Death (Comedy)Murder by Death (Comedy) is starring Truman CapoteTruman Capote starred in Murder by Death (Comedy)[Human]: Truman Capote is a good author can you recommend something that he has written? [Assistant]: Utterly Cold Blooded is a good one and so is Murder by Death  [Human]: Murder by Death is that a Comedy? Only provide the simplified text as the answer.,dialogue
981,Extract key content based on the background information and the conversation:Memento is written by Christopher Nolan[Human]: Can you tell me who was in Memento? [Assistant]: Oh that starred Christopher Nolan [Human]: What else was he in? [Assistant]: I know he produced The Dark Knight Rises a very popular movie [Human]: Who was the star of that movie? Only provide the simplified text as the answer.,dialogue
982,"Extract key content based on the background information and the conversation:Message in a Bottle is written by Nicholas SparksNicholas Sparks wrote Two By TwoTwo By Two is written by Nicholas Sparks[Human]: What can you tell me about Message in a Bottle?  Who authored it, etc? [Assistant]: Written by Nicholas Sparks and was released in 1988. [Human]: What else did Nicholas Sparks write? Only provide the simplified text as the answer.",dialogue
983,"Extract key content based on the background information and the conversation:Mary GrandPré wrote Harry Potter and the Half-Blood Prince. Harry Potter and the Half-Blood Prince is written by J.K. RowlingHarry Potter and the Half-Blood Prince is written by J. K. Rowling[Human]: Could you recommend a book written by author Mary GrandPré? [Assistant]: Sure, Mary GrandPre wrote Harry Potter and the Half-Blood Prince, it falls under the Fantasy genre. [Human]: Oh really? Did she co author the Harry Potter books with J. K. Rowling? I love fantasy books Only provide the simplified text as the answer.",dialogue
984,"Extract key content based on the background information and the conversation:Harry Potter and the Order of the Phoenix has genre Young-adult fiction[Human]: I like Harry Potter and the Order of the Phoenix. It is my favorite of the series. Can you recommend any other movies or books like it? [Assistant]: I like all the J. K. Rowlings books, but the next in the series is Harry Potter and the Goblet of Fire. [Human]: oh yes! Another good one. I love young adult fiction. My favorite young adult fiction book is Six of Crows. Have you heard of it? [Assistant]: No, I haven't.  I'll check that one out.  I also like Wildwood Dancing, another good one. [Human]: I haven't heard of that one. I will have to check it out. Only provide the simplified text as the answer.",dialogue
985,"Extract key content based on the background information and the conversation:The Pact is written by Jodi Picoult[Human]: Could you tell who wrote the book, The Pact? [Assistant]: The Pact is written by Jody Picoult and it is genre Speculative fiction. [Human]: Cool. Could you tell me more about some other books that Jodi Picoult wrote? [Assistant]: Sure, she wrote  Where There's Smoke and Vanishing Acts, have you read them? [Human]: No I sure haven't. What genre of books are they? Only provide the simplified text as the answer.",dialogue
986,"Extract key content based on the background information and the conversation:Minnesota Vikings : `~Team coached`: Mike Zimmer[Human]: Do you have any information about Minnesota Vikings? [Assistant]: The Minnesota Vikings are playing the New England Patriots today. Coach Mike Zimmer has an uphill battle against a team like the Patriots. [Human]: That's great news! Where was Mike Zimmer born in , I mean his place of birth. [Assistant]: The coach of the American Football team, the Minnesota Vikings, was born in Peoria. Do you know he also went to the Royal Academy of Dramatic Art? Odd for a football coach. [Human]: Thanks for the information. I didn't know that and good you let me know about it. Give me some more info please if you can Only provide the simplified text as the answer.",dialogue
987,"Extract key content based on the background information and the conversation:Eden Hazard : `~Player statistics`: Chelsea F.C.Chelsea F.C. : `Sport Team Location`: LondonLondon : `~Sport Team Location`: Crystal Palace F.C.[Human]: Do you like soccer, otherwise known as football? I have been following Eden Hazard, he's pretty good. [Assistant]: You mean the player in Chelsea F.C? [Human]: Yes! That's the one. The team is in London and I get so confused when the Championship games start because they say football and I think American football. I wish everyone called it the same thing.  Only provide the simplified text as the answer.",dialogue
988,"Extract key content based on the background information and the conversation:Neill Blomkamp wrote District 9. District 9 has genre Indie filmDistrict 9 is written by Terri TatchellTerri Tatchell wrote District 9. District 9 is starring Jed Brophy[Human]: Neill Blomkamp is a great director. Do you some of his movies? [Assistant]: I do! He directed Elysium and District 9, both great movies! District 9 is an Indie Film that blew it out of the park, have you seen it? [Human]: Not yet. Can you tell me some of its casts? Only provide the simplified text as the answer.",dialogue
989,"Extract key content based on the background information and the conversation:Finding Nemo is written by Andrew Stanton. Andrew Stanton wrote A Bug's Life[Human]: Can you recommend a movie like Finding Nemo for my kids? [Assistant]: That is an adorable movie! I sure can. How about A Bug's Life or WALL-E? [Human]: Oh those sound good. Are they both made by Disney too? [Assistant]: They do! Is that something you're interested in hearing more about? [Human]: No, I think I will check them out. Disney is a pretty solid company. Thanks! Only provide the simplified text as the answer.",dialogue
990,"Extract key content based on the background information and the conversation:The Hobbit: An Unexpected Journey has genre Fantasy. Fantasy has examples: The WolfmanThe Wolfman is starring Anthony Hopkins[Human]: Could you recommend movies similar to The Hobbit: An Unexpected Journey? [Assistant]: Sure! Do you like Fantasy films? You might like The Wolfman. [Human]: I love Fantasy Films. Who is in The Wolfman? [Assistant]: The Wolfman stars Benicio del Toro, Emily Blunt and Anthony Hopkins to name a few. I also have other fantasy movie recommendations if you want more. [Human]: I love Anthony Hopkins. What other fantasy movies do you recommend? Only provide the simplified text as the answer.",dialogue
991,Extract key content based on the background information and the conversation:The Picture of Dorian Gray has genre Speculative fiction[Human]: Could you recommend books similar to The Picture of Dorian Gray? [Assistant]: Sure! The Picture of Dorian Gray is a Speculative fiction book. Do you like that genre? [Human]: Yes I do. Can you suggest some titles for me? [Assistant]: I can do that. Z for Zachariah and Xenocide are Speculative fiction and already great books. [Human]: Those sound great. Do you have more information on these books? Only provide the simplified text as the answer.,dialogue
992,"Extract key content based on the background information and the conversation:Forrest Gump is starring Tom HanksTom Hanks starred in Larry Crowne. Larry Crowne is starring Rami MalekLarry Crowne is written by Tom Hanks[Human]: Hi there, could you recommend some movies similar to Forrest Gump? [Assistant]: Tom Hanks stars in Forrest Gump. Would you like to see more movies with him? [Human]: Sure, I think he starred in Larry Crowne. Do you know that one? Only provide the simplified text as the answer.",dialogue
993,"Extract key content based on the background information and the conversation:Ayush Mahesh Khedekar : `Place of birth`: MumbaiMumbai : `~State/Province/Region`: Mumbai[Human]: I like Ayush Mahesh Khedekar. [Assistant]: Ok Ayush Mahesh Khedekar starred in Slumdog Millionaire.  [Human]: Thanks! I'll need to know more! [Assistant]: He was born in Mumbai and he is from India.  [Human]: OK, OK. Anything else on Mumbai? Only provide the simplified text as the answer.",dialogue
994,"Extract key content based on the background information and the conversation:Robert Stromberg directed MaleficentMaleficent is starring Angelina Jolie PittAngelina Jolie Pitt starred in Salt[Human]: Do you know Robert Stromberg? Tell me what you can about him? [Assistant]: Sure, he directed Maleficient starring Angelina Jolie. Are you interested in  adventure movies? [Human]: Absolutely, I also like Angelina Jolie what other movies has she been in that are adventure movies? Only provide the simplified text as the answer.",dialogue
995,Extract key content based on the background information and the conversation:Denver Broncos : `~Team`: National Football LeagueNational Football League : `Team`: Seattle Seahawks[Human]: What do you think about the Denver Broncos? [Assistant]: The Denver Broncos seem like a pretty solid team on the AFC West Division this season. Do you follow them?  [Human]: I am really not a fan of the National Football League. But I have heard about other teams such as the Green Bay Packers and Seattle Seahawks. Only provide the simplified text as the answer.,dialogue
996,"Extract key content based on the background information and the conversation:Dreama Walker starred in Compliance (Crime Fiction Film)Compliance (Crime Fiction Film) is starring Pat HealyPat Healy starred in Compliance (Crime Fiction Film)[Human]: Could you recommend any movies that has Dreama Walker in them? [Assistant]: Do you like Crime Fiction Films? If so, Dreama Walker starred in Compliance. [Human]: I love Fiction films. Does that one star Pat Healy? Only provide the simplified text as the answer.",dialogue
997,Extract key content based on the background information and the conversation:Frank Capra wrote It's a Wonderful Life. It's a Wonderful Life is starring Donna Reed[Human]: Can you recommend any movies directed by Frank Capra? [Assistant]: Sure thing! He directed It's a Wonderful Life - he also wrote it! Lovely film. [Human]: Can you tell me more about that film? Only provide the simplified text as the answer.,dialogue
998,Extract key content based on the background information and the conversation:Philip Horne wrote Oliver TwistOliver Twist was released 18381838 was the year that released Oliver Twist. Oliver Twist is written by Philip Horne[Human]: Could you recommend any good work of Philip Horne. [Assistant]: Philip Horne wrote Oliver Twist [Human]: was that released in 1838 or 1848? Only provide the simplified text as the answer.,dialogue
999,Extract key content based on the background information and the conversation:Andrés Iniesta : `~Player statistics`: Spain national football teamSpain national football team : `Player statistics`: Andrés Iniesta[Human]: What do you think of Andres Iniesta's career this year? [Assistant]: I am not familiar with Andres Iniesta. Who is he? [Human]: He's a member of Spain's national football team. Are you a football fan? Only provide the simplified text as the answer.,dialogue
1000,"Extract key content based on the background information and the conversation:The 5th Wave is written by Rick Yancey[Human]: I like the book The 5th Wave, do you know of similar titles? [Assistant]: Are we talking of the writer, Rick Yancey? [Human]: Yes!  [Assistant]: Then I can refer you to The Last Star, and The Infinite Sea. These two will fit your pace nicely [Human]: Do you know what genre The Infinite Sea is considered? Only provide the simplified text as the answer.",dialogue
1001,"Extract key content based on the background information and the conversation:Jurassic Park III is written by Peter BuchmanPeter Buchman wrote Jurassic Park III. Jurassic Park III : `Sequel`: Jurassic WorldJurassic World is written by Michael Crichton[Human]: I like Jurassic park, III do you know who wrote it? [Assistant]: It was written by Peter Buchman, Michael Crichton and Alexander Payne. [Human]: Was there a sequal? Only provide the simplified text as the answer.",dialogue
1002,Extract key content based on the background information and the conversation:Cesc Fàbregas : `~Player statistics`: Spain national football teamSpain national football team : `Player statistics`: Xabi Alonso[Human]: Do you know Cesc Fàbregas? Is he famous? [Assistant]: I don't follow him regularly but plays on Spain national football team. [Human]: Oh seriously? The only player of Spain I know is Xabi Alonso. He is amazing. Only provide the simplified text as the answer.,dialogue
1003,Extract key content based on the background information and the conversation:Eric Bress wrote The Butterfly Effect. The Butterfly Effect is written by J. Mackye GruberThe Butterfly Effect is directed by J. Mackye Gruber[Human]: Do you know abnout Eric Bress? [Assistant]: He wrote The Butterfly Effect. [Human]: I thought J Mackye Gruber wrote it.Or perhaps he directed the movie? Only provide the simplified text as the answer.,dialogue
1004,"Extract key content based on the background information and the conversation:Michael O'Neill starred in Transformers. Transformers is starring Zack Ward[Human]: Can you recommend actors like Michael O'Neill? [Assistant]: Zack Ward and Bernie Mac you may like if you like Michael O'Neill. [Human]: Cool, what's Zack Ward in? [Assistant]: He plays in Transformers! Also, Trade and Restoration he starred in.  [Human]: Oh else stars in Transformers? Only provide the simplified text as the answer.",dialogue
1005,"Extract key content based on the background information and the conversation:Yes Man is written by Nicholas Stoller. Nicholas Stoller wrote Fun with Dick and Jane[Human]: Could you recommend other movies like Yes Man? [Assistant]: Fun with Dick and Jane is a really good and funny movie I think you would enjoy [Human]: Who stars in that? [Assistant]: John Michael Higgins and Jeff Garlin are in it I recommend taking a look.  [Human]: I think I will, thank you!  Only provide the simplified text as the answer.",dialogue
1006,Extract key content based on the background information and the conversation:Anne Hathaway starred in The Princess Diaries 2: Royal EngagementThe Princess Diaries 2: Royal Engagement is directed by Garry Marshall[Human]: I like Anne Hathaway. Have you seen her movies? [Assistant]: I love Anne Hathaway! I love The Princess Diaries movies as well as The Devil Wears Prada. Would you like to know more of her movies? [Human]: Yes please. I like The Princess Diaries 2. Who is the director? Only provide the simplified text as the answer.,dialogue
1007,"Extract key content based on the background information and the conversation:Yann Martel wrote Life of Pi[Human]: Do you have anything to say about Yann Martel? [Assistant]: Yann Martel wrote such blockbusters as Life of Pi and Beatrice & Virgil.  Do any of those sound appealing to you? [Human]: Yes, I've heard great things about  Life of Pi. [Assistant]: That movie came out in 2012 and centered on a young man, a tiger, and a voyage on the ocean. [Human]: Wow how interesting! What is the genre of it? Only provide the simplified text as the answer.",dialogue
1008,"Extract key content based on the background information and the conversation:Transformers: Dark of the Moon is starring Lester SpeightLester Speight starred in NorbitNorbit is starring Katt Williams[Human]: I love  Transformers: Dark of the Moon, can you tell me some titles like it? [Assistant]: Yes, I can. Lester Speight starred in that as well as Kevin Dunn. It is a Action/Adventure movie. Do you like those kind of movie [Human]: I do, didn't  Lester Speight star in Norbit too? Only provide the simplified text as the answer.",dialogue
1009,Extract key content based on the background information and the conversation:Michael O'Neill starred in TrafficTraffic is starring Michael O'Neill[Human]: Michael O'Neill is an awesome actor! Do you have his other movies? [Assistant]: He was in Transformers and Traffic  [Human]: Can you tell me more about Traffic? I haven't heard of that one before. [Assistant]: Traffic is an action drama a great movie  [Human]: Who else starred in that movie? Only provide the simplified text as the answer.,dialogue
1010,"Extract key content based on the background information and the conversation:Rickie Fowler : `Sport played`: GolfGolf has examples: Happy GilmoreHappy Gilmore is starring Adam Sandler[Human]: What do you think about Rickie Fowler? [Assistant]: He plays golf right? [Human]: Yes, he does.  [Assistant]: I am not a fan of golf so I really do not have an opinion. Do you like golf? [Human]: Not really, I like the movie Happy Gilmore though. It has golf in it.  Only provide the simplified text as the answer.",dialogue
1011,"Extract key content based on the background information and the conversation:The Hobbit or There and Back Again is written by J.R.R. Tolkien. J.R.R. Tolkien wrote The Return of the KingJ.R.R. Tolkien wrote The SilmarillionThe Silmarillion has genre Speculative fiction. Speculative fiction has examples: The Voyage of the Dawn Treader[Human]: I like the book The Hobbit or There and Back Again.  Can you show me some books like it? [Assistant]: Would you like more books released in the same year? [Human]: No, but more books in the fantasy or adventure genres would be nice. [Assistant]: J.R.R Tolkien also wrote The Lord of the Rings and The Return of the King. [Human]: Thanks, I like those. He also wrote The Silmarillion, right?  Do you have any books like that? Only provide the simplified text as the answer.",dialogue
1012,"Extract key content based on the background information and the conversation:Dani Alves is a/an Athlete[Human]: Do you know if Dani Alves played this past weekend in the soccer match? [Assistant]: I know Dani Alves is an athlete on the Brazil national football team, however, I am not into soccer that much. Is she a good player? [Human]: He is on the Brazillian football team. The team played in Madrid. Do you like American football? Only provide the simplified text as the answer.",dialogue
1013,"Extract key content based on the background information and the conversation:Manny Pacquiao is a/an Politician[Human]: Is the boxer  Manny Pacquiao any good? [Assistant]: Well, he's only had 7 losses in his career. Did you know that he is also a politician, musician, and film producer? [Human]: Wow, he must be good boxer then! Really? He is a musician and producer too, which movies did he produce? [Assistant]: I don't know which movie he produce but I think they are Filipino movies. He's the biggest deal in the Philippines. [Human]: Nice to be multi talented. Did he win against Mayweather anytime? Only provide the simplified text as the answer.",dialogue
1014,"Extract key content based on the background information and the conversation:Forgetting Sarah Marshall is starring William BaldwinWilliam Baldwin starred in FlatlinersFlatliners is starring Julia Roberts[Human]: I liked the movie Forgetting Sarah Marshall, remind me who some of the stars are? [Assistant]: Sure, William Baldwin, Paul Rudd and Mila Kunis starred in Forgetting Sarah Marshall. [Human]: Oh, I'm a big fan of William Baldwin, I remember he was in this 80s movie with Julia Roberts, do you know what the name of it is? Only provide the simplified text as the answer.",dialogue
1015,Extract key content based on the background information and the conversation:Thomas  Christensen wrote Como agua para chocolate. Como agua para chocolate was released 1989Como agua para chocolate was released 1989[Human]: I like Thomas Christensen [Assistant]: He wrote Como agua para chocolate which was released in 1989. Are you familiar with it? [Human]: Is it in English Language? Only provide the simplified text as the answer.,dialogue
1016,"Extract key content based on the background information and the conversation:Guillermo del Toro wrote Pan's Labyrinth. Pan's Labyrinth is starring Sergi LópezPan's Labyrinth has genre War filmWar film has examples: Zero Dark Thirty[Human]: Do you have any information on the director, Guillermo del Toro? [Assistant]: Yes, he wrote Pan's Labyrinth. [Human]: What genre was that? Only provide the simplified text as the answer.",dialogue
1017,Extract key content based on the background information and the conversation:Nellie Sciutto starred in Shutter IslandShutter Island has genre Historical period dramaHistorical period drama has examples: Wild Wild West[Human]: I like Nellie Sciutto.  Can you recommend something similar? [Assistant]: Sure! She starred in Shutter Island. Do you enjoy Psychological Thrillers? [Human]: I've seen that one but like it more because it's a Historical Drama. Only provide the simplified text as the answer.,dialogue
1018,"Extract key content based on the background information and the conversation:Wes Craven wrote My Soul to Take. My Soul to Take is starring Frank GrilloMy Soul to Take has genre ThrillerThriller : `~Subject`: Shark Night. Shark Night is starring Joshua Leonard[Human]: Do you know Wes Craven? What are his best movies? [Assistant]: Wes Craven wrote My Soul to Take, and he directed Scream 4. Are you interested in this genre? [Human]: My Soul to Take was a Horror Thriller, right? Yes I like those kind of movies. Only provide the simplified text as the answer.",dialogue
1019,"Extract key content based on the background information and the conversation:Scarface is starring Al Pacino[Human]: Can you recommend any movies like Scarface?   [Assistant]: It is a thriller starring Al Pacino. Do you like the actor or genre? [Human]: Can you tell me some other titles that Pacino stars in?  [Assistant]: Two for the Money, The Son of No One and The Recruit. Have you seen any? [Human]: No I have not. Can you tell me some details about the son of no one?  Only provide the simplified text as the answer.",dialogue
1020,"Extract key content based on the background information and the conversation:Alfred MacAdam wrote The Time Machine and The Invisible ManThe Time Machine and The Invisible Man was released 19681968 was the year that released The Time Machine and The Invisible Man. The Time Machine and The Invisible Man is written by H.G. Wells[Human]: Can you recommend something good written by Alfred MacAdam?  [Assistant]: Sure, Alfred MacAdam wrote a number of books.  He wrote The Time Machine and The Invisible Man [Human]: Sounds like sci-fy or fiction. Am I right?  Only provide the simplified text as the answer.",dialogue
1021,Extract key content based on the background information and the conversation:Taylor Swift starred in Valentine's Day (Romantic comedy Film)Valentine's Day (Romantic comedy Film) is starring Topher GraceTopher Grace starred in Valentine's Day (Romantic comedy Film)[Human]: What do you think about Taylor Swift? [Assistant]: I think she a great singer and I also like her acting in Valentine's day and The lorax. Have you seeing? [Human]: The kids and I love the Lorax!  Wasn't Topher Grace also in Valentine's Day? Only provide the simplified text as the answer.,dialogue
1022,"Extract key content based on the background information and the conversation:Emma is written by Jane Austen[Human]: Do you know of a book with the title or partial title of Emma? [Assistant]: Yes, Emma is a novel written by Jane Austen. Would you like other books by that author? [Human]: Sure, I've liked Jane Austen in the past but I am not that familiar with her work. [Assistant]: Sure. Jane Austen writes great historical novels. She also wrote Pride and Prejudice and Persuasion. [Human]: Oh sounds like I better get reading then, thank you! Only provide the simplified text as the answer.",dialogue
1023,"Extract key content based on the background information and the conversation:Stephen Root starred in White OleanderWhite Oleander is written by Janet FitchJanet Fitch wrote White Oleander. White Oleander is starring Cole Hauser[Human]: Could you recommend a couple of movies starring Stephen Root? [Assistant]: Yes, starred in White Oleander and The Men Who stare at Goats [Human]: Didn't Janet Fitch write White Oleander? Is Robin Wright also in that movie? Only provide the simplified text as the answer.",dialogue
1024,"Extract key content based on the background information and the conversation:Anthea Bell wrote TintenherzTintenherz is written by Anthea Bell. Anthea Bell : `Place of birth`: SuffolkSuffolk : `~State/Province/Region`: Suffolk[Human]: Can you tell me the name of some books written by Anthea Bell? [Assistant]: Sure! Anthea Bell wrote Tintenherz, Tintenblut, and Rubinrot. Have you read any of those? [Human]: No, but I've heard of some of those. Is Anthea from the United States? Only provide the simplified text as the answer.",dialogue
1025,"Extract key content based on the background information and the conversation:Rickie Fowler : `Sport played`: GolfGolf : `~Sport played`: Rickie Fowler[Human]: Do you know who Rickie Fowler is? [Assistant]: Rickie Fowler is a golfer. Do you enjoy golf? [Human]: My boyfriend does.  He was raving about Fowler.  Is he a good player? [Assistant]: He was in the 2014 championship and won 2nd in the masters tournament. I would say he is a good player. [Human]: Yes, I guess so!  Do you know how old he is? Only provide the simplified text as the answer.",dialogue
1026,"Extract key content based on the background information and the conversation:John Kennedy Toole wrote A Confederacy of Dunces[Human]: Could you recommend some books by John Kennedy Toole? [Assistant]: Sure! John Kennedy Toole wrote A Confederacy of Dunces, have you read this one? [Human]: I haven't, do you know what genre that is? [Assistant]: It's a tragicomedy that was released in 1980 [Human]: That sounds interesting! I think I'll check it out, thank you!  Only provide the simplified text as the answer.",dialogue
1027,Extract key content based on the background information and the conversation:Slumdog Millionaire is starring Dev PatelDev Patel starred in The Last AirbenderThe Last Airbender is starring Dev Patel[Human]: Do you like Slumdog Millionaire? [Assistant]: Yes. It's a good movie. Did you know that Dev Patel stars in it? [Human]: No. I never saw it.  Is Dev Patel the guy who starred in The Last Airbender? Only provide the simplified text as the answer.,dialogue
1028,"Extract key content based on the background information and the conversation:The Lost World: Jurassic Park has genre Sci-Fi[Human]: Do you know of a movie that's like The Lost World: Jurassic Park? [Assistant]: Do you like films about dinosaurs, or are you interested because it is an adventure and science fiction film? [Human]: I'm really into sci-fi. [Assistant]: Well, you might like X-Men or Zombieland if you're into sci-fi. [Human]: There are so many X-Men movies. Which one do you think I should watch first? Only provide the simplified text as the answer.",dialogue
1029,Extract key content based on the background information and the conversation:Karim Benzema : `Sport played`: Football. Football has examples: Jerry MaguireJerry Maguire has genre Football[Human]: Do you know what sport Karim Benzema plays? [Assistant]: I think he plays on a France national football team. I don't really follow those. [Human]: Neither do I. What sports do you like to watch? [Assistant]: Not a big sports nut. But I did like the movie Jerry Maguire [Human]: What sport was it about? I didn't see it yet. Only provide the simplified text as the answer.,dialogue
1030,Extract key content based on the background information and the conversation:Taylor Swift starred in Valentine's Day (Romantic comedy Film)[Human]: I like Taylor Swift what about you? [Assistant]: I think she's fine. What's your favorite song of hers? [Human]: I like shake it off by her and White Horse. [Assistant]: What's her most recent album? [Human]: I havent heard it yet Only provide the simplified text as the answer.,dialogue
1031,"Extract key content based on the background information and the conversation:The Terminal has genre Drama[Human]: I like Tom Hanks a lot. Would you recommend his film The Terminal or something else? [Assistant]: Do you like dramas, comedies or just films by Steven Spielberg? [Human]: I like a lot of Spielberg's work. Did he make The Terminal? [Assistant]: I'm sorry, I don't have that information. However if you like dramas you might like Catch-22 with Bob Newhart. [Human]: I remember Bob from The Newhart show so long ago. What other drama examples do you have? Only provide the simplified text as the answer.",dialogue
1032,"Extract key content based on the background information and the conversation:Mindy Kaling : `Starring TV role`: The Office[Human]: Do you know Mindy Kaling? I would like to learn more about this author. [Assistant]: Mindy Kaling has a big resume. Her first claim to fame was starring in The Office.  [Human]: The tv program? I love comedy. [Assistant]: Correct! Have you seen Wreck It Ralph? She also voice acts in that movie. [Human]: No, I haven't seen it but it sounds interesting.  I will give it a try. Only provide the simplified text as the answer.",dialogue
1033,"Extract key content based on the background information and the conversation:The Bourne Ultimatum has genre Spy fictionSpy fiction has examples: On Her Majesty's Secret ServiceOn Her Majesty's Secret Service is starring Telly Savalas[Human]: Could you recommend something similar to The Bourne Ultimatum? [Assistant]: Sure, Vantage Point is a similar work within the Spy Fiction genre. [Human]: Any other Spy fiction films that are good? [Assistant]: On Her Majesty's Secret Service is a good example from the genre. [Human]: Who starred in that film? Only provide the simplified text as the answer.",dialogue
1034,"Extract key content based on the background information and the conversation:Kesha : `~Composer`: We R Who We RWe R Who We R : `Composer`: Kesha. Kesha : `~Composer`: Your Love Is My Drug[Human]: I think I know about the musician Kesha but cannot think of any details, can you? [Assistant]: Yes I know her, she's a great songwriter as well. She wrote and sang the song We R who we are. Have you heard that one? [Human]: Oh yes, and I think she wrote You Love Is My Drug. Only provide the simplified text as the answer.",dialogue
1035,"Extract key content based on the background information and the conversation:Green Bay Packers : `~Game`: Aaron Rodgers[Human]: What do you think about the Green Bay Packers? [Assistant]: I used to like them a lot under Brett Farve as their quarterback. Since he retired, they're just not as exciting. [Human]: Okay I see do you still watch them at all? [Assistant]: Occasionally, if they play a team I do kind of like. Aaron Rodgers is a pretty decent quarterback but he lacks the excitement that Farve had. Are you a Packers fan? [Human]: I am not really into football like my husband, but I'll glance at it once in awhile. At least the have a decent quarterback Aaron Rodgers. Only provide the simplified text as the answer.",dialogue
1036,"Extract key content based on the background information and the conversation:Nesnesitelná lehkost bytí is written by Milan KunderaMilan Kundera wrote ŽertŽert is written by Milan Kundera. Milan Kundera wrote Život je jinde[Human]: Do you know of any books like Nesnesitelna lehkost byti? [Assistant]: I do not know any that are similar.  Sorry.   [Human]: Do you know who wrote that one? [Assistant]: Sure, Nesnesitelna lehkost byti was written by Milan Kundera and Michael Henry Heim. [Human]: I think Milan Kundra wrote another book, Zert, that I read and I wonder if he wrote any other? Only provide the simplified text as the answer.",dialogue
1037,"Extract key content based on the background information and the conversation:Mission: Impossible is starring Tom CruiseTom Cruise wrote Days of Thunder. Days of Thunder is starring Randy QuaidDays of Thunder is written by Tom Cruise[Human]: Do you know who stars in Mission: Impossible? [Assistant]: Yes, two of the more well known actors were Vanessa Redgrave and Tom Cruise. [Human]: I really like Tom Cruise movies. Didn't he write the movie Days of Thunder? Only provide the simplified text as the answer.",dialogue
1038,"Extract key content based on the background information and the conversation:Bob Peck starred in Surviving PicassoSurviving Picasso is starring Peter GeretyPeter Gerety starred in Surviving Picasso. Surviving Picasso is starring Joss Ackland[Human]: Could you please recommend some films in which Bob Peck has starred? [Assistant]: Sure. Bob Peck starred in, Survininv Picasso, Similla's Sense of Snow, Lord or the Flies, Jurassic Park and Slipstream. [Human]: Can you brief me more about the star cast of the film Surviving Picasso and what was the nationality of Bob Peck? Only provide the simplified text as the answer.",dialogue
1039,Extract key content based on the background information and the conversation:Damian Lillard : `~has_person`: OaklandOakland : `~Sport Team Location`: Oakland RaidersOakland Raiders : `~Team`: American Football League[Human]: What do you think about Damian Lilard? [Assistant]: I think he is a god athlete from Oakland. How about you? [Human]: I like the Oakland Raiders a lot! Only provide the simplified text as the answer.,dialogue
1040,Extract key content based on the background information and the conversation:The Catcher in the Rye has genre Novel. Novel has examples: The Difference EngineThe Difference Engine is written by William Gibson[Human]: I like The Catcher in the Rye.  Can you recommend movies similar to this movie? [Assistant]: Sure. I have a similar one called The Difference Engine. Would you like this particular one?  [Human]: Is that written by William Gibson or Bruce Sterling? Only provide the simplified text as the answer.,dialogue
1041,Extract key content based on the background information and the conversation:Benjamin Martinez wrote Il PrincipeIl Principe is written by Rufus GoodwinRufus Goodwin wrote Il Principe. Il Principe is written by Niccolò Machiavelli[Human]: Do you like Benjamin Martinez? [Assistant]: He wrote II Principe didn't he? [Human]: Yes along with Rufus Goodwin and Niccolo Machiavelli Only provide the simplified text as the answer.,dialogue
1042,Extract key content based on the background information and the conversation:Roger Federer : `Sport played`: TennisTennis : `~Sport played`: John IsnerJohn Isner : `~Matches Lost`: Tommy Robredo. Tommy Robredo : `Sport played`: Tennis[Human]: Do you know  Roger Federer [Assistant]: Isn't he a tennis player? [Human]: Yes I believe he is John Isner is also a tennis player Only provide the simplified text as the answer.,dialogue
1043,"Extract key content based on the background information and the conversation:Wladimir Klitschko is a/an BoxerBoxer has example: Tonya Harding[Human]: Do you know Wladimir Klitschko? [Assistant]: I know he is a champion heavyweight boxer, with a brother named Vitali [Human]: Must be a big guy. Funny enough, Tonya Harding was boxer after she was done with figure skating.  Only provide the simplified text as the answer.",dialogue
1044,"Extract key content based on the background information and the conversation:The Cat in the Hat is written by Dr. SeussDr. Seuss wrote Yertle the Turtle (Classic Seuss)Yertle the Turtle (Classic Seuss) was released 1958[Human]: Do you like the book The Cat in the Hat? [Assistant]: Oh my God, i love it!  Dr. Seuss was such a genius. [Human]: I agree. Yertle the Turtle (Classic Seuss) is also a good one Only provide the simplified text as the answer.",dialogue
1045,"Extract key content based on the background information and the conversation:Catherine Hardwicke directed Red Riding Hood. Red Riding Hood is starring Virginia Madsen[Human]: Could you recommend any movies directed by Catherine Hardwicke? [Assistant]: I would recommend Red Riding Hood. [Human]: Can you tell me who stars in that movie? [Assistant]: Virginia Madsen did, she's also in The Rainmaker. [Human]: Are there any other movies with Virginia Medsen that you could recommend to me? Only provide the simplified text as the answer.",dialogue
1046,"Extract key content based on the background information and the conversation:Harry Potter and the Half-Blood Prince is written by J.K. RowlingJ.K. Rowling wrote The SilkwormThe Silkworm was released 2014[Human]: Harry Potter and the Half-Blood Prince, have you ever read it? Can you give me some information about it? [Assistant]: That is a young-adult fiction by J.K. Rowling. Do you like young-adult fiction? [Human]: I do like young adult fiction. What other books did J.K. Rowling write? [Assistant]: She wrote The Silkworm and The Casual Vacancy, along with several others. Are you familiar with those? [Human]: No I'm not, what can you tell me about Silkworm?  Only provide the simplified text as the answer.",dialogue
1047,"Extract key content based on the background information and the conversation:Adam McKay directed The Other Guys. The Other Guys has genre ComedyThe Other Guys is written by Chris HenchyChris Henchy wrote The Other Guys. The Other Guys is starring Tracy Morgan[Human]: Do you have any movies by Adam McKay? He's my favorite director! [Assistant]: Yes, I have The Other Guys and Step Brothers. Both are comedy movies. [Human]: The Other Guys: Chris Henchy wrote that right? Was he the only writer? Only provide the simplified text as the answer.",dialogue
1048,"Extract key content based on the background information and the conversation:Joseph Gordon-Levitt starred in Looper. Looper is starring Bruce WillisLooper is starring Bruce Willis[Human]: I like Joseph Gordon-Levitt a great deal. Can you recommend any of his films I might not be aware of? [Assistant]: He was in Looper which also stars Bruce Willis. [Human]: I don't think I have heard of that one. Who else stars in it with him? [Assistant]: It also stars Emily Blunt and Tracie Thoms. [Human]: Sounds awesome! I really like Bruce Willis, too. Can you tell me any fun facts about him? Only provide the simplified text as the answer.",dialogue
1049,"Extract key content based on the background information and the conversation:Back to the Future is written by Robert Zemeckis[Human]: Would you recommend Back to the Future movie? [Assistant]: If you like science fiction yes. It is written by Robert Zemeckis. Do you like sci-fi movies? [Human]: Yes, I do. Can you tell me more? [Assistant]: You'll like The Polar Express written by Robert Zemeckis and stars Eddie Deezen.  [Human]: Sounds interesting. Who is in it? Only provide the simplified text as the answer.",dialogue
1050,"Extract key content based on the background information and the conversation:2001: A Space Odyssey has genre Sci-FiSci-Fi has examples: ZoomZoom is starring Kevin Zegers[Human]: Could you recommend other movies like 2001: A Space Odyssey? [Assistant]: 2001: A Space Odyssey is both a Mystery and a Sci-Fi film. Do you prefer one genre over another?  [Human]: I like Sci-Fi films. [Assistant]: There are a lot of great Sci-Fi films. You might want to try: eXistenZ, Zoom, or Zombieland.  [Human]: I am curious about Zoom. Who starred in this film? Only provide the simplified text as the answer.",dialogue
1051,Extract key content based on the background information and the conversation:Tennessee Titans : `~Team coached`: Ken WhisenhuntKen Whisenhunt : `Position(s)`: Tight endTight end : `~Position(s)`: Zach Miller[Human]: What do you think about Tennessee Titans? [Assistant]: I am not much into sports.  I do know Ken Whisenhunt is the coach and I hear he is cute  [Human]: Okay I will have to look him up I see his position was tight end and he was born in Augusta Only provide the simplified text as the answer.,dialogue
1052,"Extract key content based on the background information and the conversation:Oh, the Places You'll Go! is written by Dr. SeussDr. Seuss wrote There's a Wocket in My PocketThere's a Wocket in My Pocket is written by Dr. Seuss. Dr. Seuss wrote The Cat in the Hat and Other Dr. Seuss Favorites[Human]: Do you know the book called Oh, the Places You'll Go! ? [Assistant]: Yes,it is written by Dr.suess [Human]: Really. What other books based on this author can you tell me of? Only provide the simplified text as the answer.",dialogue
1053,Extract key content based on the background information and the conversation:Hotel on the Corner of Bitter and Sweet has genre Historical fiction. Historical fiction has examples: Cry to Heaven[Human]: Caould you recommend other novels like Hotel on the Corner of Bitter and Sweet [Assistant]: Cry to Heaven is similar one [Human]: Who is the author? [Assistant]: I am not sure about it.There is no information about it [Human]: Do you know of any other novels by Jamie Ford? Only provide the simplified text as the answer.,dialogue
1054,"Extract key content based on the background information and the conversation:Hilda Rosner wrote SiddharthaSiddhartha has genre FictionFiction has examples: Wyrd Sisters[Human]: Do you know Hilda Rosner, tell me a little about her [Assistant]: Sure, Hilda Rosner is a writer, she wrote Siddhartha which is genre fiction [Human]: I see, what are some similar books in this genre Only provide the simplified text as the answer.",dialogue
1055,Extract key content based on the background information and the conversation:Emilia Fox starred in Shooting the Past. Shooting the Past is starring Lindsay DuncanLindsay Duncan starred in Shooting the Past. Shooting the Past is starring Blake RitsonBlake Ritson starred in RocknRolla[Human]: I like Emilia Fox! Do you have anything with her? [Assistant]: She was in Shooting the Past alongside Lindsay Duncan. [Human]: Was that with Blakeritson? I also like her in The Reflecting Skin. Only provide the simplified text as the answer.,dialogue
1056,Extract key content based on the background information and the conversation:Caroline Wozniacki : `Sport played`: TennisTennis : `~Sport played`: Yanina WickmayerYanina Wickmayer : `Country of nationality`: Belgium[Human]: What do you think about Caroline Wozniacki? [Assistant]: Caroline Wozniacki played tennis and is in a relationship with Rory McIlroy. [Human]: Oh okay just like Yaina Wickmayer and Xavier Malisse.  Only provide the simplified text as the answer.,dialogue
1057,Extract key content based on the background information and the conversation:J.K. Simmons starred in Young Adult[Human]: I like the actor J.K Simmons. What movies is he starring? [Assistant]: He is starring in young adult [Human]: What genre is that movie? [Assistant]: comedy genre [Human]: and when was it released? Only provide the simplified text as the answer.,dialogue
1058,Extract key content based on the background information and the conversation:Houston Texans : `~Team`: National Football LeagueNational Football League : `Team`: Houston TexansHouston Texans : `~Team`: American Football Conference[Human]: Do you like how the Houston Texans are playing this season? [Assistant]: I don't really follow them are they in the NFL? [Human]: They sure are! The Texans are one of the most popular teams. Do you like Football? Only provide the simplified text as the answer.,dialogue
1059,"Extract key content based on the background information and the conversation:Tom Brady : `~Spouse (or domestic partner)`: Gisele. Gisele starred in The Devil Wears PradaGisele : `~Romantic relationship (with celebrities)`: Tom Brady. Tom Brady starred in Stuck on You[Human]: What do you think about Tom Brady? [Assistant]: I don't know much about him. His wife, Gisele is on one of my favorite movies The Devil Wears Prada. [Human]: I don't think I have watched that one yet. Tom Brady was in the movie Stuck on You.  Only provide the simplified text as the answer.",dialogue
1060,"Extract key content based on the background information and the conversation:James Coburn starred in Young Guns II. Young Guns II is starring Alan RuckAlan Ruck starred in Twister (Action/Adventure Film). Twister (Action/Adventure Film) is starring Philip Seymour Hoffman[Human]: Do you know what James Coburn is known for? [Assistant]: He is known for Young Guns  II starring Alan Ruck [Human]: Who else is in that movie? [Assistant]: I am not sure however Alan Ruck also starred in Twister.  Are you familiar with that movie? [Human]: Yes, Philip Seymour Hoffman was in it. I think I'll have to watch Twister tonight. Thanks Only provide the simplified text as the answer.",dialogue
1061,"Extract key content based on the background information and the conversation:The Bourne Ultimatum is starring Matt DamonMatt Damon wrote Good Will Hunting. Good Will Hunting is starring Cole HauserGood Will Hunting is starring Matt Damon[Human]: Do you like The Bourne Ultimatum? [Assistant]: Yes, it is starred by Matt Damon. Do you like it because it is Spy Fiction and Thrill [Human]: Yes, and I like Matt Damon. Have you seen Good Will Hunting or The People Speak>  Only provide the simplified text as the answer.",dialogue
1062,Extract key content based on the background information and the conversation:David Gordon Green wrote Snow Angels. Snow Angels has genre RomanceRomance has examples: Snow Angels. Snow Angels is written by David Gordon GreenDavid Gordon Green directed Your Highness. Your Highness is starring Kiran Shah[Human]: Could you recommend movies directed by David Gordon Green? [Assistant]: He directed a bunch of movies such as Snow Angels and All the Real Girls. You want movies he wrote too? [Human]: I like Snow Angels. Any more movies in that genre? Only provide the simplified text as the answer.,dialogue
1063,Extract key content based on the background information and the conversation:Burn After Reading is written by Joel Coen. Joel Coen produced The Hudsucker ProxyThe Hudsucker Proxy is written by Sam Raimi[Human]: Could you recommend movies similar to Burn After Reading? [Assistant]: Sure. If you like Joel Coen movies you should watch The Hudsucker Proxy or O Brother Where Art Thou? [Human]: Do you know the genre of those movies? [Assistant]: They are comedies.Do you like comedies? [Human]: I do enjoy comedies. Does any other actors star in The Hudsucker Proxy alongside Joel Coen?  Only provide the simplified text as the answer.,dialogue
1064,"Extract key content based on the background information and the conversation:Morten Tyldum directed The Imitation GameThe Imitation Game is starring Benedict CumberbatchBenedict Cumberbatch starred in The Fifth Estate[Human]: I like movies by director  Morten Tyldum. Do you have any suggestions? [Assistant]: He directed The Imitation Game, which is a great film. He also directed Headhunters [Human]: I loved The Imitation Game. Did you know it starred Benedict Cumberbatch? Great actor. Only provide the simplified text as the answer.",dialogue
1065,Extract key content based on the background information and the conversation:Die Hard with a Vengeance is written by Roderick Thorp[Human]: Do you like Die Hard with a Vengeance? [Assistant]: Yes! It was written by Roderick Thorp and stars Bruce Willis. Do you like Bruce Willis films? [Human]: I do enjoy Bruce Wills films! [Assistant]: Have you seen Die Hard with a Vengeance with Bruce Willis? [Human]: Yes that was a good film. Did Roderick Throp write this film Only provide the simplified text as the answer.,dialogue
1066,"Extract key content based on the background information and the conversation:Albert Finney starred in The Gathering Storm (Political drama Film). The Gathering Storm (Political drama Film) is starring Vanessa RedgraveThe Gathering Storm (Political drama Film) is starring Linus RoacheLinus Roache starred in The Gathering Storm (Political drama Film)[Human]: Do you like the actor Albert Finney? [Assistant]: I do not like him that much, but I like the movie The Gathering Storm, where he is starring. [Human]: Who else is in that movie? Only provide the simplified text as the answer.",dialogue
1067,"Extract key content based on the background information and the conversation:Alien has genre Horror. Horror has examples: Bats[Human]: Do you know Alien? [Assistant]: It came out many years ago. It's the first in a series of science fiction horror movies. Do you enjoy those kinds of movies? [Human]: I do, can you recommend horror movies? [Assistant]: Do you like vampire movies? You might enjoy one called Bats. [Human]: I like some vampire movies. Can you tell me more about Bats? Only provide the simplified text as the answer.",dialogue
1068,"Extract key content based on the background information and the conversation:David Lynch wrote Eraserhead. Eraserhead is starring Charlotte StewartEraserhead is starring Jack NanceJack Nance starred in The Blob (Horror Film) #28. The Blob (Horror Film) #28 is starring Shawnee Smith[Human]: Can you tell me movies that David Lynch has directed? [Assistant]: He worked on Eraserhead, starring Charlotte Stewart. It's a great sci-fi. Do you like sci-fis? [Human]: sounds good. Yes I love sci-fi movies. what other ones do you have? Only provide the simplified text as the answer.",dialogue
1069,"Extract key content based on the background information and the conversation:Beverly D'Angelo starred in National Lampoon's VacationNational Lampoon's Vacation is starring Randy Quaid[Human]: Can you recommend movies starring Beverly D'Angelo? [Assistant]: In my opinion, her best movie is National Lampoon's Vacation.  Have you seen it? [Human]: I have not. What was the genre of this film? [Assistant]: It's a comedy.  Randy Quaid is in it too!  [Human]: I love comedy. I will check this movie out. Thank you. Only provide the simplified text as the answer.",dialogue
1070,"Extract key content based on the background information and the conversation:Dune is written by Frank HerbertFrank Herbert wrote God Emperor of DuneGod Emperor of Dune has genre Psychological thriller[Human]: Tell me, do you know who wrote Dune and if they have other works? [Assistant]: I assume you mean the novel and not the film? The novel was written by Frank Herbert in 1965. Have you seen the film version? [Human]: I have but prefer the book since it was first. What other works has Frank written? Only provide the simplified text as the answer.",dialogue
1071,"Extract key content based on the background information and the conversation:Watership Down is written by Richard Adams[Human]: I like the book Watership Down, but do not know the author, could you tell me who it was? [Assistant]: The author is Richard Adams. Do you enjoy speculative fiction novels? [Human]: I do!  Has that author written other books in that genre? [Assistant]: Not sure, but you might check out works by Ray Bradbury if you like that genre. [Human]: That sounds great, thank you.  Could you recommend a few titles?  Only provide the simplified text as the answer.",dialogue
1072,"Extract key content based on the background information and the conversation:Pacific Rim is starring Larry Joe CampbellLarry Joe Campbell starred in Wedding CrashersWedding Crashers is starring Larry Joe Campbell. Larry Joe Campbell starred in Pacific Rim (Science Fiction Film)[Human]: Do you know who directed Pacific Rim? [Assistant]: Yes, it's a lovely Action Adventure movie directed by Guillermo del Toro. Have you seen it?  [Human]: No, I have not seen it. Who all stars in that movie? [Assistant]: Well, it has a solid cast. Including Larry Joe Campbell. Do you know him?  [Human]: Yes, didn't he star in Wedding Crashers? I liked that movie too. What other movies has Larry Joe Campbell been in? Only provide the simplified text as the answer.",dialogue
1073,Extract key content based on the background information and the conversation:Sergio Agüero : `Place of birth`: Buenos AiresBuenos Aires : `~Sport Team Location`: Club Atlético River Plate[Human]: Do you know about Sergio Aguero? [Assistant]: He was born in Buenos Aires and plays forward in  football [Human]: Does he play at the Club Atletico River Plate then? Only provide the simplified text as the answer.,dialogue
1074,"Extract key content based on the background information and the conversation:Madonna starred in A League of Their OwnA League of Their Own is starring Rosie O'DonnellRosie O'Donnell starred in The Flintstones (Crime Fiction Film)[Human]: I love me some Madonna. what you think about her? [Assistant]: I don't listen to her music much, but I sure did love her in A League of Their Own [Human]: A League of Their Own is a good movie. I love Rosie O'Donnell role in it. Only provide the simplified text as the answer.",dialogue
1075,"Extract key content based on the background information and the conversation:Yuvraj Singh is a/an Athlete[Human]: What do you know about Yuvraj Singh? [Assistant]: Yes he an actor and an athlete. He was in Slumdog Millionaire [Human]: Have you watched cricket before? [Assistant]: Yes, but I'm not a fan, I  prefer American football or basketball. I really like Stephen Curry [Human]: Yes, he is a good player. Do you like other sports? Only provide the simplified text as the answer.",dialogue
1076,"Extract key content based on the background information and the conversation:Star Trek is starring Bruce Greenwood[Human]: Could you recommend movie similar to Star Trek? [Assistant]: Star trek is a Sci-fi genre and stars Chris Hemsworth, Bruce Greenwood and Leonard Nimoy. Are you interested in more Sci-fi movies or ones with any of those actors? [Human]: Sure, tell me more about  Bruce Greenwood movies that  he starred in it. [Assistant]: Bruce Greenwood starred in The Core, Swept Away, and Super 8 just to name a few. Have you seen any of those  [Human]: Who was produced The Core? Only provide the simplified text as the answer.",dialogue
1077,Extract key content based on the background information and the conversation:Eternal Sunshine of the Spotless Mind is written by Pierre BismuthPierre Bismuth wrote Eternal Sunshine of the Spotless Mind. Eternal Sunshine of the Spotless Mind has genre Science Fiction[Human]: Can you recommend a movie like Eternal Sunshine of the Spotless Mind? [Assistant]: That movie was written by Pierre Bismuth [Human]: Is that a sci-fi movie? Only provide the simplified text as the answer.,dialogue
1078,"Extract key content based on the background information and the conversation:As Good as It Gets is starring Peter Jacobson. Peter Jacobson starred in Purple VioletsPurple Violets is starring Patrick WilsonPatrick Wilson starred in Purple Violets. Purple Violets has genre Romance[Human]: Do you know any movies like As Good as It Gets? I really liked that movie. [Assistant]: Peter Jacobson stared in As Good as It Gets and Purple Violets so the two might be similar.  [Human]: I love Peter Jacobson, he's a great actor.  I have not seen Purple Violets, is it genre Comedy?   Only provide the simplified text as the answer.",dialogue
1079,Extract key content based on the background information and the conversation:Martin McDonagh directed Seven Psychopaths. Seven Psychopaths is starring Gabourey SidibeSeven Psychopaths is written by Martin McDonaghMartin McDonagh wrote Seven Psychopaths. Seven Psychopaths is starring Kevin Corrigan[Human]: Could you recommend movies directed by Martin McDonagh? [Assistant]: He directed Seven Psychopaths.  Gabourey Sidibe starred in it. [Human]: Seven Psychopaths is one of my favorites! Who else besides Gabourey Sidibe is in that movie? Only provide the simplified text as the answer.,dialogue
1080,"Extract key content based on the background information and the conversation:San Francisco Giants : `~Team`: Major League BaseballMajor League Baseball : `Team`: New York Yankees[Human]: What do you know about San Francisco Giants? [Assistant]: I know they are Major League Baseball, I'm not much of a baseball fan. What about you? [Human]: Yeah me either. But heard a lot about New York Yankees on the radio lately. Do you them? Only provide the simplified text as the answer.",dialogue
1081,Extract key content based on the background information and the conversation:Thomas Müller : `~Player statistics`: Germany national football teamGermany national football team : `Player statistics`: Mesut ÖzilMesut Özil : `Position(s)`: Midfielder[Human]: What do you think about Thomas Müller? [Assistant]: I do not know much about him other than he plays German football.  [Human]: Do you know any other German football players? [Assistant]: Mesut Ozil and Toni Kroos also play for Germany.  [Human]: What do you know about  Mesut Özil? Only provide the simplified text as the answer.,dialogue
1082,"Extract key content based on the background information and the conversation:Night at the Museum has genre FantasyFantasy has examples: Harry Potter and the Prisoner of Azkaban. Harry Potter and the Prisoner of Azkaban has genre Family[Human]: I liked Night at the Museum movie, can you recommend me similar movies? [Assistant]: Absolutely! Do you prefer fantasy or family films? [Human]: I am crazy about fantasy movies like  Harry Potter series! Only provide the simplified text as the answer.",dialogue
1083,"Extract key content based on the background information and the conversation:Chan-wook Park directed Stoker[Human]: Do you know of any movies directed by Chan-wook Park. [Assistant]: Sure Chan-wook Park was directed by Stoker, it is a drama thriller, and was released in 2013.  [Human]: Sounds like something I would like. Who is in it? [Assistant]: Mia Wasikowska, Jackie Weaver, and Judith Godreche. Do you like their movies? [Human]: I do, thanks for the recommendation. I will check it out. Only provide the simplified text as the answer.",dialogue
1084,"Extract key content based on the background information and the conversation:Brett Helquist wrote The EndThe End is written by Brett HelquistBrett Helquist wrote The End. The End is written by Lemony Snicket[Human]: Do you have any information on Brett Helquist? I know he's an author but I am unfamiliar with him or his work. [Assistant]: Yes, he wrote books like The End and The Grim Grotto [Human]: I have heard about The End. Can you tell me anything about it? Only provide the simplified text as the answer.",dialogue
1085,"Extract key content based on the background information and the conversation:Tony Scott starred in The Fan. The Fan is written by Peter Abrahams[Human]: Can you recommend anything directed by Tony Scott?  [Assistant]: Sure, do you have a any genre in mind? [Human]: I like mystery and drama. Only provide the simplified text as the answer.",dialogue
1086,"Extract key content based on the background information and the conversation:The Death Cure : `~Next in series`: The Scorch Trials. The Scorch Trials is written by James Dashner[Human]: Do you know anything about The Death Cure? I mean the book, not the film. [Assistant]: The Death cure is written by James Dasher it's a young adult fiction book and The Scorch Trials is the Next in series book> [Human]: That's all part of The Maze Runner stories, isn't it? I saw the first film but not the others. What else has Dasher written that would be of interest? [Assistant]: Dasher wrote, The Death Cure, The Kill Order and The Eyes of Minds in the same genres. Do you like young adult fiction books? [Human]: I do sometimes. I read The Hunger Games series and saw all of the films. Which of the books you noted would you recommend the most? I may only have time to read one of them soon. Only provide the simplified text as the answer.",dialogue
1087,"Extract key content based on the background information and the conversation:Venus Williams : `~Sibling`: Serena WilliamsSerena Williams starred in Hair ShowHair Show is starring Serena Williams[Human]: Do you like Venus Williams? [Assistant]: Not really, I like her sister Serena better. [Human]: I like Serena too, I never knew she starred in Hair Show, did you know? Only provide the simplified text as the answer.",dialogue
1088,"Extract key content based on the background information and the conversation:Donnie Brasco is starring Al Pacino[Human]: Would you recommend the movie Donnie Brasco? [Assistant]: Well Al Pacino can not go wrong in my opinion.  For it being a drama, I feel it delivers among viewers.  [Human]: Oh! Al Pacino! I like his movies. Any other popular actors in it? [Assistant]: Johnny Depp plays Donnie, Anne Heche stars as Maggie, and Michael Madsen plays Sonny Black [Human]: Awesome. Definitely streaming that one soon. Thank you for the info. Only provide the simplified text as the answer.",dialogue
1089,"Extract key content based on the background information and the conversation:Luigi Pistilli starred in The Good, the Bad and the Ugly[Human]: Do you know Luigi Pistilli? [Assistant]: Yes, he is an actor that starred in The Good, the Bad, and the Ugly. Would you like me to recommend other movies with that actor? [Human]: I'd love to see those. [Assistant]: Luigi Pistilli also starred in Machine Gun McCain and Eagles Over London. [Human]: Who else was in Eagles Over London? Only provide the simplified text as the answer.",dialogue
1090,"Extract key content based on the background information and the conversation:Message in a Bottle : `Composer`: Sting. Sting starred in Twin Spirits[Human]: I like Message in a Bottle. Are there any stories similar? [Assistant]: Twin Spirits is the similar one [Human]: I haven't heard of that one. Is it both a movie and book? [Assistant]: Yes,Its a book and movie [Human]: Okay, thanks. I will read the book first then watch the movie. Only provide the simplified text as the answer.",dialogue
1091,"Extract key content based on the background information and the conversation:Kurt Wimmer directed Equilibrium. Equilibrium is starring Christian BaleChristian Bale starred in American HustleAmerican Hustle is starring Christian Bale. Christian Bale starred in The Dark Knight[Human]: Could you recommend a couple of movies directed by Kurt Wimmer? [Assistant]: Sure, he directed Equilibrium. Have you seen it? [Human]: I haven't, can you tell me who's the biggest star in it? [Assistant]: Christian Bale. He was also in American Hustle.  [Human]: Wasn't he also in American Psycho? Only provide the simplified text as the answer.",dialogue
1092,"Extract key content based on the background information and the conversation:Elton John : `~Composer`: Rocket ManRocket Man : `Composer`: Elton John[Human]: What do you think of Elton John? [Assistant]: I love him!  His music is so energizing.  There's a new movie coming out about him called Rocket Man, which is also a song of his. [Human]: Oh, he is in a movie also? which is his latest song Only provide the simplified text as the answer.",dialogue
1093,Extract key content based on the background information and the conversation:The Cabin in the Woods is a/an FilmFilm has examples: High School Musical 2High School Musical 2 has genre Television. Television has examples: Dawson's Creek[Human]: I like The Cabin in the Woods. do you have it or something similar [Assistant]: That's a great movie. Do you like Kristen Connolly? She starred in Cabin in the Woods. [Human]: actually I like something like High School Musical 2. Only provide the simplified text as the answer.,dialogue
1094,"Extract key content based on the background information and the conversation:Robert Downey Jr. starred in Tropic ThunderTropic Thunder has genre Adventure Film[Human]: I like some of the stuff Robert Downey Jr. does so do you have any recommendations for movies with him? [Assistant]: He starred in The Pick-Up Artist, The Judge, and Iron Man. What genres do you prefer? [Human]: I like Comedy mostly right now. [Assistant]: The Pick-Up Artist, Tropic Thunder, and Kiss Kiss Bang Bang are all comedies that he starred in. [Human]: Oh, I think I hearod of Tropic Thunder and something about it is also an Adventure Film, correct? Only provide the simplified text as the answer.",dialogue
1095,Extract key content based on the background information and the conversation:King Kong is starring Thomas Kretschmann. Thomas Kretschmann starred in Prince Valiant (Fantasy Film)Prince Valiant (Fantasy Film) is starring Thomas KretschmannThomas Kretschmann starred in Prince Valiant (Fantasy Film)[Human]: Do you know the movie King Kong? I would like to see a movie like this from a different director. [Assistant]: That is a great movie. Prince Valiant is a similar movie. [Human]: Who is starring? Only provide the simplified text as the answer.,dialogue
1096,Extract key content based on the background information and the conversation:Anne-Marie is a/an SingerSinger has example: The Weeknd. The Weeknd : `~has_person`: Toronto[Human]: Do you know anything about a musician named Anne-Marie? [Assistant]: I don't know much other than she was a singer who is like The Weeknd. Do you like The Weeknd? [Human]: I only recently heard of them. What kind of music do they play? [Assistant]: He sings a famous song The Morning and is more downtempo and Indie pop music.  [Human]: That's right. Isn't he just a solo singer and not a group? Is he Canadian? Only provide the simplified text as the answer.,dialogue
1097,Extract key content based on the background information and the conversation:Heath Ledger starred in Ned Kelly (Crime Fiction Film)Ned Kelly (Crime Fiction Film) is starring Heath LedgerHeath Ledger starred in Ned Kelly (Crime Fiction Film)[Human]: I like Heath Ledger. [Assistant]: I am a fan! I like him The Brother Grimm. How about you? [Human]: I thought he was good in Ned Kelly which also starred Joel Edgerton. Only provide the simplified text as the answer.,dialogue
1098,"Extract key content based on the background information and the conversation:Noah Emmerich starred in Windtalkers[Human]: Do you know Noah Emmerich? [Assistant]: I do indeed. He starred in movies like Windtalkers and Warrior to name a few. What genre are you interested in? [Human]: I'm looking for a drama tonight. [Assistant]: Then I think you'd like Windtalkers, or maybe try Little Children, Both great dramas. [Human]: Who stars in Windtalkers? Only provide the simplified text as the answer.",dialogue
1099,"Extract key content based on the background information and the conversation:Lionel Messi : `~Player statistics`: Argentina national football team[Human]: What do you think of Lionel Messi? [Assistant]: I guess he belongs to the Argentina national football team and is quite a popular Football player. [Human]: I see. Do you play Football? [Assistant]: No, I don't how about you? I think one needs a lotta strength on the legs to kick hard! Ha ha!! [Human]: Me, either! You need very healthy set of lungs too!  Only provide the simplified text as the answer.",dialogue
1100,Extract key content based on the background information and the conversation:Kesha : `Musical Genre`: Synthpop[Human]: What do you think of Kesha ? [Assistant]: I love her most of her music. [Human]: What type of song she sings? I don't know much about her Only provide the simplified text as the answer.,dialogue
1101,"Extract key content based on the background information and the conversation:Prometheus was released 2012. 2012 has genre Science FictionScience Fiction has examples: The Avengers. The Avengers is starring Jenny AgutterThe Avengers is starring Scarlett Johansson[Human]: Do you like Prometheus? [Assistant]: Yes, that is a great science fiction movie. Do you like science fiction? [Human]: I do. It's my favorite genre.  The Avengers is my favorite movie of all time. Have you seen it? Only provide the simplified text as the answer.",dialogue
1102,"Extract key content based on the background information and the conversation:Harry Potter and the Cursed Child, Parts One and Two is written by John Tiffany[Human]: Can you tell me who wrote Harry Potter and The cursed child part one and two [Assistant]: Joh Tiffany and Jack Thorne, Have you seen that movie? [Human]: Yes i have. What other movies have they done? Only provide the simplified text as the answer.",dialogue
