ID,question,category
287,"Simplify the following text to improve its readability, ensuring its core meaning remains intact: 'the land before time dvd the film explores issues of prejudice between the different species and the hardships they endure in their journey as they are guided by the spirit of littlefoot s mother.' Provide only the simplified text as the response.",simplification
288,"Simplify the following text to improve its readability, ensuring its core meaning remains intact: 'to commemorate his death josquin des prez composed the motet la d ploration de la mort de johannes ockeghem a setting of the poem nymphes des bois by jean molinet.' Provide only the simplified text as the response.",simplification
289,"Simplify the following text to improve its readability, ensuring its core meaning remains intact: 'he suffered serious head injuries and was sidelined for the rest of the season replaced by andrea de cesaris and a returning lehto who had been replaced at benetton after injury complications.' Provide only the simplified text as the response.",simplification
290,"Simplify the following text to improve its readability, ensuring its core meaning remains intact: 'however writing in the english antiquarian thomas hearne claims wright was born in shoe lane london and after an adolescent conversion to roman catholicism was taken to scotland by a priest.' Provide only the simplified text as the response.",simplification
291,"Simplify the following text to improve its readability, ensuring its core meaning remains intact: 'mesnil clinchamps is a commune in the calvados department in the basse normandie region in northwestern france.' Provide only the simplified text as the response.",simplification
292,"Simplify the following text to improve its readability, ensuring its core meaning remains intact: 'a city gate is a gate which is or was set within a city wall.' Provide only the simplified text as the response.",simplification
293,"Simplify the following text to improve its readability, ensuring its core meaning remains intact: 'lilian thuram lrb born ruddy lilian thuram ulien on january in pointe pitre rrb is a retired french professional football defender and is the most capped player in the history of the france national team.' Provide only the simplified text as the response.",simplification
294,"Simplify the following text to improve its readability, ensuring its core meaning remains intact: 'it was originally scored for a chamber group of flute piccolo clarinet lrb b flat and c rrb two pianos glass armonica xylophone two violins viola cello and double bass but is usually performed today with a full orchestra of strings and with a glockenspiel substituting for the rare glass armonica.' Provide only the simplified text as the response.",simplification
295,"Simplify the following text to improve its readability, ensuring its core meaning remains intact: 'miles part of the national forest and borders on greater manchester to the north west west yorkshire to the north south yorkshire to the north east nottinghamshire to the east leicestershire to the south east staffordshire to the west and south west and cheshire also to the west.' Provide only the simplified text as the response.",simplification
296,"Simplify the following text to improve its readability, ensuring its core meaning remains intact: 'bob cobb real name of the maestro in the nbc sitcom seinfeld' Provide only the simplified text as the response.",simplification
297,"Simplify the following text to improve its readability, ensuring its core meaning remains intact: 'however it may be difficult to reintroduce ew species into the wild even if their natural habitats were restored because survival techniques which are normally passed from parents to offspring during parenting may be lost.' Provide only the simplified text as the response.",simplification
298,"Simplify the following text to improve its readability, ensuring its core meaning remains intact: 'in and prunk was awarded scholarships by the alexander von humboldt foundation which enabled him to continue his studies in cologne and freiburg.' Provide only the simplified text as the response.",simplification
299,"Simplify the following text to improve its readability, ensuring its core meaning remains intact: 'it is named after the norwegian skater axel paulsen who first performed the jump in.' Provide only the simplified text as the response.",simplification
300,"Simplify the following text to improve its readability, ensuring its core meaning remains intact: 'the pok mon series began with the release of pocket monsters red and green for the game boy in japan. when these games proved extremely popular an enhanced blue version was released sometime after and the blue version was reprogrammed as pok mon red and blue for international release.' Provide only the simplified text as the response.",simplification
301,"Simplify the following text to improve its readability, ensuring its core meaning remains intact: 'queen beatrix of the netherlands lives and works in the hague.' Provide only the simplified text as the response.",simplification
302,"Simplify the following text to improve its readability, ensuring its core meaning remains intact: 'in the florida everglades a of trees were knocked down by the storm.' Provide only the simplified text as the response.",simplification
303,"Simplify the following text to improve its readability, ensuring its core meaning remains intact: 'the color of the stripes from the top down follows the sequence white red blue white red blue white red.' Provide only the simplified text as the response.",simplification
304,"Simplify the following text to improve its readability, ensuring its core meaning remains intact: 'in three phyla and one subclass of animals endoskeletons of various complexity are found chordata echinodermata porifera and coleoidea.' Provide only the simplified text as the response.",simplification
305,"Simplify the following text to improve its readability, ensuring its core meaning remains intact: 'he also owns a cello made of carbon fiber by the luis and clark company of boston.' Provide only the simplified text as the response.",simplification
306,"Simplify the following text to improve its readability, ensuring its core meaning remains intact: 'sean beavan who mixed antichrist superstar mechanical animals and eat me drink me is co producer of the album along with chris vrenna.' Provide only the simplified text as the response.",simplification
307,"Simplify the following text to improve its readability, ensuring its core meaning remains intact: 'irenaeus in against heresies notes the gnostic view that the ascension happened eighteen months after the resurrection.' Provide only the simplified text as the response.",simplification
308,"Simplify the following text to improve its readability, ensuring its core meaning remains intact: 'the court meets in washington d.c. in the united states supreme court building and consists of a chief justice and eight associate justices who are nominated by the president and confirmed by the senate.' Provide only the simplified text as the response.",simplification
309,"Simplify the following text to improve its readability, ensuring its core meaning remains intact: 'craig chad leo stansberry lrb born march in dammam saudi arabia rrb is a major league baseball third baseman who is currently in the san diego padres organization.' Provide only the simplified text as the response.",simplification
310,"Simplify the following text to improve its readability, ensuring its core meaning remains intact: 'many secular jews attend synagogue on yom kippur for many secular jews the high holidays are the only recurring times of the year in which they attend synagogue causing synagogue attendance to soar and almost four fifths fast.' Provide only the simplified text as the response.",simplification
311,"Simplify the following text to improve its readability, ensuring its core meaning remains intact: 'the f hrerbunker was located about. metres beneath the garden of the old reich chancellery building at wilhelmstra e about metres north of the new reich chancellery building which had the address vo stra e.' Provide only the simplified text as the response.",simplification
312,"Simplify the following text to improve its readability, ensuring its core meaning remains intact: 'today a great number of small and middle sized businesses dominate the economy.' Provide only the simplified text as the response.",simplification
313,"Simplify the following text to improve its readability, ensuring its core meaning remains intact: 'in she was elected an independent member of the new south wales legislative assembly lrb mla rrb for the seat of balmain.' Provide only the simplified text as the response.",simplification
314,"Simplify the following text to improve its readability, ensuring its core meaning remains intact: 'it is closely related to the amethyst throated sunangel and species limits in this complex are unclear.' Provide only the simplified text as the response.",simplification
315,"Simplify the following text to improve its readability, ensuring its core meaning remains intact: 'the keystone of the british defense was the complex infrastructure of detection command and control that ran the battle.' Provide only the simplified text as the response.",simplification
316,"Simplify the following text to improve its readability, ensuring its core meaning remains intact: 'this does not conflict with either of the above theories however since both increased warfare and internal unrest can also be effects of a general period of drought and famine.' Provide only the simplified text as the response.",simplification
317,"Simplify the following text to improve its readability, ensuring its core meaning remains intact: 'these adaptations to an oxygen rich environment might include high concentrations of protective enzymes.' Provide only the simplified text as the response.",simplification
318,"Simplify the following text to improve its readability, ensuring its core meaning remains intact: 'this was the largest earthquake to hit vancouver island and the largest onshore earthquake in canada.' Provide only the simplified text as the response.",simplification
319,"Simplify the following text to improve its readability, ensuring its core meaning remains intact: 'in the origin darwin had deliberately avoided tackling human evolution but left a gnomic trailer light will be thrown on the origin of man and his history.' Provide only the simplified text as the response.",simplification
320,"Simplify the following text to improve its readability, ensuring its core meaning remains intact: 'in his twenties he tried to create diamonds by heating graphite and shorted out glasgow s electricity supply.' Provide only the simplified text as the response.",simplification
321,"Simplify the following text to improve its readability, ensuring its core meaning remains intact: 'dj dougal lrb real name paul arnold clarke born rrb is a british uk hardcore and happy hardcore artist and dj.' Provide only the simplified text as the response.",simplification
322,"Simplify the following text to improve its readability, ensuring its core meaning remains intact: 'cbbc lrb a contraction of the original name children s bbc short for children s bbc and children s british broadcasting corporation rrb is the brand name used for the bbc s children s television programs and currently specifically refers to those programs aimed at children.' Provide only the simplified text as the response.",simplification
323,"Simplify the following text to improve its readability, ensuring its core meaning remains intact: 'glinka also composed many art songs many piano pieces and some chamber music.' Provide only the simplified text as the response.",simplification
324,"Simplify the following text to improve its readability, ensuring its core meaning remains intact: 'the summit of the khyber pass is inside pakistan at landi kotal and it cuts through the northeastern part of the safed koh mountains which themselves are a far southeastern extension of the hindu kush range.' Provide only the simplified text as the response.",simplification
325,"Simplify the following text to improve its readability, ensuring its core meaning remains intact: 'around million years ago a collision between australia and southeast asia allowed the varanids to move into what is now the indonesian archipelago.' Provide only the simplified text as the response.",simplification
326,"Simplify the following text to improve its readability, ensuring its core meaning remains intact: 'swiss family robinson was one of the rare widescreen disney films shot with panavision lenses.' Provide only the simplified text as the response.",simplification
327,"Simplify the following text to improve its readability, ensuring its core meaning remains intact: 'true crabs are decapod crustaceans of the infraorder brachyura which typically have a very short projecting tail lrb short tail rrb or where the reduced abdomen is entirely hidden under the thorax.' Provide only the simplified text as the response.",simplification
328,"Simplify the following text to improve its readability, ensuring its core meaning remains intact: 'o reilly s macdevcentre article by daniel h. steinberg jan the program was first sold publicly as keynote. in competing against existing presentation software most notably microsoft powerpoint.' Provide only the simplified text as the response.",simplification
329,"Simplify the following text to improve its readability, ensuring its core meaning remains intact: 'it formed an administrative county from to after which the entirety of the county was absorbed into the new county of cumbria.' Provide only the simplified text as the response.",simplification
330,"Simplify the following text to improve its readability, ensuring its core meaning remains intact: 'santa fe high school is located within the city of santa fe springs.' Provide only the simplified text as the response.",simplification
331,"Simplify the following text to improve its readability, ensuring its core meaning remains intact: 'in his own time his reputation far exceeded that of his contemporaries hokusai hiroshige and kuniyoshi.' Provide only the simplified text as the response.",simplification
332,"Simplify the following text to improve its readability, ensuring its core meaning remains intact: 'he is attracted to her and with jewellery and help from a neighbor martha the devil draws gretchen into faust s arms.' Provide only the simplified text as the response.",simplification
333,"Simplify the following text to improve its readability, ensuring its core meaning remains intact: 'edward bawden cbe ra lrb rrb was a british painter illustrator and graphic artist.' Provide only the simplified text as the response.",simplification
334,"Simplify the following text to improve its readability, ensuring its core meaning remains intact: 'reading vocabulary a person s reading vocabulary is all the words he or she can recognize when reading.' Provide only the simplified text as the response.",simplification
335,"Simplify the following text to improve its readability, ensuring its core meaning remains intact: 'alexain is a commune in the mayenne department in northwestern france.' Provide only the simplified text as the response.",simplification
336,"Simplify the following text to improve its readability, ensuring its core meaning remains intact: 'for example in pok mon red and blue the player has the choice of starting with bulbasaur squirtle or charmander.' Provide only the simplified text as the response.",simplification
337,"Simplify the following text to improve its readability, ensuring its core meaning remains intact: 'geography annonay lies a few kilometres from the river rh ne south of lyon and from saint tienne.' Provide only the simplified text as the response.",simplification
338,"Simplify the following text to improve its readability, ensuring its core meaning remains intact: 'the internet archive lrb ia rrb is a nonprofit organization dedicated to building and maintaining a free and openly accessible online digital library including an archive of the world wide web.' Provide only the simplified text as the response.",simplification
339,"Simplify the following text to improve its readability, ensuring its core meaning remains intact: 'up until most seasons saw only the highest scoring driver in each race for each constructor contributing points towards the championship.' Provide only the simplified text as the response.",simplification
340,"Simplify the following text to improve its readability, ensuring its core meaning remains intact: 'it is the only national park in india north of the himalayas the largest notified protected area in india lrb and thus the largest national park of india rrb and is the second largest contiguous protected area after the nanda devi biosphere reserve and surrounding protected areas.' Provide only the simplified text as the response.",simplification
341,"Simplify the following text to improve its readability, ensuring its core meaning remains intact: 'olivia mary de havilland lrb born july rrb is a british american film and stage actress.' Provide only the simplified text as the response.",simplification
342,"Simplify the following text to improve its readability, ensuring its core meaning remains intact: 'her father francis van arnum brown worked at a number of jobs including as a clerk at the washington patent office and as a manager and salesman for a wholesale butcher.' Provide only the simplified text as the response.",simplification
343,"Simplify the following text to improve its readability, ensuring its core meaning remains intact: 'the kalabhras were displaced around the th century with the revival of pallava and pandya power.' Provide only the simplified text as the response.",simplification
344,"Simplify the following text to improve its readability, ensuring its core meaning remains intact: 'let s go was certified gold on july and with the success of the album the band was pursued by a number of major record labels including madonna s label maverick records.' Provide only the simplified text as the response.",simplification
345,"Simplify the following text to improve its readability, ensuring its core meaning remains intact: 'because the individual lenses are so small the effects of diffraction impose a limit on the possible resolution that can be obtained.' Provide only the simplified text as the response.",simplification
346,"Simplify the following text to improve its readability, ensuring its core meaning remains intact: 'in the hawaiian language honolulu means sheltered bay or place of shelter.' Provide only the simplified text as the response.",simplification
347,"Simplify the following text to improve its readability, ensuring its core meaning remains intact: 'lauren bacall lrb born september rrb is an american film and stage actress and model known for her distinctive husky voice and sultry looks.' Provide only the simplified text as the response.",simplification
348,"Simplify the following text to improve its readability, ensuring its core meaning remains intact: 'monts rs is a commune in the mayenne department in northwestern france.' Provide only the simplified text as the response.",simplification
349,"Simplify the following text to improve its readability, ensuring its core meaning remains intact: 'there are communes in the province lrb source italian institute of statistics istat see this link rrb.' Provide only the simplified text as the response.",simplification
350,"Simplify the following text to improve its readability, ensuring its core meaning remains intact: 'leandro montera da silva or simply leandro lrb born february rrb is a brazilian striker.' Provide only the simplified text as the response.",simplification
351,"Simplify the following text to improve its readability, ensuring its core meaning remains intact: 'deryck jason whibley lrb born march rrb is a canadian musician and producer best known for his work as the guitarist and lead vocalist songwriter and producer of the multi juno award winning pop punk band sum.' Provide only the simplified text as the response.",simplification
352,"Simplify the following text to improve its readability, ensuring its core meaning remains intact: 'setting up a system of rules institutions and procedures to regulate the international monetary system the planners at bretton woods established the international monetary fund lrb imf rrb and the international bank for reconstruction and development lrb ibrd rrb which today is part of the world bank group.' Provide only the simplified text as the response.",simplification
353,"Simplify the following text to improve its readability, ensuring its core meaning remains intact: 'in general archives consist of records which have been selected for permanent or long term preservation due to their enduring research value.' Provide only the simplified text as the response.",simplification
354,"Simplify the following text to improve its readability, ensuring its core meaning remains intact: 'in captain william brown of england was the first foreigner to sail into what is now honolulu harbor.' Provide only the simplified text as the response.",simplification
355,"Simplify the following text to improve its readability, ensuring its core meaning remains intact: 'the signing caused a rift between soundgarden and its traditional audience.' Provide only the simplified text as the response.",simplification
356,"Simplify the following text to improve its readability, ensuring its core meaning remains intact: 'one litre of water has a mass of almost exactly one kilogram when measured at its maximal density which occurs at about degrees celsius.' Provide only the simplified text as the response.",simplification
357,"Simplify the following text to improve its readability, ensuring its core meaning remains intact: 'jordanhill railway station is a side platformed suburban railway station in the jordanhill area in the west end of glasgow scotland.' Provide only the simplified text as the response.",simplification
358,"Simplify the following text to improve its readability, ensuring its core meaning remains intact: 'the american hockey league lrb ahl rrb is a team professional ice hockey league based in the united states and canada that serves as the primary developmental circuit for the national hockey league lrb nhl rrb.' Provide only the simplified text as the response.",simplification
359,"Simplify the following text to improve its readability, ensuring its core meaning remains intact: 'the aurochs originally ranged throughout europe north africa and much of asia. in historical times its range became restricted to europe and the last known individual died in masovia poland in about.' Provide only the simplified text as the response.",simplification
360,"Simplify the following text to improve its readability, ensuring its core meaning remains intact: 'rolling stock munich u bahn uses three different generations of electric multiple unit trains.' Provide only the simplified text as the response.",simplification
361,"Simplify the following text to improve its readability, ensuring its core meaning remains intact: 'the inhabitants of the town of saint marcel d ard che are marcellois st. san marcelloises.' Provide only the simplified text as the response.",simplification
362,"Simplify the following text to improve its readability, ensuring its core meaning remains intact: 'st benedict biscop was adopted as the city s patron saint in march.' Provide only the simplified text as the response.",simplification
363,"Simplify the following text to improve its readability, ensuring its core meaning remains intact: 'world trade center formerly the freedom tower is the main building of the new world trade center under construction in lower manhattan in new york city usa.' Provide only the simplified text as the response.",simplification
364,"Simplify the following text to improve its readability, ensuring its core meaning remains intact: 'in thile teamed up with mandolinist mike marshall for the duet album into the cauldron which included original pieces as well as pieces by charlie parker and j. s. bach.' Provide only the simplified text as the response.",simplification
365,"Simplify the following text to improve its readability, ensuring its core meaning remains intact: 'the mexicans settle chapultepec a former toltec stronghold.' Provide only the simplified text as the response.",simplification
366,"Simplify the following text to improve its readability, ensuring its core meaning remains intact: 'the name potassium comes from the word potash davy lrb o o rrb p..' Provide only the simplified text as the response.",simplification
367,"Simplify the following text to improve its readability, ensuring its core meaning remains intact: 'the main rivalry heading into armageddon on the smackdown brand was a match involving three competitors known as a triple threat match in wwe for the wwe championship between edge triple h and jeff hardy.' Provide only the simplified text as the response.",simplification
368,"Simplify the following text to improve its readability, ensuring its core meaning remains intact: 'today s hopwood is the location of hopwood park services a motorway service station on the m motorway.' Provide only the simplified text as the response.",simplification
369,"Simplify the following text to improve its readability, ensuring its core meaning remains intact: 'it belongs to the indo aryan branch of the indo european languages.' Provide only the simplified text as the response.",simplification
370,"Simplify the following text to improve its readability, ensuring its core meaning remains intact: 'he was first granted land in van diemen s land in which he exchanged for land near lake george in.' Provide only the simplified text as the response.",simplification
371,"Simplify the following text to improve its readability, ensuring its core meaning remains intact: 'carolina evelyn kl ft lrb rrb lrb born february rrb is a swedish athlete competing in triple jump long jump and formerly in heptathlon and pentathlon.' Provide only the simplified text as the response.",simplification
372,"Simplify the following text to improve its readability, ensuring its core meaning remains intact: 'ndash the treaty of amiens is signed as a definitive treaty of peace between france and the kingdom of great britain and ireland.' Provide only the simplified text as the response.",simplification
373,"Simplify the following text to improve its readability, ensuring its core meaning remains intact: 'the government has created an annual speak good english movement to emphasise the point.' Provide only the simplified text as the response.",simplification
374,"Simplify the following text to improve its readability, ensuring its core meaning remains intact: 'the allied powers who defeated nazi germany in world war ii divided the country west of the oder neisse line into four occupation zones for administrative purposes during the period.' Provide only the simplified text as the response.",simplification
375,"Simplify the following text to improve its readability, ensuring its core meaning remains intact: 'marie clotilde of france lrb marie ad la de clotilde xavi re september march rrb known as madame clotilde was a french princess who became queen of sardinia as clotilda in. she was the younger sister of louis xvi of france and later the wife of charles emmanuel iv of sardinia.' Provide only the simplified text as the response.",simplification
376,"Simplify the following text to improve its readability, ensuring its core meaning remains intact: 'true crabs are decapod crustaceans of the infraorder brachyura which typically have a very short projecting tail lrb short tail rrb or where the reduced abdomen is entirely hidden under the thorax.' Provide only the simplified text as the response.",simplification
377,"Simplify the following text to improve its readability, ensuring its core meaning remains intact: 'novartis international ag is a multinational pharmaceutical company based in basel switzerland ranking number three in sales among the world wide industry which accounted. billon in.' Provide only the simplified text as the response.",simplification
378,"Simplify the following text to improve its readability, ensuring its core meaning remains intact: 'the exxon mobil corporation or exxonmobil is an american oil and gas corporation.' Provide only the simplified text as the response.",simplification
379,"Simplify the following text to improve its readability, ensuring its core meaning remains intact: 'however in phoenix dropped to second place with. per lrb behind modesto california rrb although total car thefts rose to.' Provide only the simplified text as the response.",simplification
380,"Simplify the following text to improve its readability, ensuring its core meaning remains intact: 'sixty gallons of water had to be removed from the national weather service office in galveston this weather office also temporarily lost its radar.' Provide only the simplified text as the response.",simplification
381,"Simplify the following text to improve its readability, ensuring its core meaning remains intact: 'it is also the judicial capital making it one of the three national capitals of south africa lrb together with the administrative capital pretoria and the legislative capital cape town rrb.' Provide only the simplified text as the response.",simplification
382,"Simplify the following text to improve its readability, ensuring its core meaning remains intact: 'gparted and kde partition manager are graphical programs using the parted libraries.' Provide only the simplified text as the response.",simplification
383,"Simplify the following text to improve its readability, ensuring its core meaning remains intact: 'however when william had to go to military she governed alone.' Provide only the simplified text as the response.",simplification
384,"Simplify the following text to improve its readability, ensuring its core meaning remains intact: 'this act brought the united states into world war ii.' Provide only the simplified text as the response.",simplification
385,"Simplify the following text to improve its readability, ensuring its core meaning remains intact: 'she frequently appears on television radio and as a speaker at public events and private events.' Provide only the simplified text as the response.",simplification
386,"Simplify the following text to improve its readability, ensuring its core meaning remains intact: 'trilobites lrb pronounced meaning three lobes rrb are a well known fossil group of extinct marine arthropods that form the class trilobita.' Provide only the simplified text as the response.",simplification
387,"Simplify the following text to improve its readability, ensuring its core meaning remains intact: 'bakhshali today in march there were attacks made on music shops in bakhshali.' Provide only the simplified text as the response.",simplification
388,"Simplify the following text to improve its readability, ensuring its core meaning remains intact: 'the key principle of wisdom literature is that while techniques of traditional story telling are used books also presume to offer insight and wisdom about nature and reality.' Provide only the simplified text as the response.",simplification
389,"Simplify the following text to improve its readability, ensuring its core meaning remains intact: 'mikroglottika an international journal of minority language philologies is a linguistic journal about minority languages.' Provide only the simplified text as the response.",simplification
390,"Simplify the following text to improve its readability, ensuring its core meaning remains intact: 'stuart is the only city in martin county florida on florida s treasure coast.' Provide only the simplified text as the response.",simplification
391,"Simplify the following text to improve its readability, ensuring its core meaning remains intact: 'the city of bradford is a local government district in west yorkshire england that is a metropolitan borough with the status of a city.' Provide only the simplified text as the response.",simplification
392,"Simplify the following text to improve its readability, ensuring its core meaning remains intact: 'thallium lrb i rrb sulfate lrb tl so rrb archaically known as thallous sulfate is the sulfate salt of thallium.' Provide only the simplified text as the response.",simplification
393,"Simplify the following text to improve its readability, ensuring its core meaning remains intact: 'long undisturbed by tectonic activity the peninsula is an extremely eroded almost level low plain dominated by mighty meandering rivers and vast floodplains with some very low hills rising to some m elevation in the mcilwraith range on the eastern side around coen.' Provide only the simplified text as the response.",simplification
394,"Simplify the following text to improve its readability, ensuring its core meaning remains intact: 'expanding his interest in the neglected area of chamber music brain formed a wind quintet with his brother in.' Provide only the simplified text as the response.",simplification
395,"Simplify the following text to improve its readability, ensuring its core meaning remains intact: 'attock lrb urdu rrb lrb formerly campbellpur rrb is a city located in the northern border of the punjab province of pakistan and the headquarters of attock district.' Provide only the simplified text as the response.",simplification
396,"Simplify the following text to improve its readability, ensuring its core meaning remains intact: 'independent music awards past judges in thile formed the how to grow a band with whom he recorded how to grow a woman from the ground thile s fifth album.' Provide only the simplified text as the response.",simplification
397,"Simplify the following text to improve its readability, ensuring its core meaning remains intact: 'mario basler lrb born december in neustadt an der weinstra e germany rrb is a german former football winger who is now manager of wacker burghausen.' Provide only the simplified text as the response.",simplification
398,"Simplify the following text to improve its readability, ensuring its core meaning remains intact: 'shogh effend rabb n lrb march november rrb better known as shoghi effendi was the guardian and appointed head of the bah faith from until his death in.' Provide only the simplified text as the response.",simplification
399,"Simplify the following text to improve its readability, ensuring its core meaning remains intact: 'it is bordered by germany to the southwest west and northwest poland to the north east the czech historical region of moravia to the east and austria to the south.' Provide only the simplified text as the response.",simplification
400,"Simplify the following text to improve its readability, ensuring its core meaning remains intact: 'he was inducted into the baseball hall of fame in his first year of eligibility.' Provide only the simplified text as the response.",simplification
401,"Simplify the following text to improve its readability, ensuring its core meaning remains intact: 'the riots the rice riots were unparalleled in modern japanese history in terms of scope size and violence.' Provide only the simplified text as the response.",simplification
402,"Simplify the following text to improve its readability, ensuring its core meaning remains intact: 'giza is most famous as the location of the giza plateau the site of some of the most impressive ancient monuments in the world including a complex of ancient egyptian royal mortuary and sacred structures including the great sphinx the great pyramid of giza and a number of other large pyramids and temples.' Provide only the simplified text as the response.",simplification
403,"Simplify the following text to improve its readability, ensuring its core meaning remains intact: 'dia public web page this is dia the defense intelligence community is headed by the dia through its director lrb who chairs the military intelligence board rrb and coordinates the activities of the army navy marine corps and air force intelligence components.' Provide only the simplified text as the response.",simplification
404,"Simplify the following text to improve its readability, ensuring its core meaning remains intact: 'media local media include the namoi valley independent newspaper and the radio stations mo and ggg.' Provide only the simplified text as the response.",simplification
405,"Simplify the following text to improve its readability, ensuring its core meaning remains intact: 'in this way the united kingdom became the union of the kingdoms of england ireland and scotland. disputes within ireland over the terms of irish home rule led eventually to the partition of the island in with dominion status for the irish free state in while northern ireland remained part of the uk.' Provide only the simplified text as the response.",simplification
406,"Simplify the following text to improve its readability, ensuring its core meaning remains intact: 'while walking along the beach rocks aras slipped and sliced open his hand and back requiring a total of eight stitches.' Provide only the simplified text as the response.",simplification
407,"Simplify the following text to improve its readability, ensuring its core meaning remains intact: 'during that time she fostered a close relationship with zhou enlai and was on familiar terms with mao zedong.' Provide only the simplified text as the response.",simplification
408,"Simplify the following text to improve its readability, ensuring its core meaning remains intact: 'divorcing cassidy in she later married comic actor marty ingels on november.' Provide only the simplified text as the response.",simplification
409,"Simplify the following text to improve its readability, ensuring its core meaning remains intact: 'throughout its seven seasons and a total of episodes buffy and by extension gellar became cult icons in the united states canada the uk and australia particularly as an archetype of an empowered woman.' Provide only the simplified text as the response.",simplification
410,"Simplify the following text to improve its readability, ensuring its core meaning remains intact: 'the film s animation technique combines traditional hand drawn animation and extensive use of computer generated imagery.' Provide only the simplified text as the response.",simplification
411,"Simplify the following text to improve its readability, ensuring its core meaning remains intact: 'the maldives national football team is the national team of the maldives and is controlled by the football association of maldives.' Provide only the simplified text as the response.",simplification
412,"Simplify the following text to improve its readability, ensuring its core meaning remains intact: 'versainville is a commune in the calvados department in the basse normandie region in northwestern france.' Provide only the simplified text as the response.",simplification
413,"Simplify the following text to improve its readability, ensuring its core meaning remains intact: 'in physiology a signal or biopotential is an electric quantity lrb voltage or current or field strength rrb caused by chemical reactions of charged ions.' Provide only the simplified text as the response.",simplification
414,"Simplify the following text to improve its readability, ensuring its core meaning remains intact: 'ch lons en champagne is a city in france.' Provide only the simplified text as the response.",simplification
415,"Simplify the following text to improve its readability, ensuring its core meaning remains intact: 'shaun of the dead is a british romantic zombie comedy directed by edgar wright starring simon pegg and nick frost and written by pegg and wright.' Provide only the simplified text as the response.",simplification
416,"Simplify the following text to improve its readability, ensuring its core meaning remains intact: 'max tonetto lrb born november in trieste rrb is an italian football defender.' Provide only the simplified text as the response.",simplification
417,"Simplify the following text to improve its readability, ensuring its core meaning remains intact: 'using this definition the flux of the poynting vector over a specified surface is the rate at which electromagnetic energy flows through that surface.' Provide only the simplified text as the response.",simplification
418,"Simplify the following text to improve its readability, ensuring its core meaning remains intact: 'ndash jonas savimbi angolan political leader lrb d. rrb' Provide only the simplified text as the response.",simplification
419,"Simplify the following text to improve its readability, ensuring its core meaning remains intact: 'kvirc is able to connect to several servers at the same time lrb optionally with ssl and or over ipv rrb.' Provide only the simplified text as the response.",simplification
420,"Simplify the following text to improve its readability, ensuring its core meaning remains intact: 'the operations of vector addition and scalar multiplication have to satisfy certain requirements called axioms listed below. an example of a vector space is that of euclidean vectors which are often used to represent physical quantities such as forces any two forces lrb of the same type rrb can be added to yield a third and the multiplication of a force vector by a real factor is another force vector.' Provide only the simplified text as the response.",simplification
421,"Simplify the following text to improve its readability, ensuring its core meaning remains intact: 'his performances of bach beethoven brahms mozart haydn schumann wagner and carl orff are also notable.' Provide only the simplified text as the response.",simplification
422,"Simplify the following text to improve its readability, ensuring its core meaning remains intact: 'kunie kitamoto is a japanese football player who plays for vissel kobe.' Provide only the simplified text as the response.",simplification
423,"Simplify the following text to improve its readability, ensuring its core meaning remains intact: 'wwe released a complete dvd box set entitled royal rumble the complete anthology which showcases every royal rumble event in its entirety up to the royal rumble on march.' Provide only the simplified text as the response.",simplification
424,"Simplify the following text to improve its readability, ensuring its core meaning remains intact: 'he first married amie gertrude lathe lrb rrb around in boston massachusetts.' Provide only the simplified text as the response.",simplification
425,"Simplify the following text to improve its readability, ensuring its core meaning remains intact: 'both the geographic center of the contiguous u.s. and the population center of the u.s. are in the midwest.' Provide only the simplified text as the response.",simplification
426,"Simplify the following text to improve its readability, ensuring its core meaning remains intact: 'in cordes received its charter to become a bastide lrb fortified town rrb from the count of toulouse.' Provide only the simplified text as the response.",simplification
427,"Simplify the following text to improve its readability, ensuring its core meaning remains intact: 'gilbert was a taxidermist for the zoological society of london where he met john gould.' Provide only the simplified text as the response.",simplification
428,"Simplify the following text to improve its readability, ensuring its core meaning remains intact: 'costa coffee is a coffee house company based in the united kingdom founded in by italian brothers sergio and bruno costa as a wholesale operation supplying roasted coffee to caterers and specialist italian coffee shops.' Provide only the simplified text as the response.",simplification
429,"Simplify the following text to improve its readability, ensuring its core meaning remains intact: 'example walnuts and hickories belong to the juglandaceae or walnut family.' Provide only the simplified text as the response.",simplification
430,"Simplify the following text to improve its readability, ensuring its core meaning remains intact: 'events may battle of dandanaqan seljuk turks defeat the ghaznavids.' Provide only the simplified text as the response.",simplification
431,"Simplify the following text to improve its readability, ensuring its core meaning remains intact: 'amanda peet lrb born january rrb is an american actress.' Provide only the simplified text as the response.",simplification
432,"Simplify the following text to improve its readability, ensuring its core meaning remains intact: 'the national mint also issued special commemorative silver coins to mark his birthday.' Provide only the simplified text as the response.",simplification
433,"Simplify the following text to improve its readability, ensuring its core meaning remains intact: 'and committed to the imprisonment of the bishop of london.' Provide only the simplified text as the response.",simplification
434,"Simplify the following text to improve its readability, ensuring its core meaning remains intact: 'bricqueville is a commune in the calvados department in the basse normandie region in northwestern france.' Provide only the simplified text as the response.",simplification
435,"Simplify the following text to improve its readability, ensuring its core meaning remains intact: 'to make the feat even more memorable ripken hit a home run in the previous night s game that tied gehrig s record and another home run in his st game which fans later voted as major league baseball s most memorable moment in mlb history.' Provide only the simplified text as the response.",simplification
436,"Simplify the following text to improve its readability, ensuring its core meaning remains intact: 'cilenti and guillory married in and during the ceremony guillory wore her grandmother s wedding dress.' Provide only the simplified text as the response.",simplification
437,"Simplify the following text to improve its readability, ensuring its core meaning remains intact: 'in the end ruth marie and melinda sided with cirie as the secretly grieving tina was voted out.' Provide only the simplified text as the response.",simplification
438,"Simplify the following text to improve its readability, ensuring its core meaning remains intact: 'nancy patricia d alesandro pelosi lrb born march rrb is the speaker of the united states house of representatives.' Provide only the simplified text as the response.",simplification
439,"Simplify the following text to improve its readability, ensuring its core meaning remains intact: 'license change up to version... azureus was distributed under the gnu general public license lrb gpl rrb beginning with the version distribution the license presented upon installation changed.' Provide only the simplified text as the response.",simplification
440,"Simplify the following text to improve its readability, ensuring its core meaning remains intact: 'its pattern of two tier metropolitan and non metropolitan county and district councils remains in use today in large parts of england although the metropolitan county councils were abolished in and both county and district councils were replaced with unitary authorities in many areas in the s.' Provide only the simplified text as the response.",simplification
441,"Simplify the following text to improve its readability, ensuring its core meaning remains intact: 'lewisport is a city in hancock county kentucky united states along the ohio river.' Provide only the simplified text as the response.",simplification
442,"Simplify the following text to improve its readability, ensuring its core meaning remains intact: 'marco di vaio lrb born july rrb is an italian football striker who currently plays for bologna fc.' Provide only the simplified text as the response.",simplification
443,"Simplify the following text to improve its readability, ensuring its core meaning remains intact: 'patients diagnosed with pancreatic cancer typically have a poor prognosis partly because the cancer usually causes no symptoms early on leading to locally advanced or metastatic disease at time of diagnosis.' Provide only the simplified text as the response.",simplification
444,"Simplify the following text to improve its readability, ensuring its core meaning remains intact: 'gordon david strachan obe lrb born february in edinburgh rrb is a scottish football manager and former player.' Provide only the simplified text as the response.",simplification
445,"Simplify the following text to improve its readability, ensuring its core meaning remains intact: 'dolores hidalgo lrb in full dolores hidalgo cuna de la independencia nacional is the name of a city and the surrounding municipality in the north central part of the mexican state of guanajuato.' Provide only the simplified text as the response.",simplification
446,"Simplify the following text to improve its readability, ensuring its core meaning remains intact: 'sill le philippe is a commune in the sarthe department in the region of pays de la loire in northwestern france.' Provide only the simplified text as the response.",simplification
447,"Simplify the following text to improve its readability, ensuring its core meaning remains intact: 'david hilbert lrb january february rrb was a german mathematician.' Provide only the simplified text as the response.",simplification
448,"Simplify the following text to improve its readability, ensuring its core meaning remains intact: 'servaas faas wilkes lrb october august rrb was a dutch football forward who earned a total of caps for the dutch nation team in which he scored goals lrb average. goals per game rrb.' Provide only the simplified text as the response.",simplification
449,"Simplify the following text to improve its readability, ensuring its core meaning remains intact: 'johnny shines interviewed by john hammond jr. in the search for robert johnson lrb dvd rrb it was this chance meeting with robert johnson his greatest influence that gave him the inspiration to return to music.' Provide only the simplified text as the response.",simplification
450,"Simplify the following text to improve its readability, ensuring its core meaning remains intact: 'ndash the u.s. congress abrogates the united states use of the gold standard by enacting a joint resolution lrb stat.' Provide only the simplified text as the response.",simplification
451,"Simplify the following text to improve its readability, ensuring its core meaning remains intact: 'the movie is a light parody which plays on the clich s of typical horror films.' Provide only the simplified text as the response.",simplification
452,"Simplify the following text to improve its readability, ensuring its core meaning remains intact: 'it was created by the german chemist alfred einhorn lrb rrb who gave the chemical the trade name novocaine from the latin nov lrb meaning new rrb and caine a common ending for alkaloids used as anesthetics.' Provide only the simplified text as the response.",simplification
453,"Simplify the following text to improve its readability, ensuring its core meaning remains intact: 'after being raised by the british press the connection was picked up by conservative blogs and newspapers in the united states.' Provide only the simplified text as the response.",simplification
454,"Simplify the following text to improve its readability, ensuring its core meaning remains intact: 'a simple example is when equally spaced divisions on the vertical axis of a chart are labeled instead of.' Provide only the simplified text as the response.",simplification
455,"Simplify the following text to improve its readability, ensuring its core meaning remains intact: 'the danube flows into the black sea within romania s territory forming the danube delta the second largest and the best preserved delta in europe and a biosphere reserve and a biodiversity world heritage site.' Provide only the simplified text as the response.",simplification
456,"Simplify the following text to improve its readability, ensuring its core meaning remains intact: 'godwinson was subsequently defeated within a month by another viking descendant william duke of normandy lrb normandy had been acquired by vikings lrb normans rrb in rrb.' Provide only the simplified text as the response.",simplification
457,"Simplify the following text to improve its readability, ensuring its core meaning remains intact: 'division iii the advanced project requires students to complete an in depth project in their field of choice lrb which is generally related to the division ii field rrb.' Provide only the simplified text as the response.",simplification
458,"Simplify the following text to improve its readability, ensuring its core meaning remains intact: 'the municipality is located in the locarno district sonogno is the is the last village on the paved road through the valley verzasca.' Provide only the simplified text as the response.",simplification
459,"Simplify the following text to improve its readability, ensuring its core meaning remains intact: 'he supervised the construction of hwaseong fortress in suwon in the early.' Provide only the simplified text as the response.",simplification
460,"Simplify the following text to improve its readability, ensuring its core meaning remains intact: 'the departments are listed below with the departmental capital cities in parentheses.' Provide only the simplified text as the response.",simplification
461,"Simplify the following text to improve its readability, ensuring its core meaning remains intact: 'bowlegs was named after an early resident lula bowlegs a descendant of the florida seminole chief billy bowlegs.' Provide only the simplified text as the response.",simplification
462,"Simplify the following text to improve its readability, ensuring its core meaning remains intact: 'the definition of organic matter varies upon the subject for which it is being used.' Provide only the simplified text as the response.",simplification
463,"Simplify the following text to improve its readability, ensuring its core meaning remains intact: 'the memorial wall was designed by u.s. landscape architect maya lin.' Provide only the simplified text as the response.",simplification
464,"Simplify the following text to improve its readability, ensuring its core meaning remains intact: 'linux mint has a stated focus on elegance and it includes a number of applications that are not available in ubuntu lrb see aforementioned mint tools rrb.' Provide only the simplified text as the response.",simplification
465,"Simplify the following text to improve its readability, ensuring its core meaning remains intact: 'legal status according to the legal theory followed by the western allies the occupation of most of germany ended in with the declaration of the federal republic of germany and the german democratic republic.' Provide only the simplified text as the response.",simplification
466,"Simplify the following text to improve its readability, ensuring its core meaning remains intact: 'the feet have no hind toe and the three anterior toes are completely webbed.' Provide only the simplified text as the response.",simplification
467,"Simplify the following text to improve its readability, ensuring its core meaning remains intact: 'moulins le carbonnel is a commune in the sarthe department in the region of pays de la loire in northwestern france.' Provide only the simplified text as the response.",simplification
468,"Simplify the following text to improve its readability, ensuring its core meaning remains intact: 'other near by towns or locations are crooked corner peelwood redground wheeo narrawa north history the origin of the name is thought to be from the gandangara aboriginal word for deep water.' Provide only the simplified text as the response.",simplification
469,"Simplify the following text to improve its readability, ensuring its core meaning remains intact: 'although the metropolitan police moved away from scotland yard in the name new scotland yard was adopted for the new headquarters.' Provide only the simplified text as the response.",simplification
470,"Simplify the following text to improve its readability, ensuring its core meaning remains intact: 'in addition to the marble quarries the city has academies of sculpture and fine arts and a museum of statuaries and antiquities and a yearly marble technology fair.' Provide only the simplified text as the response.",simplification
471,"Simplify the following text to improve its readability, ensuring its core meaning remains intact: 'he was the director of antiquities in egypt during the th century who was who in egyptology... page by warren royal dawson and excavated in memphis and dashur providing many drawings of many egyptian pyramids.' Provide only the simplified text as the response.",simplification
472,"Simplify the following text to improve its readability, ensuring its core meaning remains intact: 'in practice the mean time between failures lrb mtbf o rrb is often used instead of the failure rate.' Provide only the simplified text as the response.",simplification
473,"Simplify the following text to improve its readability, ensuring its core meaning remains intact: 'the queen can be moved any number of unoccupied squares in a straight line vertically horizontally or diagonally thus combining the moves of the rook and bishop.' Provide only the simplified text as the response.",simplification
474,"Simplify the following text to improve its readability, ensuring its core meaning remains intact: 'fuz l appears to have received a good education first under his father who was a mufti in the city of al hillah and then under a teacher named rahmetullah.' Provide only the simplified text as the response.",simplification
475,"Simplify the following text to improve its readability, ensuring its core meaning remains intact: 'a gas syringe also known as glass collecting bottle is a piece of laboratory glassware used to insert or withdraw a volume of a gas from a closed system or to measure the volume of gas evolved from a chemical reaction.' Provide only the simplified text as the response.",simplification
476,"Simplify the following text to improve its readability, ensuring its core meaning remains intact: 'shines moved to hughes arkansas in and worked on farms for three years putting his musical career on hold.' Provide only the simplified text as the response.",simplification
477,"Simplify the following text to improve its readability, ensuring its core meaning remains intact: 'hereford cattle are a beef cattle breed widely used both in intemperate areas and temperate areas mainly for meat production.' Provide only the simplified text as the response.",simplification
478,"Simplify the following text to improve its readability, ensuring its core meaning remains intact: 'a fish is any aquatic vertebrate animal that is covered with scales and equipped with two sets of paired fins and several unpaired fins.' Provide only the simplified text as the response.",simplification
479,"Simplify the following text to improve its readability, ensuring its core meaning remains intact: 'the bbc sports personality of the year is an awards ceremony that takes place annually in december.' Provide only the simplified text as the response.",simplification
480,"Simplify the following text to improve its readability, ensuring its core meaning remains intact: 'during this period she had her last us chart single with a cover of smokey robinson s get ready previously a hit for the temptations and some months later a top five hit for rare earth.' Provide only the simplified text as the response.",simplification
481,"Simplify the following text to improve its readability, ensuring its core meaning remains intact: 'feuguerolles bully is a commune in the calvados department in the basse normandie region in northern france.' Provide only the simplified text as the response.",simplification
482,"Simplify the following text to improve its readability, ensuring its core meaning remains intact: 'other items have washed down gullies and still others lie beneath the waters offshore.' Provide only the simplified text as the response.",simplification
483,"Simplify the following text to improve its readability, ensuring its core meaning remains intact: 'until el paso was home to el paso natural gas company. it is now in houston texas under the name el paso corporation.' Provide only the simplified text as the response.",simplification
484,"Simplify the following text to improve its readability, ensuring its core meaning remains intact: 'possession island is located at the center of the possession island national park an area of. km established as a protected area in and managed by the queensland parks and wildlife service.' Provide only the simplified text as the response.",simplification
485,"Simplify the following text to improve its readability, ensuring its core meaning remains intact: 'at least two different versions of the ganesha sahasranama exist one version is drawn from the ganesha purana a hindu scripture venerating ganesha.' Provide only the simplified text as the response.",simplification
486,"Simplify the following text to improve its readability, ensuring its core meaning remains intact: 'by eating of the fruit of the tree adam and eve sought to be like god.' Provide only the simplified text as the response.",simplification
487,"Simplify the following text to improve its readability, ensuring its core meaning remains intact: 'the smooth running characteristics of the straight made it popular in luxury and racing cars of the past.' Provide only the simplified text as the response.",simplification
488,"Simplify the following text to improve its readability, ensuring its core meaning remains intact: 'puerto rico geographically is composed of an archipelago that includes the main island of puerto rico and a number of smaller islands and keys the largest of which are vieques culebra and mona.' Provide only the simplified text as the response.",simplification
489,"Simplify the following text to improve its readability, ensuring its core meaning remains intact: 'spice is the debut album by british pop group spice girls released on november by virgin records.' Provide only the simplified text as the response.",simplification
490,"Simplify the following text to improve its readability, ensuring its core meaning remains intact: 'more compactly an abelian group is a commutative group.' Provide only the simplified text as the response.",simplification
491,"Simplify the following text to improve its readability, ensuring its core meaning remains intact: 'he began his career in under an independent label and joined boyz n da hood in the same year his solo major label debut let s get it thug motivation was released.' Provide only the simplified text as the response.",simplification
492,"Simplify the following text to improve its readability, ensuring its core meaning remains intact: 'roquebrune is a commune in the gironde department in aquitaine in south western france.' Provide only the simplified text as the response.",simplification
493,"Simplify the following text to improve its readability, ensuring its core meaning remains intact: 'it is the only state flag of the united states to have been flown under so many various forms of government and the only to feature the union flag of the united kingdom a holdover of the period in hawaiian history when it was a british protectorate lrb rrb.' Provide only the simplified text as the response.",simplification
494,"Simplify the following text to improve its readability, ensuring its core meaning remains intact: 'for sacred music outside this tradition see religious music. see also christian music.' Provide only the simplified text as the response.",simplification
495,"Simplify the following text to improve its readability, ensuring its core meaning remains intact: 'roodhouse is a city in greene county illinois united states.' Provide only the simplified text as the response.",simplification
496,"Simplify the following text to improve its readability, ensuring its core meaning remains intact: 'ra l gonz lez blanco lrb born june in madrid spain rrb known simply as ra l is a spanish footballer who plays as a striker.' Provide only the simplified text as the response.",simplification
497,"Simplify the following text to improve its readability, ensuring its core meaning remains intact: 'the team plays at fedexfield in landover maryland which is in prince george s county maryland.' Provide only the simplified text as the response.",simplification
498,"Simplify the following text to improve its readability, ensuring its core meaning remains intact: 'the newly built general motors place lrb now rogers arena rrb shared with the vancouver canucks of the national hockey league lrb nhl rrb would serve as the grizzlies home arena for their entire stay in vancouver.' Provide only the simplified text as the response.",simplification
499,"Simplify the following text to improve its readability, ensuring its core meaning remains intact: 'horodniceni is a commune that can be found in suceava county romania.' Provide only the simplified text as the response.",simplification
500,"Simplify the following text to improve its readability, ensuring its core meaning remains intact: 'gennady nikolayevich rozhdestvensky lrb rrb lrb born may rrb is a russian conductor.' Provide only the simplified text as the response.",simplification
501,"Simplify the following text to improve its readability, ensuring its core meaning remains intact: 'fbi special agent fox william mulder is a fictional character and protagonist in the american fox television shows the x files and the lone gunmen two science fiction shows about a government conspiracy to hide or deny the truth of alien existence.' Provide only the simplified text as the response.",simplification
502,"Simplify the following text to improve its readability, ensuring its core meaning remains intact: 'its name is latin for cup and in greek mythology it is identified with the cup of the god apollo.' Provide only the simplified text as the response.",simplification
503,"Simplify the following text to improve its readability, ensuring its core meaning remains intact: 'mclean was born in west palm beach florida to his mother denise fernandez and father bob mclean.' Provide only the simplified text as the response.",simplification
504,"Simplify the following text to improve its readability, ensuring its core meaning remains intact: 'however while long legs normally indicate a fast runner the legs and even feet and toes of anchiornis were covered in feathers including long flight feathers similar to those in the hind wings of microraptor making it unlikely that anchiornis was a capable ground runner.' Provide only the simplified text as the response.",simplification
505,"Simplify the following text to improve its readability, ensuring its core meaning remains intact: 'bbc children in need is an annual british charity appeal organised by the bbc.' Provide only the simplified text as the response.",simplification
506,"Simplify the following text to improve its readability, ensuring its core meaning remains intact: 'unlike charts in the united states no airplay statistics are used for the official uk singles chart.' Provide only the simplified text as the response.",simplification
507,"Simplify the following text to improve its readability, ensuring its core meaning remains intact: 'astronomical spectroscopy is the technique of spectroscopy used in astronomy.' Provide only the simplified text as the response.",simplification
508,"Simplify the following text to improve its readability, ensuring its core meaning remains intact: 'the fresh prince of bel air is an american television sitcom that originally aired on nbc from september to may.' Provide only the simplified text as the response.",simplification
509,"Simplify the following text to improve its readability, ensuring its core meaning remains intact: 'elevators are generally powered by electric motors that either drive traction cables or counterweight systems like a hoist or pump hydraulic fluid to raise a cylindrical piston like a jack.' Provide only the simplified text as the response.",simplification
510,"Simplify the following text to improve its readability, ensuring its core meaning remains intact: 'la rivi re is a commune in the gironde department in aquitaine in southwestern france.' Provide only the simplified text as the response.",simplification
511,"Simplify the following text to improve its readability, ensuring its core meaning remains intact: 'jun ando is a japanese footballer who plays for kyoto sanga f.c..' Provide only the simplified text as the response.",simplification
512,"Simplify the following text to improve its readability, ensuring its core meaning remains intact: 'the corresponding formation on the ceiling of a cave is known as a stalactite.' Provide only the simplified text as the response.",simplification
513,"Simplify the following text to improve its readability, ensuring its core meaning remains intact: 'it reached its peak intensity of and mbar lrb hpa rrb.' Provide only the simplified text as the response.",simplification
514,"Simplify the following text to improve its readability, ensuring its core meaning remains intact: 'villeneuve is a commune in the gironde department in aquitaine in south western france.' Provide only the simplified text as the response.",simplification
515,"Simplify the following text to improve its readability, ensuring its core meaning remains intact: 'sea snakes which are also elapids have adapted to a marine way of life in different ways and to various degrees.' Provide only the simplified text as the response.",simplification
516,"Simplify the following text to improve its readability, ensuring its core meaning remains intact: 'the military of ancient rome encompasses the combined military forces of rome from the founding of the roman kingdom in the th century bc to the fall of the western roman empire.' Provide only the simplified text as the response.",simplification
517,"Simplify the following text to improve its readability, ensuring its core meaning remains intact: 'the prime minister of new zealand is new zealand s head of government consequent on being the leader of the party or coalition with majority support in the parliament of new zealand.' Provide only the simplified text as the response.",simplification
518,"Simplify the following text to improve its readability, ensuring its core meaning remains intact: 'in november the rights to the musical stage adaptation reverted back to andrew neiderman who is currently lrb as of rrb developing a new script with revised music and lyrics under the representation of mclean williams management with music composed by dutch composer sarif tribou and barney ashworth musical supervision by mike dixon and revised lyrics by sj hills.' Provide only the simplified text as the response.",simplification
519,"Simplify the following text to improve its readability, ensuring its core meaning remains intact: 'it was also at this time that shostakovich composed the first of his string quartets.' Provide only the simplified text as the response.",simplification
520,"Simplify the following text to improve its readability, ensuring its core meaning remains intact: 'the earliest animal pollinated flowers were pollinated by insects such as beetles so the syndrome of insect pollination was well established before bees first appeared.' Provide only the simplified text as the response.",simplification
521,"Simplify the following text to improve its readability, ensuring its core meaning remains intact: 'autolycus was born in pitane a town of aeolis within western anatolia.' Provide only the simplified text as the response.",simplification
522,"Simplify the following text to improve its readability, ensuring its core meaning remains intact: 'the area lies on high ground on the south side of the cathkin braes about m southeast of glasgow city center and close to the boundary with east renfrewshire.' Provide only the simplified text as the response.",simplification
523,"Simplify the following text to improve its readability, ensuring its core meaning remains intact: 'only of these have been made and sold for a premium price.' Provide only the simplified text as the response.",simplification
524,"Simplify the following text to improve its readability, ensuring its core meaning remains intact: 'it was developed by nintendo and was released on january in europe as a budget priced retail title.' Provide only the simplified text as the response.",simplification
525,"Simplify the following text to improve its readability, ensuring its core meaning remains intact: 'the coca cola company sold its minute maid orange groves in florida in.' Provide only the simplified text as the response.",simplification
526,"Simplify the following text to improve its readability, ensuring its core meaning remains intact: 'it is located on the campus of the university of northern iowa in cedar falls iowa.' Provide only the simplified text as the response.",simplification
527,"Simplify the following text to improve its readability, ensuring its core meaning remains intact: 'no stream can cut such a high mountain which proves that the swaan was there before the formation of this range.' Provide only the simplified text as the response.",simplification
528,"Simplify the following text to improve its readability, ensuring its core meaning remains intact: 'death cullen a smoker for most of his life died on july of lung cancer in los angeles.' Provide only the simplified text as the response.",simplification
529,"Simplify the following text to improve its readability, ensuring its core meaning remains intact: 'woodbury is a city in butler county kentucky united states.' Provide only the simplified text as the response.",simplification
530,"Simplify the following text to improve its readability, ensuring its core meaning remains intact: 'they can also be classified by the symbol rate measured in baud the number of times the modem changes its signal state per second.' Provide only the simplified text as the response.",simplification
531,"Simplify the following text to improve its readability, ensuring its core meaning remains intact: 'minsk and orsha are first mentioned in the chronicles.' Provide only the simplified text as the response.",simplification
532,"Simplify the following text to improve its readability, ensuring its core meaning remains intact: 'lagnes is a commune in the vaucluse department in the provence alpes c te d azur region in southeastern france.' Provide only the simplified text as the response.",simplification
533,"Simplify the following text to improve its readability, ensuring its core meaning remains intact: 'according to capablanca s second wife olga his first marriage broke down fairly soon and he and gloria had affairs.' Provide only the simplified text as the response.",simplification
534,"Simplify the following text to improve its readability, ensuring its core meaning remains intact: 'a funnel cloud that touches down on or moves over water is a waterspout.' Provide only the simplified text as the response.",simplification
535,"Simplify the following text to improve its readability, ensuring its core meaning remains intact: 'arsenic tribromide is the chemical compound with the formula asbr.' Provide only the simplified text as the response.",simplification
536,"Simplify the following text to improve its readability, ensuring its core meaning remains intact: 'he is most famous as the author of the artemis fowl series but he has also written other successful books.' Provide only the simplified text as the response.",simplification
537,"Simplify the following text to improve its readability, ensuring its core meaning remains intact: 'a competent guitarist idle composed many of the group s most famous musical numbers most notably always look on the bright side of life the closing number of life of brian which has grown to become a python signature tune.' Provide only the simplified text as the response.",simplification
538,"Simplify the following text to improve its readability, ensuring its core meaning remains intact: 'while use of flash drives is common the drive must be linux compatible.' Provide only the simplified text as the response.",simplification
539,"Simplify the following text to improve its readability, ensuring its core meaning remains intact: 'in a nih report concluded that a bmi over is overweight and a bmi over is obese. in the s the world health organization lrb who rrb decided that a bmi of to should be considered overweight and a bmi over is obese the standards the nih set.' Provide only the simplified text as the response.",simplification
540,"Simplify the following text to improve its readability, ensuring its core meaning remains intact: 'there also he met diana oughton who would become his girlfriend until her death in.' Provide only the simplified text as the response.",simplification
541,"Simplify the following text to improve its readability, ensuring its core meaning remains intact: 'a stirrup is a light frame or ring that holds the foot of a rider attached to the saddle by a strap often called a stirrup leather. stirrups are usually paired and are used to aid in mounting and as a support while using a riding animal lrb usually a horse or other equine such as a mule rrb.' Provide only the simplified text as the response.",simplification
542,"Simplify the following text to improve its readability, ensuring its core meaning remains intact: 'to address these concerns the komodo national park was founded in to protect komodo dragon populations on islands including komodo rinca and padar.' Provide only the simplified text as the response.",simplification
543,"Simplify the following text to improve its readability, ensuring its core meaning remains intact: 'he graduated from anchor bay high school in new baltimore in.' Provide only the simplified text as the response.",simplification
544,"Simplify the following text to improve its readability, ensuring its core meaning remains intact: 'mandelstam s non conformist anti establishment tendencies were not heavily disguised and in the autumn of they broke through in form of the famous stalin epigram.' Provide only the simplified text as the response.",simplification
545,"Simplify the following text to improve its readability, ensuring its core meaning remains intact: 'he is best known as the host of the daily show a satirical news program airing on comedy central.' Provide only the simplified text as the response.",simplification
546,"Simplify the following text to improve its readability, ensuring its core meaning remains intact: 'a french press also known as a press pot coffee press coffee plunger cafetiere lrb uk rrb or afeti re piston is a simple coffee brewing device which was invented in france in the late th century.' Provide only the simplified text as the response.",simplification
547,"Simplify the following text to improve its readability, ensuring its core meaning remains intact: 'rice was president bush s national security advisor during his first term.' Provide only the simplified text as the response.",simplification
548,"Simplify the following text to improve its readability, ensuring its core meaning remains intact: 'in the united states and anglophone canada as well as in parts of australia lrb new south wales tasmania and the australian capital territory rrb kindergarten is the word often restricted in use to describe the first year of education or primary school. in some of these countries it is compulsory that is parents must send children to their kindergarten year lrb generally at age rrb.' Provide only the simplified text as the response.",simplification
549,"Simplify the following text to improve its readability, ensuring its core meaning remains intact: 'according to dzogchen folklore the attainment of the rainbow body is the sign of complete realisation of the dzogchen view.' Provide only the simplified text as the response.",simplification
550,"Simplify the following text to improve its readability, ensuring its core meaning remains intact: 'vaccinium arboreum lrb sparkleberry or farkleberry rrb is a species of vaccinium native to the southeastern united states from southern virginia west to southeastern nebraska south to florida and eastern texas and north to illinois.' Provide only the simplified text as the response.",simplification
551,"Simplify the following text to improve its readability, ensuring its core meaning remains intact: 'the initial prisoners were transferred to cockatoo island from norfolk island and were employed constructing rock cut silos for storing the colony s grain supply.' Provide only the simplified text as the response.",simplification
552,"Simplify the following text to improve its readability, ensuring its core meaning remains intact: 'the highest point in the range and the peninsula is the peak of f mount osborn.' Provide only the simplified text as the response.",simplification
553,"Simplify the following text to improve its readability, ensuring its core meaning remains intact: 'the cockpit set at the extreme rear of the vehicle in the manner of a dragster was lined with fake fur and featured a general electric touch portable television inserted in the console.' Provide only the simplified text as the response.",simplification
554,"Simplify the following text to improve its readability, ensuring its core meaning remains intact: 'he eliminated both test and the big show by pinfall after a spear to become the new ecw world champion.' Provide only the simplified text as the response.",simplification
555,"Simplify the following text to improve its readability, ensuring its core meaning remains intact: 'august ndash eleanor of aragon queen of john i of castile lrb b. rrb' Provide only the simplified text as the response.",simplification
556,"Simplify the following text to improve its readability, ensuring its core meaning remains intact: 'the end of world war ii saw a landslide general election victory for clement atlee and the labour party.' Provide only the simplified text as the response.",simplification
557,"Simplify the following text to improve its readability, ensuring its core meaning remains intact: 'piper advocates christian hedonism and teaches that god is most glorified in us when we are most satisfied in him and that god s highest pursuit lrb his glory rrb and man s deepest and most durable happiness come together in one pursuit namely the pursuit of joy in god.' Provide only the simplified text as the response.",simplification
558,"Simplify the following text to improve its readability, ensuring its core meaning remains intact: 'oates alleged that there existed an extensive catholic conspiracy to assassinate charles ii accusations that led to the execution of at least men and precipitated the exclusion bill crisis.' Provide only the simplified text as the response.",simplification
559,"Simplify the following text to improve its readability, ensuring its core meaning remains intact: 'sport roubaix is the finish of the paris roubaix cycling classic from compi gne to roubaix over. km which includes almost km of cobbles.' Provide only the simplified text as the response.",simplification
560,"Simplify the following text to improve its readability, ensuring its core meaning remains intact: 'the haringhata baleswar madhumati and garai are different local names for the same river along various parts of its course and it represent another great offshoot of the ganges.' Provide only the simplified text as the response.",simplification
561,"Simplify the following text to improve its readability, ensuring its core meaning remains intact: 'casals had his memoirs recorded by albert e. kahn as joys and sorrows reflections lrb rrb.' Provide only the simplified text as the response.",simplification
562,"Simplify the following text to improve its readability, ensuring its core meaning remains intact: 'although popularly referred to as a nut the almond fruit s seed is botanically not a true nut but the seed of a drupe lrb a botanic name for a type of fruit rrb.' Provide only the simplified text as the response.",simplification
563,"Simplify the following text to improve its readability, ensuring its core meaning remains intact: 'this was intended to allow the senators of the smaller states to form a majority and amend or even reject bills originating in the house of representatives.' Provide only the simplified text as the response.",simplification
564,"Simplify the following text to improve its readability, ensuring its core meaning remains intact: 'the cape is named after american philanthropist morris ketchum jesup who helped finance peary s expeditions.' Provide only the simplified text as the response.",simplification
565,"Simplify the following text to improve its readability, ensuring its core meaning remains intact: 'but the third edition of the book published in omits the character juba and instead has lucy betrothed to one james jackson.' Provide only the simplified text as the response.",simplification
566,"Simplify the following text to improve its readability, ensuring its core meaning remains intact: 'a rose window lrb or catherine window rrb is often used as a generic term applied to a circular window but is especially used for those found in churches of the gothic architectural style and being divided into segments by stone mullions and tracery.' Provide only the simplified text as the response.",simplification
567,"Simplify the following text to improve its readability, ensuring its core meaning remains intact: 'the itai itai disease occurred in toyama around.' Provide only the simplified text as the response.",simplification
568,"Simplify the following text to improve its readability, ensuring its core meaning remains intact: 'they then named their band mighty joe young. the band recorded a demo tape that was completed around.' Provide only the simplified text as the response.",simplification
569,"Simplify the following text to improve its readability, ensuring its core meaning remains intact: 'later in the classical period the leagues would become fewer and larger be dominated by one city lrb particularly athens sparta and thebes rrb and often poleis would be compelled to join under threat of war lrb or as part of a peace treaty rrb.' Provide only the simplified text as the response.",simplification
570,"Simplify the following text to improve its readability, ensuring its core meaning remains intact: 'founded in the th century reorganised in the th century and rebuilt in the th and th centuries it is one of the largest examples of perpendicular gothic architecture in the west country.' Provide only the simplified text as the response.",simplification
571,"Simplify the following text to improve its readability, ensuring its core meaning remains intact: 'saint val rien is a commune in the vend e department in the pays de la loire region in western france.' Provide only the simplified text as the response.",simplification
572,"Simplify the following text to improve its readability, ensuring its core meaning remains intact: 'flobecq lrb picard fl bek rrb is a walloon municipality lrb with language facilities for dutch rrb located in the belgian province of hainaut.' Provide only the simplified text as the response.",simplification
573,"Simplify the following text to improve its readability, ensuring its core meaning remains intact: 'crackers which use large quantities of sulphur and paper spew out sulphur dioxide and charcoal into the air also lead and other metallic substances are suspended in the air causing respiratory problems.' Provide only the simplified text as the response.",simplification
574,"Simplify the following text to improve its readability, ensuring its core meaning remains intact: 'a commercial harbor is located on mal island.' Provide only the simplified text as the response.",simplification
575,"Simplify the following text to improve its readability, ensuring its core meaning remains intact: 'bonnemaison is a commune in the calvados department in the basse normandie region in northwestern france.' Provide only the simplified text as the response.",simplification
576,"Simplify the following text to improve its readability, ensuring its core meaning remains intact: 'lord do n t slow me down is a rockumentary film looking back on british rock band oasis do n t believe the truth world tour which took place from may to march.' Provide only the simplified text as the response.",simplification
577,"Simplify the following text to improve its readability, ensuring its core meaning remains intact: 'unlike the branle in which sideways motion was achieved by the dancer s continually bringing the feet together the gavotte required crossing of the feet twice in each step pattern and each step was followed by a hop.' Provide only the simplified text as the response.",simplification
578,"Simplify the following text to improve its readability, ensuring its core meaning remains intact: 'in the passchendale peace concert passchendale in flanders had june sharing the stage with coope boyes and simpson.' Provide only the simplified text as the response.",simplification
579,"Simplify the following text to improve its readability, ensuring its core meaning remains intact: 'in response the people of nidwalden lrb obwalden joined shortly before the document was signed the two halves forming unterwalden rrb joined uri and schwyz to form an alliance which is considered the foundation of modern switzerland.' Provide only the simplified text as the response.",simplification
580,"Simplify the following text to improve its readability, ensuring its core meaning remains intact: 'a list of standards published by the international organization for standardization.' Provide only the simplified text as the response.",simplification
581,"Simplify the following text to improve its readability, ensuring its core meaning remains intact: 'website of the city of d sseldorf short overview on the borough of gerresheim lrb german rrb' Provide only the simplified text as the response.",simplification
582,"Simplify the following text to improve its readability, ensuring its core meaning remains intact: 'chucklevision is a british television children s entertainment program.' Provide only the simplified text as the response.",simplification
583,"Simplify the following text to improve its readability, ensuring its core meaning remains intact: 'after studies at the milan conservatory in claudio abbado studied conducting with hans swarowsky at the vienna academy of music.' Provide only the simplified text as the response.",simplification
584,"Simplify the following text to improve its readability, ensuring its core meaning remains intact: 'largest win congo s o tom and pr ncipe lrb gabon july rrb' Provide only the simplified text as the response.",simplification
585,"Simplify the following text to improve its readability, ensuring its core meaning remains intact: 'the roots of a tree are generally embedded in earth providing anchorage for the above ground biomass and absorbing water and nutrients from the soil.' Provide only the simplified text as the response.",simplification
586,"Simplify the following text to improve its readability, ensuring its core meaning remains intact: 'the third contest was a standard match for the ecw championship in which the champion cm punk defended against big daddy v who was accompanied by matt striker.' Provide only the simplified text as the response.",simplification
587,"Simplify the following text to improve its readability, ensuring its core meaning remains intact: 'the film premiered on may in north america and opened the cannes film festival becoming the first animated and d film to do so.' Provide only the simplified text as the response.",simplification
588,"Simplify the following text to improve its readability, ensuring its core meaning remains intact: 'in french it is called cath drale saints michel et gudule and in dutch sint michiels en sint goedelekathedraal usually shortened to sint goedele.' Provide only the simplified text as the response.",simplification
589,"Simplify the following text to improve its readability, ensuring its core meaning remains intact: 'at the time brothers aldo and rodolfo controlled equal shares of the company though contributed less to the company than he and his sons did.' Provide only the simplified text as the response.",simplification
590,"Simplify the following text to improve its readability, ensuring its core meaning remains intact: 'there is no need to represent zero in normalized form the digit suffices.' Provide only the simplified text as the response.",simplification
591,"Simplify the following text to improve its readability, ensuring its core meaning remains intact: 'carrefour operates mainly in europe argentina brazil china colombia and in the dominican republic but also has shops in north africa and other parts of asia with most stores being of smaller size than hypermarket or even supermarket.' Provide only the simplified text as the response.",simplification
592,"Simplify the following text to improve its readability, ensuring its core meaning remains intact: 'this list consists of players who have appeared in major league baseball.' Provide only the simplified text as the response.",simplification
593,"Simplify the following text to improve its readability, ensuring its core meaning remains intact: 'charley lasted from august to august and at its peak intensity it attained mph lrb km h rrb winds making it a strong category hurricane on the saffir simpson hurricane scale.' Provide only the simplified text as the response.",simplification
594,"Simplify the following text to improve its readability, ensuring its core meaning remains intact: 'the singles from the double album paint it black and they ca n t take away our music had moderate success during.' Provide only the simplified text as the response.",simplification
595,"Simplify the following text to improve its readability, ensuring its core meaning remains intact: 'during british mount everest expedition the third british attempt on the world s highest mountain mallory and his climbing partner andrew irvine both disappeared somewhere high on the north east ridge during their attempt to make the first ascent or descent of the world s highest mountain.' Provide only the simplified text as the response.",simplification
596,"Simplify the following text to improve its readability, ensuring its core meaning remains intact: 'an extension of metro light rail service is planned to serve the city opening in reprising a role played by the phoenix street railway between and.' Provide only the simplified text as the response.",simplification
597,"Simplify the following text to improve its readability, ensuring its core meaning remains intact: 'today san juan serves as one of puerto rico s most important seaports and is the island s manufacturing financial cultural and tourism center.' Provide only the simplified text as the response.",simplification
598,"Simplify the following text to improve its readability, ensuring its core meaning remains intact: 'named juno the spacecraft is planned to launch by.' Provide only the simplified text as the response.",simplification
599,"Simplify the following text to improve its readability, ensuring its core meaning remains intact: 'the fifteen stories were meant to be a naturalistic depiction of the irish middle class life in and around dublin in the early years of the th century.' Provide only the simplified text as the response.",simplification
600,"Simplify the following text to improve its readability, ensuring its core meaning remains intact: 'possessions harry s parents left behind a somewhat large pile of wizard s gold used as currency in the world of magic in a vault in the wizarding bank gringotts.' Provide only the simplified text as the response.",simplification
601,"Simplify the following text to improve its readability, ensuring its core meaning remains intact: 'napalm bombs were notably used during the vietnam war.' Provide only the simplified text as the response.",simplification
602,"Simplify the following text to improve its readability, ensuring its core meaning remains intact: 'in the israeli supreme court overturned central elections committee decisions to disqualify mks ahmad tibi and azmi bishara and bishara s party balad from running in the elections to the th knesset.' Provide only the simplified text as the response.",simplification
603,"Simplify the following text to improve its readability, ensuring its core meaning remains intact: 'post hardcore is a genre of music that developed from hardcore punk itself an offshoot of the broader punk rock movement.' Provide only the simplified text as the response.",simplification
604,"Simplify the following text to improve its readability, ensuring its core meaning remains intact: 'in fischer did not defend his title when he could not come to agreement with fide over the conditions for the match.' Provide only the simplified text as the response.",simplification
605,"Simplify the following text to improve its readability, ensuring its core meaning remains intact: 'the song refers to the comic book character silver surfer.' Provide only the simplified text as the response.",simplification
606,"Simplify the following text to improve its readability, ensuring its core meaning remains intact: 'orchestral arrangements by johnny mandel provided the background on when i look in your eyes lrb o o rrb more grammy nominations came along and she was rewarded as best jazz musician of the year.' Provide only the simplified text as the response.",simplification
607,"Simplify the following text to improve its readability, ensuring its core meaning remains intact: 'ripley kills it by using her own acidic blood to burn a hole through a viewing pane causing the creature to be drawn violently through the small hole and into the vacuum of space.' Provide only the simplified text as the response.",simplification
608,"Simplify the following text to improve its readability, ensuring its core meaning remains intact: 'coulter is a city in franklin county iowa united states.' Provide only the simplified text as the response.",simplification
609,"Simplify the following text to improve its readability, ensuring its core meaning remains intact: 'the woman team for instance is in the first bundesliga lrb i.e. national league rrb the man team in the second.' Provide only the simplified text as the response.",simplification
610,"Simplify the following text to improve its readability, ensuring its core meaning remains intact: 'rossillon is a commune in the ain department in eastern france.' Provide only the simplified text as the response.",simplification
611,"Simplify the following text to improve its readability, ensuring its core meaning remains intact: 'it is k long approximately k wide and is the most heavily militarized border in the world.' Provide only the simplified text as the response.",simplification
612,"Simplify the following text to improve its readability, ensuring its core meaning remains intact: 'the puzzle will reveal the next set of coordinates.' Provide only the simplified text as the response.",simplification
613,"Simplify the following text to improve its readability, ensuring its core meaning remains intact: 'hurricane nora was the first pacific hurricane to bring gale force winds to the continental united states since kathleen in.' Provide only the simplified text as the response.",simplification
614,"Simplify the following text to improve its readability, ensuring its core meaning remains intact: 'by international agreement it is defined as on the kelvin scale and as. c on the celsius scale. this equates to. f on the fahrenheit scale.' Provide only the simplified text as the response.",simplification
615,"Simplify the following text to improve its readability, ensuring its core meaning remains intact: 'they escaped several days later in a gun battle but pottinger recovered the stolen gold taken by the prisoners.' Provide only the simplified text as the response.",simplification
616,"Simplify the following text to improve its readability, ensuring its core meaning remains intact: 'all official inquiries on the matter concluded that baader and his two accomplices committed collective suicide and baader meinhof biographer stefan aust argued in the original edition of his book the baader meinhof group lrb o o rrb that they almost assuredly did kill themselves.' Provide only the simplified text as the response.",simplification
617,"Simplify the following text to improve its readability, ensuring its core meaning remains intact: 'thin lizzy are an irish hard rock band who formed in dublin ireland in.' Provide only the simplified text as the response.",simplification
618,"Simplify the following text to improve its readability, ensuring its core meaning remains intact: 'pernant is a commune in the aisne department in picardie in northern france.' Provide only the simplified text as the response.",simplification
619,"Simplify the following text to improve its readability, ensuring its core meaning remains intact: 'carl philipp emanuel bach lrb march ndash december rrb was a german musician and composer the second of three sons of johann sebastian bach and maria barbara bach.' Provide only the simplified text as the response.",simplification
620,"Simplify the following text to improve its readability, ensuring its core meaning remains intact: 'one of the wettest spots on earth with an annual average rainfall of is located on the east side of mount waialeale.' Provide only the simplified text as the response.",simplification
621,"Simplify the following text to improve its readability, ensuring its core meaning remains intact: 'pescozada is a hip hop group formed in chalatenango el salvador.' Provide only the simplified text as the response.",simplification
622,"Simplify the following text to improve its readability, ensuring its core meaning remains intact: 'katharine hope mcphee lrb born march rrb is an american pop and r b singer songwriter actress model and television personality.' Provide only the simplified text as the response.",simplification
623,"Simplify the following text to improve its readability, ensuring its core meaning remains intact: 'however independence was temporarily interrupted on april until may when norway was occupied by nazi germany.' Provide only the simplified text as the response.",simplification
624,"Simplify the following text to improve its readability, ensuring its core meaning remains intact: 'this field overlaps with other areas of biology and chemistry particularly genetics and biochemistry.' Provide only the simplified text as the response.",simplification
625,"Simplify the following text to improve its readability, ensuring its core meaning remains intact: 'susan victoria lucci lrb born december rrb is an american actress best known for portraying erica kane on the daytime drama all my children.' Provide only the simplified text as the response.",simplification
626,"Simplify the following text to improve its readability, ensuring its core meaning remains intact: 'the miserable mill is the fourth novel in the book series a series of unfortunate events by lemony snicket.' Provide only the simplified text as the response.",simplification
627,"Simplify the following text to improve its readability, ensuring its core meaning remains intact: 'a large number of mammals lrb including some humans rrb and predatory birds have a brown coloration.' Provide only the simplified text as the response.",simplification
628,"Simplify the following text to improve its readability, ensuring its core meaning remains intact: 'prostate cancer is a form of cancer that develops in the prostate a gland in the male reproductive system.' Provide only the simplified text as the response.",simplification
629,"Simplify the following text to improve its readability, ensuring its core meaning remains intact: 'in it branched out into a separate company named opera software asa.' Provide only the simplified text as the response.",simplification
630,"Simplify the following text to improve its readability, ensuring its core meaning remains intact: 'on february hamilton was verbally heckled and otherwise abused during pre season testing at the circuit de catalunya in catalonia by several spanish spectators who wore black face paint and black wigs as well as shirts bearing the words hamilton s.' Provide only the simplified text as the response.",simplification
631,"Simplify the following text to improve its readability, ensuring its core meaning remains intact: 'a peridotite is a dense coarse grained igneous rock consisting mostly of the minerals olivine and pyroxene.' Provide only the simplified text as the response.",simplification
632,"Simplify the following text to improve its readability, ensuring its core meaning remains intact: 'the town of barmah victoria is unusual in that it is north of part of new south wales although everywhere else victoria is south of new south wales.' Provide only the simplified text as the response.",simplification
633,"Simplify the following text to improve its readability, ensuring its core meaning remains intact: 'shirley jackson lrb december august rrb was an influential american author.' Provide only the simplified text as the response.",simplification
634,"Simplify the following text to improve its readability, ensuring its core meaning remains intact: 'the first verifiable formal use of a brass horn as a military signal device was the halbmondblaser literally half moon blower used in hanover in.' Provide only the simplified text as the response.",simplification
635,"Simplify the following text to improve its readability, ensuring its core meaning remains intact: 'as of the university had approximately students and in it was nominated as best university among italian institutions of higher education with more than students.' Provide only the simplified text as the response.",simplification
636,"Simplify the following text to improve its readability, ensuring its core meaning remains intact: 'it is one approach to ecosystem valuation an alternative to the traditional view of all non human life as passive natural resources and to the idea of ecological health.' Provide only the simplified text as the response.",simplification
637,"Simplify the following text to improve its readability, ensuring its core meaning remains intact: 'high school students attend rocky mountain high school in byron.' Provide only the simplified text as the response.",simplification
638,"Simplify the following text to improve its readability, ensuring its core meaning remains intact: 'the coil and the driver s magnetic system interact generating a mechanical force that causes the coil lrb and thus the attached cone rrb to move back and forth thereby reproducing sound under the control of the applied electrical signal coming from the amplifier.' Provide only the simplified text as the response.",simplification
639,"Simplify the following text to improve its readability, ensuring its core meaning remains intact: 'it works similarly to the html markup sequence lrb rrb that is a non breaking space a bullet and a normal space.' Provide only the simplified text as the response.",simplification
640,"Simplify the following text to improve its readability, ensuring its core meaning remains intact: 'as their name implies all decapods have ten legs these are five pairs of thoracic appendages on the last five thoracic segments.' Provide only the simplified text as the response.",simplification
641,"Simplify the following text to improve its readability, ensuring its core meaning remains intact: 'miniature breeds of beagle type dogs were known from the times of edward ii and henry vii who both had packs of glove beagles so named since they were small enough to fit on a glove and queen elizabeth i kept a breed known as a pocket beagle which stood t at the shoulder.' Provide only the simplified text as the response.",simplification
642,"Simplify the following text to improve its readability, ensuring its core meaning remains intact: 'assisi lrb from the rrb is a town of italy in province of perugia in the umbria region and on the western flank of monte subasio.' Provide only the simplified text as the response.",simplification
643,"Simplify the following text to improve its readability, ensuring its core meaning remains intact: 'the french departments are now grouped into metropolitan and four overseas regions.' Provide only the simplified text as the response.",simplification
644,"Simplify the following text to improve its readability, ensuring its core meaning remains intact: 'located close to the border with germany it is the capital of the bas rhin department.' Provide only the simplified text as the response.",simplification
645,"Simplify the following text to improve its readability, ensuring its core meaning remains intact: 'freddie mercury lrb born farrokh bulsara lrb gujarati rrb september november rrb was a british musician best known as the lead vocalist and a songwriter of the rock band queen.' Provide only the simplified text as the response.",simplification
646,"Simplify the following text to improve its readability, ensuring its core meaning remains intact: 'the budapest commuter area is home to people.' Provide only the simplified text as the response.",simplification
647,"Simplify the following text to improve its readability, ensuring its core meaning remains intact: 'lrb mmvi rrb was a common year starting on sunday of the gregorian calendar.' Provide only the simplified text as the response.",simplification
648,"Simplify the following text to improve its readability, ensuring its core meaning remains intact: 'the carter doctrine was a policy proclaimed by president of the united states jimmy carter in his state of the union address on january which stated that the united states would use military force if necessary to defend its national interests in the persian gulf region.' Provide only the simplified text as the response.",simplification
649,"Simplify the following text to improve its readability, ensuring its core meaning remains intact: 'shangri la is studded with bright islands of higher ground.' Provide only the simplified text as the response.",simplification
650,"Simplify the following text to improve its readability, ensuring its core meaning remains intact: 'it is used primarily to reduce the pain of intramuscular injection of penicillin and it is also used in dentistry.' Provide only the simplified text as the response.",simplification
651,"Simplify the following text to improve its readability, ensuring its core meaning remains intact: 'he started twenty seventh lrb rain out rrb but finished eighth in the joe gibbs driven performance oil chevrolet.' Provide only the simplified text as the response.",simplification
652,"Simplify the following text to improve its readability, ensuring its core meaning remains intact: 'the grito de dolores lrb cry of dolores rrb also known as el grito de la independencia lrb cry of independence rrb uttered from the small town of dolores near guanajuato on september is the event that marks the beginning of the mexican war of independence and is the most important national holiday observed in mexico.' Provide only the simplified text as the response.",simplification
653,"Simplify the following text to improve its readability, ensuring its core meaning remains intact: 'most modern browsers allow users to decide whether to accept cookies and the time frame to keep them but rejecting cookies makes some websites unusable.' Provide only the simplified text as the response.",simplification
654,"Simplify the following text to improve its readability, ensuring its core meaning remains intact: 'they are usually served as a sweet breakfast food topped with butter and various syrups but are also found in many different savory dishes such as fried chicken and waffles or topped with kidney stew.' Provide only the simplified text as the response.",simplification
655,"Simplify the following text to improve its readability, ensuring its core meaning remains intact: 'among the tribal populace roe that has been deeply roasted over an open fire is a delicacy.' Provide only the simplified text as the response.",simplification
656,"Simplify the following text to improve its readability, ensuring its core meaning remains intact: 'these were the umbrians living in small fortified settlements on high ground.' Provide only the simplified text as the response.",simplification
657,"Simplify the following text to improve its readability, ensuring its core meaning remains intact: 'production bryan singer the director of the first two x men films left the project during preproduction in order to direct the film superman returns.' Provide only the simplified text as the response.",simplification
658,"Simplify the following text to improve its readability, ensuring its core meaning remains intact: 'pattan kalan is located in the eastern edge of abbottabad district where it forms part of the khyber pakhtunkhwa s border with muzaffarabad district kashmir.' Provide only the simplified text as the response.",simplification
659,"Simplify the following text to improve its readability, ensuring its core meaning remains intact: 'at that point the original band dissolved. paul ellington mercer s youngest son and executor of the duke ellington estate kept the duke ellington orchestra going from mercer s death onwards.' Provide only the simplified text as the response.",simplification
660,"Simplify the following text to improve its readability, ensuring its core meaning remains intact: 'raynald of chatillon is released from prison in aleppo.' Provide only the simplified text as the response.",simplification
661,"Simplify the following text to improve its readability, ensuring its core meaning remains intact: 'he was the first prime minister from the australian labour party lrb the spelling of labour was changed to labor in rrb and the first labour party prime minister in the world.' Provide only the simplified text as the response.",simplification
662,"Simplify the following text to improve its readability, ensuring its core meaning remains intact: 'events tied to cinco de mayo also occur outside mexico and the united states.' Provide only the simplified text as the response.",simplification
663,"Simplify the following text to improve its readability, ensuring its core meaning remains intact: 'the character of sarah jane played by sladen appeared in doctor who from to alongside jon pertwee as the third doctor and later tom baker as the fourth doctor.' Provide only the simplified text as the response.",simplification
664,"Simplify the following text to improve its readability, ensuring its core meaning remains intact: 'he became the pakistan army s first native commander in chief in and was the youngest full general and self appointed star rank field marshal in pakistan s military history.' Provide only the simplified text as the response.",simplification
665,"Simplify the following text to improve its readability, ensuring its core meaning remains intact: 'pamela hayden audrey wasilewski voicing katrina shanks meltsner nicknamed trina was originally played by pamela hayden lrb rrb but later was portrayed by audrey wasilewski lrb present rrb.' Provide only the simplified text as the response.",simplification
666,"Simplify the following text to improve its readability, ensuring its core meaning remains intact: 'kazunoko lrb rrb herring roe yellow or pinkish having a firm rubbery texture and appearance usually pickled.' Provide only the simplified text as the response.",simplification
667,"Simplify the following text to improve its readability, ensuring its core meaning remains intact: 'in culture and mythology european mistletoe viscum album figured prominently in greek mythology and is believed to be the golden bough of aeneas ancestor of the romans.' Provide only the simplified text as the response.",simplification
668,"Simplify the following text to improve its readability, ensuring its core meaning remains intact: 'a moth is an insect closely related to the butterfly both being of the order lepidoptera.' Provide only the simplified text as the response.",simplification
669,"Simplify the following text to improve its readability, ensuring its core meaning remains intact: 'he gave a series of four subscription concerts and since then the orchestra has given concerts continuously.' Provide only the simplified text as the response.",simplification
670,"Simplify the following text to improve its readability, ensuring its core meaning remains intact: 'under equal temperament the scales sound exactly the same such key pairs are said to be enharmonically equivalent.' Provide only the simplified text as the response.",simplification
671,"Simplify the following text to improve its readability, ensuring its core meaning remains intact: 'j nk ping is situated by the southern end of sweden s second largest lake v ttern. the original town j nk ping has grown together with huskvarna and norrahammar forming a contiguous urban area since wholly within the same municipality.' Provide only the simplified text as the response.",simplification
672,"Simplify the following text to improve its readability, ensuring its core meaning remains intact: 'the greek art of the drama had its roots in religious festivals for the gods chiefly dionysus the god of wine.' Provide only the simplified text as the response.",simplification
673,"Simplify the following text to improve its readability, ensuring its core meaning remains intact: 'yvelines is a french department in the region of le de france.' Provide only the simplified text as the response.",simplification
674,"Simplify the following text to improve its readability, ensuring its core meaning remains intact: 'the island of kauai has been featured in more than seventy hollywood movies and television shows including the musical south pacific and disney s animated feature film and television series lilo stitch lilo stitch stitch has a glitch stitch !' Provide only the simplified text as the response.",simplification
675,"Simplify the following text to improve its readability, ensuring its core meaning remains intact: 'history the wwe women s championship is descended from the same lineage as the nwa world women s championship of the national wrestling alliance lrb nwa rrb which is still active today.' Provide only the simplified text as the response.",simplification
676,"Simplify the following text to improve its readability, ensuring its core meaning remains intact: 'the castle was built in the c by sir john cornwall later lord fanhope from ransoms after the battle of agincourt.' Provide only the simplified text as the response.",simplification
677,"Simplify the following text to improve its readability, ensuring its core meaning remains intact: 'very often it is the largest number of votes that win but there may be other criteria to weight against.' Provide only the simplified text as the response.",simplification
678,"Simplify the following text to improve its readability, ensuring its core meaning remains intact: 'the city centre lies near the river and features a large triumphal arch dedicated to bokassa the presidential palace and the central market.' Provide only the simplified text as the response.",simplification
679,"Simplify the following text to improve its readability, ensuring its core meaning remains intact: 'it is located on open land six kilometers west of nelspruit south africa the capital of the mpumalanga province.' Provide only the simplified text as the response.",simplification
680,"Simplify the following text to improve its readability, ensuring its core meaning remains intact: 'in his father brought home a great piece of news and while young john lubbock initially thought that it might be a new pony and was disappointed that the news was just that charles darwin was moving to down house in the village he was soon a frequent visitor to down house and became the closest of darwin s younger friends.' Provide only the simplified text as the response.",simplification
681,"Simplify the following text to improve its readability, ensuring its core meaning remains intact: 'the mandolin is the soprano member of the mandolin family as the violin is the soprano member of the violin family.' Provide only the simplified text as the response.",simplification
682,"Simplify the following text to improve its readability, ensuring its core meaning remains intact: 'in the sixteenth century it became a protestant city.' Provide only the simplified text as the response.",simplification
683,"Simplify the following text to improve its readability, ensuring its core meaning remains intact: 'even when constantine dedicated the new capital of constantinople which became the seat of byzantine christianity for a millennium he did so wearing the apollonian sun rayed diadem.' Provide only the simplified text as the response.",simplification
684,"Simplify the following text to improve its readability, ensuring its core meaning remains intact: 'jean pierre papin lrb born november in boulogne sur mer rrb is a former french professional football player who was european footballer of the year in.' Provide only the simplified text as the response.",simplification
685,"Simplify the following text to improve its readability, ensuring its core meaning remains intact: 'minister of the interior and health lars l kke rasmussen served as interior and health minister between and until he was appointed minister of finance in.' Provide only the simplified text as the response.",simplification
686,"Simplify the following text to improve its readability, ensuring its core meaning remains intact: 'sayeeda hussain warsi baroness warsi lrb born march rrb is a british lawyer and politician.' Provide only the simplified text as the response.",simplification
687,"Simplify the following text to improve its readability, ensuring its core meaning remains intact: 'yoda tells luke that although he requires no further training he will not truly be a jedi until he confronts his father.' Provide only the simplified text as the response.",simplification
688,"Simplify the following text to improve its readability, ensuring its core meaning remains intact: 'notre dame de monts is a commune in the vend e department in the pays de la loire region in western france.' Provide only the simplified text as the response.",simplification
689,"Simplify the following text to improve its readability, ensuring its core meaning remains intact: 'bellengreville is a commune in the calvados department in the basse normandie region in northwestern france.' Provide only the simplified text as the response.",simplification
690,"Simplify the following text to improve its readability, ensuring its core meaning remains intact: 'once in every game each king is allowed to make a special move known as castling.' Provide only the simplified text as the response.",simplification
691,"Simplify the following text to improve its readability, ensuring its core meaning remains intact: 'power over ethernet or poe technology describes a system to pass electrical power safely along with data on ethernet cabling.' Provide only the simplified text as the response.",simplification
692,"Simplify the following text to improve its readability, ensuring its core meaning remains intact: 'the municipality is bordered to the southwest by grimstad to the northwest by froland and to the northeast by tvedestrand.' Provide only the simplified text as the response.",simplification
693,"Simplify the following text to improve its readability, ensuring its core meaning remains intact: 'the revolution series opened in to build on well attended events such as the world championships and world cup meetings and provide more regular events.' Provide only the simplified text as the response.",simplification
694,"Simplify the following text to improve its readability, ensuring its core meaning remains intact: 'titusville could have been called riceville but titus challenged capt. clark rice to a game of dominoes to decide the name.' Provide only the simplified text as the response.",simplification
695,"Simplify the following text to improve its readability, ensuring its core meaning remains intact: 'originally the group s musical style was largely composed of short simple songs which would evolve over the years into heavily hardcore influenced crossover thrash with gwar s musical experimentation becoming present in scumdogs of the universe america must be destroyed and this toilet earth.' Provide only the simplified text as the response.",simplification
696,"Simplify the following text to improve its readability, ensuring its core meaning remains intact: 'she transitioned to a film career starring in several films aimed at teenage audiences including she s the man lrb o o rrb and hairspray lrb o o rrb.' Provide only the simplified text as the response.",simplification
697,"Simplify the following text to improve its readability, ensuring its core meaning remains intact: 'haseena atom bomb is a cult pakistani film directed by saeed ali khan.' Provide only the simplified text as the response.",simplification
698,"Simplify the following text to improve its readability, ensuring its core meaning remains intact: 'it is closed several times a year to prevent water damage to london s low lying areas upstream lrb as in the thames flood for example rrb.' Provide only the simplified text as the response.",simplification
699,"Simplify the following text to improve its readability, ensuring its core meaning remains intact: 'from chongqing became a municipality of the republic of china.' Provide only the simplified text as the response.",simplification
700,"Simplify the following text to improve its readability, ensuring its core meaning remains intact: 'a drive shaft connecting the gearbox to a rear differential is called a propeller shaft or prop shaft.' Provide only the simplified text as the response.",simplification
701,"Simplify the following text to improve its readability, ensuring its core meaning remains intact: 'established in in response to increasing attempts to silence voices of dissent by imprisoning writers the writers in prison committee monitors the cases of over writers who have been imprisoned tortured threatened attacked made to disappear and killed for the peaceful practice of their profession.' Provide only the simplified text as the response.",simplification
702,"Simplify the following text to improve its readability, ensuring its core meaning remains intact: 'miguel de cervantes saavedra lrb september april rrb was a spanish novelist poet and playwright.' Provide only the simplified text as the response.",simplification
703,"Simplify the following text to improve its readability, ensuring its core meaning remains intact: 'he then released a cover version of leo sayer s when i need you as a single which reached number in the uk singles chart as well as a follow up single called no matter what i do which reached number.' Provide only the simplified text as the response.",simplification
704,"Simplify the following text to improve its readability, ensuring its core meaning remains intact: 'this list of u.s. state slogans makes up the advertising slogans currently and formerly used by u.s. states.' Provide only the simplified text as the response.",simplification
705,"Simplify the following text to improve its readability, ensuring its core meaning remains intact: 'he is the simpson family s pet greyhound.' Provide only the simplified text as the response.",simplification
706,"Simplify the following text to improve its readability, ensuring its core meaning remains intact: 'mohamed abdullah zidan lrb born december in port said rrb is an egyptian footballer.' Provide only the simplified text as the response.",simplification
707,"Simplify the following text to improve its readability, ensuring its core meaning remains intact: 'he was called to work in padua and also in rimini where today only a crucifix remains in the church of st. francis painted before.' Provide only the simplified text as the response.",simplification
708,"Simplify the following text to improve its readability, ensuring its core meaning remains intact: 'a person who studies bryophyta is called a bryologist.' Provide only the simplified text as the response.",simplification
709,"Simplify the following text to improve its readability, ensuring its core meaning remains intact: 'dixon s career began in when she met sabrina washington when they both joined a dance school in fulham west london.' Provide only the simplified text as the response.",simplification
710,"Simplify the following text to improve its readability, ensuring its core meaning remains intact: 'there were also joint railways between the big four and a few light railways to consider see list of constituents of british railways. excluded from nationalisation were industrial lines like the oxfordshire ironstone railway narrow gauge railways like the ffestiniog railway were also excluded apart from two which were already owned by a company which was itself to be nationalised.' Provide only the simplified text as the response.",simplification
711,"Simplify the following text to improve its readability, ensuring its core meaning remains intact: 'dorothy marie dottie metcalf lindenburger was born on may in colorado springs colorado and married jason metcalf lindenburger a seventh grade teacher at the time in.' Provide only the simplified text as the response.",simplification
712,"Simplify the following text to improve its readability, ensuring its core meaning remains intact: 'it is one of the best preserved of all roman buildings.' Provide only the simplified text as the response.",simplification
713,"Simplify the following text to improve its readability, ensuring its core meaning remains intact: 'viewer s choice serviced both home satellite dish and cable customers while request tv though broadcasting to cable viewers would not become available to dish owners until the s.' Provide only the simplified text as the response.",simplification
714,"Simplify the following text to improve its readability, ensuring its core meaning remains intact: 'the series is played between the winners of western conference finals and eastern conference finals.' Provide only the simplified text as the response.",simplification
715,"Simplify the following text to improve its readability, ensuring its core meaning remains intact: 'destiny fulfilled is the fourth and final studio album by american r b trio destiny s child released by columbia records on november in north america.' Provide only the simplified text as the response.",simplification
716,"Simplify the following text to improve its readability, ensuring its core meaning remains intact: 'during the first boer war the city was besieged by republican forces in december and march.' Provide only the simplified text as the response.",simplification
717,"Simplify the following text to improve its readability, ensuring its core meaning remains intact: 'blake has been awarded honorary degrees including an honorary degree by cambridge university in and honorary doctorates from the institute of education loughborough university the open university and anglia ruskin university in.' Provide only the simplified text as the response.",simplification
718,"Simplify the following text to improve its readability, ensuring its core meaning remains intact: 'the international hydrographic organization lrb iho rrb recognizes it as an ocean although some oceanographers call it the arctic mediterranean sea or simply the arctic sea classifying it as one of the mediterranean seas of the atlantic ocean. alternatively the arctic ocean can be seen as the northernmost part of the all encompassing world ocean.' Provide only the simplified text as the response.",simplification
719,"Simplify the following text to improve its readability, ensuring its core meaning remains intact: 'sir stanley matthews cbe lrb february february rrb was an english footballer.' Provide only the simplified text as the response.",simplification
720,"Simplify the following text to improve its readability, ensuring its core meaning remains intact: 'today this fragmented relic range extends from india in the west to china and southeast asia in the east.' Provide only the simplified text as the response.",simplification
721,"Simplify the following text to improve its readability, ensuring its core meaning remains intact: 'in the th century during the great movement termed the carolingian renaissance these annals became the usual form of contemporary history it suffices to mention the royal frankish annals the annales fuldenses the annales bertiniani the annales laureshamenses lrb or of lorsch rrb officially compiled in order to preserve the memory of the more interesting acts of charlemagne his ancestors and his successors.' Provide only the simplified text as the response.",simplification
722,"Simplify the following text to improve its readability, ensuring its core meaning remains intact: 'a clipper was a very fast sailing ship of the th century that had three or more masts and a square rig.' Provide only the simplified text as the response.",simplification
723,"Simplify the following text to improve its readability, ensuring its core meaning remains intact: 'note that the city of zhytomyr is not a part of the zhytomyr raion the city itself is designated as its own separate raion within the oblast moreover zhytomyr consists of two so called raions in a city the bohunskyi raion and the koroliovskyi raion lrb named in honor of sergei koroliov rrb.' Provide only the simplified text as the response.",simplification
724,"Simplify the following text to improve its readability, ensuring its core meaning remains intact: 'ndash miners are killed when a coal mine fire in the donbass region of ukraine releases toxic gas.' Provide only the simplified text as the response.",simplification
725,"Simplify the following text to improve its readability, ensuring its core meaning remains intact: 'displacement can also be very small as found in kei cars sold in japan such as the subaru en series engines that started out at cc and are currently at cc with variable valve timing dohc and superchargers resulting in engines that produce p.' Provide only the simplified text as the response.",simplification
726,"Simplify the following text to improve its readability, ensuring its core meaning remains intact: 'on december hazel died from internal bleeding and liver failure.' Provide only the simplified text as the response.",simplification
727,"Simplify the following text to improve its readability, ensuring its core meaning remains intact: 'in october the gazette embarked on their first european tour performing in england finland france and germany.' Provide only the simplified text as the response.",simplification
